Experiment,Source quality,Daily equal-vol scale,Observations,Years,CAGR,Log growth,Volatility,Sharpe,Max drawdown,Worst day,Skew,CAGR uplift vs baseline,Mean daily PnL difference,Stdev daily PnL difference,Daily t-stat requested formula,Daily Newey-West t-stat 5 lags,Daily Newey-West t-stat 20 lags,Weekly t-stat from same daily P&Ls,Category,Hypothesis,Daily full-search max-t adjusted p
Combined: QQQ 100% + styles 15% + fast 4/26,Direct daily source P&L,1.0448208689892513,4719,18.726190476190474,0.4237418580108787,0.3532885170699295,0.3249869993526077,1.2099328543702688,-0.3914263898691255,-0.11302739951444225,-0.36035605138963583,0.06600963542431626,0.00018833252618219028,0.004188387992240305,3.088896912946201,2.9220464354063385,2.928808007014874,2.9669373264982655,Combined candidate,,0.14247669773635152
Combined: QQQ 75% + styles 15% + fast 4/26,Direct daily source P&L,1.0474267009060725,4719,18.726190476190474,0.4064620664605789,0.34107737841740304,0.3249845073001962,1.1724035130738057,-0.4066738082218553,-0.1206133130959652,-0.3984958060900691,0.048729843874016465,0.0001399315899863549,0.003333142903546817,2.883944004598059,2.701988707483443,2.627652291326196,2.799274776110925,Combined candidate,,0.2010652463382157
Combined: QQQ 100% + styles 20% + fast 4/26,Direct daily source P&L,1.0509651302867293,4719,18.726190476190474,0.4312319567223575,0.35853558158408005,0.3249871316525756,1.2261243008165503,-0.3959793567421587,-0.11461992386088785,-0.3713855229778532,0.07349973413579503,0.00020921435195616413,0.005647309176356786,2.5449244679921703,2.385501815718612,2.3514239209198835,2.4651620876798073,Combined candidate,,0.33422103861517977
Combined: QQQ share 100% + fast 4/26 vol,Direct daily source P&L,1.0396338427821086,4719,18.726190476190474,0.40863033874699894,0.34261784132454576,0.32498709765378203,1.1770326714840789,-0.44229366972391015,-0.11096361913491568,-0.3489487540170725,0.05089811616043649,0.00014590173476150873,0.003973882297381945,2.5221472874615225,2.432357273363399,2.3829930767525522,2.44570072417792,Combined candidate,,0.340878828229028
Combined: QQQ 75% + gold-only static commodities + fast 4/26,Direct daily source P&L,1.031225115550471,4719,18.726190476190474,0.3967004343844418,0.3341126223372312,0.3249844931840723,1.150916611885383,-0.44299225524166197,-0.11949801411873254,-0.3848079714603537,0.03896821179787935,0.0001122203086917625,0.0030692875030910354,2.5116485917312033,2.4305721486317498,2.4146880308909844,2.3543425659217796,Combined candidate,,0.34753661784287615
Combined: QQQ 75% + remove Silver + fast 4/26,Direct daily source P&L,1.0338243062948125,4719,18.726190476190474,0.39434865877203595,0.33242739496179197,0.32498444538378884,1.1457282552363086,-0.4375833714577355,-0.11879171374024747,-0.3868116507487155,0.0366164361854735,0.00010552897571180495,0.002890277957518027,2.5081707605904517,2.417865757204327,2.4028757091245923,2.3705418066906203,Combined candidate,,0.3488681757656458
Combined: QQQ share 75% + fast 4/26 vol,Direct daily source P&L,1.0417542401916728,4719,18.726190476190474,0.3916528197804878,0.3304921197268766,0.32498479775108524,1.1397714214276577,-0.4319782366023023,-0.11900901819268382,-0.3886217774421534,0.03392059719392537,9.78465511569975e-05,0.0027238624802063526,2.46766006956151,2.369841720766251,2.355621604720247,2.4373931998428673,Combined candidate,,0.36617842876165113
Combined: moderated grid-inspired static + fast 4/26,Direct daily source P&L,1.026572086571428,4719,18.726190476190474,0.4028200012107499,0.3384844972452224,0.3249850843077201,1.1643730056889476,-0.43640840415791693,-0.10702294937278918,-0.3789052359341002,0.04508777862418745,0.0001295747848273119,0.004154723400067623,2.1424138585589714,2.077661867194669,2.0651263090239387,1.938802634175575,Combined candidate,,0.5752330226364847
Static: QQQ share of equity 75%,Direct daily source P&L,1.0410549808214336,4719,18.726190476190474,0.3698636449878574,0.3147112056807299,0.32498286506541124,1.0912337991586512,-0.4527585279034966,-0.11165748191021575,-0.42120960083043113,0.012131422401294945,3.524842719895274e-05,0.0011431259058894431,2.11821805268391,2.1297557420407673,2.080540871821881,2.0156138753051254,Static risk budgets,Change the QQQ versus broad-US mix while holding total direct-equity risk fixed.,0.59254327563249
Combined: QQQ 75% + styles 20% + fast 4/26,Direct daily source P&L,1.0540282319734349,4719,18.726190476190474,0.4144084592454593,0.346711393684728,0.3249844596139572,1.1897726167847935,-0.410874653925547,-0.12168209069385359,-0.4035928309176389,0.05667623665889687,0.00016233221977235104,0.00527522497535356,2.113920887771334,1.975884417354919,1.879282401005668,2.085416521024302,Combined candidate,,0.59254327563249
"Vol forecast: fast 4w, slow 52w, floor 2%",Direct daily source P&L,1.049105940065873,4719,18.726190476190474,0.382091885951652,0.3235982107992743,0.32498337016582424,1.1186374777201071,-0.4198812612725086,-0.1256523787313389,-0.4327346560078008,0.024359663365089546,7.059047296273548e-05,0.0022986086133530976,2.109628824050773,2.035198430467748,1.988955549676693,2.15260035106086,Volatility targeting,Change the speed and floor of the no-lookahead volatility estimator.,0.596537949400799
"Vol forecast: fast 4w, slow 52w, floor 1%",Direct daily source P&L,1.049105940065873,4719,18.726190476190474,0.382091885951652,0.3235982107992743,0.32498337016582424,1.1186374777201071,-0.4198812612725086,-0.1256523787313389,-0.4327346560078008,0.024359663365089546,7.059047296273548e-05,0.0022986086133530976,2.109628824050773,2.035198430467748,1.988955549676693,2.15260035106086,Volatility targeting,Change the speed and floor of the no-lookahead volatility estimator.,0.596537949400799
Static grid candidate 272,Direct daily source P&L,1.0468840765056606,4719,18.726190476190474,0.4010569288436747,0.33722690096448454,0.3249843504282716,1.1605877450295297,-0.44191310352770774,-0.12184089882809446,-0.41409853640491157,0.043324706257112267,0.00012469300024671307,0.004281917773218725,2.000454786890091,2.06275942823788,2.0265906507224063,2.0481905978433232,Static grid search,,0.681757656458056
"Vol forecast: fast 4w, slow 104w, floor 2%",Direct daily source P&L,1.0531999018582165,4719,18.726190476190474,0.3815687851997045,0.32321965436964073,0.32498339924614567,1.1175283314308762,-0.4281965263044196,-0.12725263660007197,-0.4572259491157342,0.023836562613142043,6.916002635956072e-05,0.002448796455539109,1.940114899008654,1.8693842749937712,1.851713718291812,2.0071115322836848,Volatility targeting,Change the speed and floor of the no-lookahead volatility estimator.,0.7137150466045273
"Vol forecast: fast 4w, slow 104w, floor 1%",Direct daily source P&L,1.0531999018582165,4719,18.726190476190474,0.3815687851997045,0.32321965436964073,0.32498339924614567,1.1175283314308762,-0.4281965263044196,-0.12725263660007197,-0.4572259491157342,0.023836562613142043,6.916002635956072e-05,0.002448796455539109,1.940114899008654,1.8693842749937712,1.851713718291812,2.0071115322836848,Volatility targeting,Change the speed and floor of the no-lookahead volatility estimator.,0.7137150466045273
Static: QQQ share of equity 100%,Direct daily source P&L,1.0359980274673037,4719,18.726190476190474,0.3871169191127479,0.3272274341842404,0.32498536089356195,1.129689850975602,-0.4301643242560902,-0.10911914882204356,-0.3796679522136332,0.029384696526185472,8.484452577240149e-05,0.0030382527646443586,1.9183370447925965,1.9290289452630673,1.8757720354738487,1.8153856979605247,Static risk budgets,Change the QQQ versus broad-US mix while holding total direct-equity risk fixed.,0.7363515312916112
Static grid candidate 007,Direct daily source P&L,1.0435612163445123,4719,18.726190476190474,0.3825236272450372,0.32391054449980794,0.32498282192570943,1.1195643340233532,-0.43408705208876197,-0.1141495597271999,-0.4177924989337362,0.024791404658474736,7.178582335382717e-05,0.002700028973098394,1.8263972734631249,1.8044707648796776,1.7907066817459254,1.7579890033315357,Static grid search,,0.7909454061251664
"Vol forecast: fast 4w, slow 26w, floor 2%",Direct daily source P&L,1.0435366104452435,4719,18.726190476190474,0.379100644866013,0.3214315800972141,0.32498358200771826,1.1119381819353742,-0.425064888050356,-0.12310191450568038,-0.421179927207183,0.021368422279450572,6.19505081609971e-05,0.0024234798971407507,1.756023971619491,1.7145621025964275,1.7011746774200507,1.7953465800475013,Volatility targeting,Change the speed and floor of the no-lookahead volatility estimator.,0.8362183754993342
"Vol forecast: fast 4w, slow 26w, floor 1%",Direct daily source P&L,1.0435366104452435,4719,18.726190476190474,0.379100644866013,0.3214315800972141,0.32498358200771826,1.1119381819353742,-0.425064888050356,-0.12310191450568038,-0.421179927207183,0.021368422279450572,6.19505081609971e-05,0.0024234798971407507,1.756023971619491,1.7145621025964275,1.7011746774200507,1.7953465800475013,Volatility targeting,Change the speed and floor of the no-lookahead volatility estimator.,0.8362183754993342
Combined: QQQ 75% + rates 16% + fast 4/26,Direct daily source P&L,1.0400260447809475,4719,18.726190476190474,0.3883442672762958,0.32811186250885266,0.32498417835942556,1.1323614321479327,-0.4749867383608254,-0.10755043017399617,-0.35431707509451466,0.03061204468973333,8.829001736370091e-05,0.003632698187494504,1.6695801538763997,1.6820167508497417,1.693036132706052,1.665247199241663,Combined candidate,,0.8748335552596538
Static grid candidate 466,Direct daily source P&L,1.0471775450224685,4719,18.726190476190474,0.3856984769914851,0.3262043280322877,0.32498527042642766,1.1267835454542234,-0.44461982879782314,-0.11930239886496109,-0.47977034921991324,0.02796625440492262,8.109631428649642e-05,0.003661690387963755,1.5214037600435093,1.58048579845588,1.5541487085803558,1.6002112315225936,Static grid search,,0.9360852197070573
Static grid candidate 171,Direct daily source P&L,1.0357280414867716,4719,18.726190476190474,0.3800395438658837,0.32211215373384505,0.32498492137190893,1.1141134632271632,-0.44882544395102464,-0.12262069501001564,-0.45255670808931114,0.022307321279321224,6.475593046191491e-05,0.0030165528928788867,1.4746657444035514,1.4725173725070086,1.5284907645516363,1.3939868554177324,Static grid search,,0.9467376830892144
"Vol forecast: fast 4w, slow 104w, floor 4%",Direct daily source P&L,1.0507728505330283,4719,18.726190476190474,0.3757543970172901,0.31900223304005965,0.3249837183613094,1.1045824281139325,-0.43108443408920216,-0.12829453971745622,-0.47734737439440744,0.018022174430727622,5.246392089128049e-05,0.0024470193379159417,1.4728154512932448,1.4335855856462618,1.4434592926473535,1.532388698447228,Volatility targeting,Change the speed and floor of the no-lookahead volatility estimator.,0.9467376830892144
"Vol forecast: fast 8w, slow 104w, floor 2%",Direct daily source P&L,1.0516239053216,4719,18.726190476190474,0.36711442758991275,0.3127022613270206,0.32498219898837144,1.085157929277875,-0.46664948814324003,-0.11971318396371547,-0.46899986564145185,0.009382205003350297,2.741248390033309e-05,0.0013042100488387452,1.4438624971893796,1.41057776566054,1.4512825232665485,1.598177026103461,Volatility targeting,Change the speed and floor of the no-lookahead volatility estimator.,0.952063914780293
"Vol forecast: fast 8w, slow 104w, floor 1%",Direct daily source P&L,1.0516239053216,4719,18.726190476190474,0.36711442758991275,0.3127022613270206,0.32498219898837144,1.085157929277875,-0.46664948814324003,-0.11971318396371547,-0.46899986564145185,0.009382205003350297,2.741248390033309e-05,0.0013042100488387452,1.4438624971893796,1.41057776566054,1.4512825232665485,1.598177026103461,Volatility targeting,Change the speed and floor of the no-lookahead volatility estimator.,0.952063914780293
Static: QQQ-trend barbell,Direct daily source P&L,1.0594749970113246,4719,18.726190476190474,0.39800094992967394,0.33504332330328646,0.3249844434944306,1.1537587265174636,-0.4274099309903626,-0.11883689873421235,-0.37145425833021345,0.04026872734311149,0.00011588573430853216,0.005644288077066096,1.4104113500413047,1.4280095292822366,1.434269205352656,1.471821812231572,Alternative allocation,Pre-specified multi-sleeve composition hypothesis.,0.9587217043941412
Static grid candidate 121,Direct daily source P&L,1.0478158624121883,4719,18.726190476190474,0.39281335920196714,0.3313257010412699,0.3249844761906319,1.1424986849043715,-0.4500810573744324,-0.11880131885189149,-0.45251212069772917,0.035081136615404684,0.00010136385524402867,0.005124353777349231,1.3588421304900462,1.3113328282036676,1.287284227876742,1.3371376756090356,Static grid search,,0.9720372836218375
Combined: sampled-grid winner + fast 4/26,Direct daily source P&L,1.0245944851058997,4719,18.726190476190474,0.39804963239127367,0.33507814560722665,0.32498577184474875,1.153976422015709,-0.42140675927175586,-0.11500348270459634,-0.41981999886348,0.04031740980471121,0.00011616649239158731,0.005888784466527338,1.3551276468837348,1.2961379058376172,1.2809689289866635,1.1721370341185362,Combined candidate,,0.9733688415446072
"Vol forecast: fast 8w, slow 52w, floor 1%",Direct daily source P&L,1.047889506838358,4719,18.726190476190474,0.36404084174186147,0.31045150159899687,0.32498236353105864,1.0781923437861956,-0.4565719384826652,-0.11738924229506051,-0.45498657671789716,0.006308619155299011,1.842908991304822e-05,0.0009677418954628337,1.3081855107727052,1.2835936717897374,1.2528542173289208,1.3909480375649905,Volatility targeting,Change the speed and floor of the no-lookahead volatility estimator.,0.9786950732356857
"Vol forecast: fast 8w, slow 52w, floor 2%",Direct daily source P&L,1.047889506838358,4719,18.726190476190474,0.36404084174186147,0.31045150159899687,0.32498236353105864,1.0781923437861956,-0.4565719384826652,-0.11738924229506051,-0.45498657671789716,0.006308619155299011,1.842908991304822e-05,0.0009677418954628337,1.3081855107727052,1.2835936717897374,1.2528542173289208,1.3909480375649905,Volatility targeting,Change the speed and floor of the no-lookahead volatility estimator.,0.9786950732356857
"Vol forecast: fast 4w, slow 52w, floor 4%",Direct daily source P&L,1.0474637715561126,4719,18.726190476190474,0.37330448232101654,0.3172198664539769,0.32498416529099555,1.0990757734875347,-0.427053715061379,-0.1282439149348102,-0.469794437610914,0.015572259734454086,4.5362084567553214e-05,0.002416227387437634,1.2896747287959742,1.2583741250640437,1.2645334968482647,1.3145584812796218,Volatility targeting,Change the speed and floor of the no-lookahead volatility estimator.,0.9786950732356857
Static grid candidate 032,Direct daily source P&L,1.0294188333933663,4719,18.726190476190474,0.3810975748759935,0.3228785271636273,0.32498077211466014,1.116346167647551,-0.42273427894000193,-0.10741153109229602,-0.40190376628975877,0.02336535228943104,6.76354103691616e-05,0.0037779196394034467,1.2298337364509464,1.1627169371528987,1.1896237625853165,1.0393606718569737,Static grid search,,0.9920106524633822
Static: remove Broad_US,Direct daily source P&L,1.0609065677870304,4719,18.726190476190474,0.3981399802308072,0.3351427677195158,0.3249841893971223,1.1540341301646133,-0.4562365538411486,-0.13212629868475986,-0.353443240209015,0.04040775764424476,0.00011624091758362648,0.0068505748351915694,1.1656200342545195,1.1964569931071152,1.2048165378203541,1.2334444155963358,Leave-one-out,Remove Broad_US and redistribute its allocation pro rata.,0.9933422103861518
"Vol forecast: fast 8w, slow 104w, floor 4%",Direct daily source P&L,1.0508127324296197,4719,18.726190476190474,0.3655809817060143,0.31157996570663377,0.3249819265351485,1.0817189123418487,-0.4687730992627498,-0.12040206603748323,-0.477148964589889,0.00784875911945182,2.297724380426771e-05,0.0013886698891907663,1.1366425307527994,1.1087202826557105,1.1567304079076657,1.2459616238475906,Volatility targeting,Change the speed and floor of the no-lookahead volatility estimator.,0.9933422103861518
Static grid candidate 260,Direct daily source P&L,1.0385242896174334,4719,18.726190476190474,0.38971513459823437,0.3290987870017448,0.3249822247290066,1.1355185285043048,-0.4402993597467205,-0.11030902457928796,-0.4041357287657148,0.031982912011671916,9.23616694106099e-05,0.005593682795180431,1.1342764827574154,1.0787946159340092,1.0774434605216934,1.0419329617094215,Static grid search,,0.9933422103861518
"Vol forecast: fast 4w, slow 26w, floor 4%",Direct daily source P&L,1.0464539954766,4719,18.726190476190474,0.37104938040312385,0.31557641773105904,0.3249841933012287,1.0940243244768337,-0.42944096206406246,-0.128029146296314,-0.4740649450280131,0.013317157816561398,3.884731897835561e-05,0.0024074561776378568,1.108479459223682,1.0865628207668019,1.09621078179542,1.1333534516768775,Volatility targeting,Change the speed and floor of the no-lookahead volatility estimator.,0.9933422103861518
Static grid candidate 183,Direct daily source P&L,1.0739789428287858,4719,18.726190476190474,0.4010436763663736,0.3372174420055338,0.3249839892666492,1.1606045646685406,-0.46377023066159484,-0.118212383537786,-0.42941529396858913,0.04331145377981116,0.00012471469224146912,0.007755129591912679,1.1047233880580885,1.1004534590795967,1.0608173519705228,1.228763815455978,Static grid search,,0.9933422103861518
Grid winner: maximum worst-subperiod growth,Direct daily source P&L,1.0739838598424516,4719,18.726190476190474,0.4010378230292879,0.33721326415625513,0.3249839901392155,1.1605918179131767,-0.4637719380429989,-0.11821292566695152,-0.4294729940475629,0.04330560044272547,0.00012469825297363888,0.007755139437338607,1.1045763666378878,1.1002944306450266,1.0606649543611244,1.2286275628576027,Data-mined static grid,Best candidate from the constrained static grid under the named objective; biased upward by selection.,0.9933422103861518
"Vol forecast: fast 13w, slow 104w, floor 1%",Direct daily source P&L,1.0483715135762939,4719,18.726190476190474,0.36251353853720825,0.3093311840469653,0.32498143802338125,1.0747560421152706,-0.47214853664449963,-0.11529990017716077,-0.4612898308824348,0.0047813159506457925,1.3997351646973774e-05,0.0008823392089784281,1.0897710919067132,1.06623470807712,1.0339360716258497,1.290344145732323,Volatility targeting,Change the speed and floor of the no-lookahead volatility estimator.,0.9933422103861518
"Vol forecast: fast 13w, slow 104w, floor 2%",Direct daily source P&L,1.0483715135762939,4719,18.726190476190474,0.36251353853720825,0.3093311840469653,0.32498143802338125,1.0747560421152706,-0.47214853664449963,-0.11529990017716077,-0.4612898308824348,0.0047813159506457925,1.3997351646973774e-05,0.0008823392089784281,1.0897710919067132,1.06623470807712,1.0339360716258497,1.290344145732323,Volatility targeting,Change the speed and floor of the no-lookahead volatility estimator.,0.9933422103861518
Static grid candidate 202,Direct daily source P&L,1.0286289019918915,4719,18.726190476190474,0.38794686088936037,0.32782557668989204,0.32498138842038127,1.1319995361912283,-0.424891850943553,-0.1750441647689994,-0.5376131683683648,0.030214638302797914,8.782328646715789e-05,0.005833117492931895,1.0342700515654282,1.012698851593078,1.0728677075536361,0.9791618306000877,Static grid search,,0.9946737683089214
Static grid candidate 307,Direct daily source P&L,1.0636139439976182,4719,18.726190476190474,0.39212238431385926,0.3308294778132153,0.3249820081967644,1.140865211374779,-0.4607413907129785,-0.11992013438444743,-0.4041257968075391,0.03439016172729681,9.925719295388017e-05,0.006646812867689057,1.0258255829203904,1.0525513218486147,1.0211350296200399,1.1306844155968703,Static grid search,,0.9946737683089214
"High-vol equity cut: 13w, q70%, cut 25%",Direct daily source P&L,1.0585633042209206,4719,18.726190476190474,0.37971579720807824,0.32187753390760765,0.324980746442936,1.1134344477997413,-0.4851387640517669,-0.12014993532420733,-0.4722851613158767,0.02198357462151579,6.388021612099436e-05,0.004336543248285077,1.0119235042050845,1.0545574006531495,1.0643209777566727,1.152763715386013,Regime allocation,Reduce direct equity during unusually high realized-volatility regimes.,0.996005326231691
"Vol forecast: fast 13w, slow 104w, floor 4%",Direct daily source P&L,1.0480519134402677,4719,18.726190476190474,0.3626218607098646,0.30941068260894034,0.32498108587394864,1.0750142186808702,-0.4741367143252474,-0.11591812648757352,-0.467551129244073,0.00488963812330212,1.433031745578348e-05,0.0010201333822431858,0.964992283598189,0.9368356031996062,0.9266853852563697,1.0822219609158064,Volatility targeting,Change the speed and floor of the no-lookahead volatility estimator.,0.9986684420772304
Static: equity total 35%,Direct daily source P&L,1.0543578743722333,4719,18.726190476190474,0.37069059473618693,0.31531469658154165,0.3249810024014545,1.0931037663669472,-0.46711360517533973,-0.10884674108526717,-0.42321910823995895,0.012958372149624475,3.7660091257271754e-05,0.0026912082705977413,0.9613002338010003,0.9728173060918214,0.9667445786819184,1.0637255137360226,Static risk budgets,Change total direct-equity risk while rescaling all other sleeves pro rata.,0.9986684420772304
Static: styles total 15%,Direct daily source P&L,1.0494621062473566,4719,18.726190476190474,0.3684619071666646,0.3136874136465609,0.3249811434974285,1.0881847442546835,-0.4649627105776528,-0.11608638556383473,-0.4645530624056868,0.01072968458010215,3.1316114326772485e-05,0.002343701333541924,0.9178899006386233,0.869886043880964,0.8241271177545186,0.95195505052687,Static risk budgets,Change the market-neutral style allocation and rescale all other sleeves pro rata.,1.0
Static: remove corn and silver,Direct daily source P&L,1.0337429996187912,4719,18.726190476190474,0.36363278850039626,0.3101523065340268,0.324980663241557,1.0772365884449753,-0.44774403774000837,-0.11224790445019817,-0.4399407786378423,0.005900565913833811,1.7196468937267902e-05,0.0013256389546096234,0.8911257857296564,0.8810952279091205,0.8914916162601966,0.5962926828643141,Simplification,Use gold as the only static commodity holding.,1.0
Static grid candidate 225,Direct daily source P&L,1.0620219331579286,4719,18.726190476190474,0.3896359546553616,0.329041809714348,0.32498600321183235,1.1354910958755813,-0.4674038994195664,-0.15265645497575367,-0.4580671908186771,0.03190373206879915,9.232629002832739e-05,0.0073180648772256975,0.866670706955444,0.8499748513755845,0.8251466753388438,0.9269003800249187,Static grid search,,1.0
Static grid candidate 221,Direct daily source P&L,1.056759922640993,4719,18.726190476190474,0.38898306835573204,0.32857187388922243,0.32498176366045073,1.1337619778579033,-0.44278823421894875,-0.1380982310982997,-0.34041569666478944,0.03125084576916959,9.009627671187755e-05,0.0072464136525041455,0.8540999785291401,0.8796709233228968,0.8895445074158568,0.901448310008453,Static grid search,,1.0
Static grid candidate 417,Direct daily source P&L,1.0467976628150637,4719,18.726190476190474,0.3996791400786408,0.3362430246960525,0.3249823333927292,1.1579623795451828,-0.4479771377101788,-0.1923106305378948,-0.5300715215788151,0.04194691749207835,0.00012130711222126498,0.009828134336549036,0.8478912800526727,0.8493899844504252,0.8600603434406755,0.8791923124484339,Static grid search,,1.0
Static grid candidate 046,Direct daily source P&L,1.0481419382655808,4719,18.726190476190474,0.38578456634022285,0.32626645314539104,0.32498624818607963,1.127269297796866,-0.45429710442352855,-0.1848873800722697,-0.5503582175150286,0.02805234375366039,8.172278060141264e-05,0.006754288752478572,0.8311673989378969,0.8875736835928213,0.9089102672351931,0.9311185540740364,Static grid search,,1.0
"Static: commodities 4%, gold only",Direct daily source P&L,1.0335867667117846,4719,18.726190476190474,0.3633437436437008,0.3099403172819218,0.32498061204617135,1.0765847729859956,-0.4474140727687005,-0.11231325888389854,-0.4404772362790765,0.005611521057138358,1.6355833920726698e-05,0.0013543326783000398,0.8296068381648459,0.8130830090671701,0.8211093703311542,0.5357723561054534,Static risk budgets,Change static commodity beta and its mix.,1.0
Static grid candidate 452,Direct daily source P&L,1.0305179314218869,4719,18.726190476190474,0.3895817095223697,0.3290027734533902,0.324980477791313,1.1355472403160918,-0.4284512754609855,-0.176954147113318,-0.4968319124228788,0.03184948693580725,9.239869853295384e-05,0.0076548341157867145,0.8291919152410939,0.8281736574991785,0.8764054032552728,0.7858973699659205,Static grid search,,1.0
Static grid candidate 023,Direct daily source P&L,1.060746468949684,4719,18.726190476190474,0.38377171763109086,0.32481289968256416,0.32498520930527974,1.1222990261755892,-0.4356245389210981,-0.11392423371057067,-0.3930691751000011,0.026039495044528405,7.531270807397249e-05,0.006246410187139369,0.8282524951030245,0.8547594944338293,0.8820208460548858,0.9770646558275238,Static grid search,,1.0
"High-vol equity cut: 13w, q90%, cut 25%",Direct daily source P&L,1.0515830771645196,4719,18.726190476190474,0.3687874814796579,0.31392529793717644,0.32498213926008496,1.0888602158515408,-0.47945917294477447,-0.11324795390246281,-0.43989741932794846,0.011055258893095443,3.2187258251290804e-05,0.002682259854491147,0.8243433212421348,0.8612630047703863,0.8460115663356101,0.8887692796631583,Regime allocation,Reduce direct equity during unusually high realized-volatility regimes.,1.0
Static grid candidate 476,Direct daily source P&L,1.0723700327094925,4719,18.726190476190474,0.3971356972139646,0.3344242102847997,0.32498350388803404,1.1518202445951589,-0.45789142938943417,-0.1324763131111574,-0.3482328316093065,0.039403474627402124,0.000113385708019846,0.009483243546348727,0.8213464810717762,0.8448056980636551,0.8284448807862547,0.9263726913322681,Static grid search,,1.0
Static: remove Silver,Direct daily source P&L,1.0361113819445307,4719,18.726190476190474,0.3614379257351088,0.30854143953638113,0.324980717534555,1.0722818243929702,-0.4542397499173413,-0.11202000813168046,-0.44321174180453793,0.0037057031485463465,1.0806396251150085e-05,0.0009104330140934063,0.815375915690919,0.821876770186281,0.8206886469431797,0.5341409449682832,Leave-one-out,Remove Silver and redistribute its allocation pro rata.,1.0
Static grid candidate 284,Direct daily source P&L,1.0645591662140597,4719,18.726190476190474,0.3707168117370536,0.31533382325407205,0.3249818072006081,1.0932007473468448,-0.4674477212114133,-0.11601122051842044,-0.43929869430215895,0.012984589150491166,3.778516593372644e-05,0.003184061703740049,0.8152012691302778,0.8212031460966697,0.80176226644392,1.0004954076069859,Static grid search,,1.0
Static grid candidate 194,Direct daily source P&L,1.019298040701438,4719,18.726190476190474,0.3769194613808411,0.31984872956892807,0.32498436190720753,1.1075644254641228,-0.424223658436519,-0.1751506625375428,-0.5930270434690587,0.019187238794278638,5.630975080720023e-05,0.004786595923435579,0.8081311131685542,0.8354859598824405,0.8944482940147129,0.7433679111286475,Static grid search,,1.0
"High-vol equity cut: 26w, q80%, cut 25%",Direct daily source P&L,1.0555731519287594,4719,18.726190476190474,0.3736275313970998,0.3174550736421842,0.3249827213004051,1.0997920708642108,-0.48233503383195875,-0.11880286942664119,-0.4628562596110794,0.015895308810537356,4.628588078747308e-05,0.003943870592424712,0.806214982737504,0.8244081129590263,0.7947098532764668,0.9015500288610752,Regime allocation,Reduce direct equity during unusually high realized-volatility regimes.,1.0
Static grid candidate 492,Direct daily source P&L,1.0571343901008439,4719,18.726190476190474,0.3850221502193121,0.3257161324495475,0.32497970839439766,1.1250403631752088,-0.4565537997315994,-0.1302543357986311,-0.37508336227632744,0.027289927632749622,7.884816253776758e-05,0.0068573940326141876,0.7898733489314124,0.7930909737609674,0.7909566174456876,0.8318601950534373,Static grid search,,1.0
Combined: QQQ 75% + rates 20% + fast 4/26,Direct daily source P&L,1.0379018074636017,4719,18.726190476190474,0.3784901067025819,0.3209887745989293,0.32498393362813544,1.110370410874504,-0.5159314988352522,-0.11505036959340656,-0.3302100567869006,0.02075788411601942,5.992858119757277e-05,0.0053821274691802125,0.7649006065829451,0.7878403546283196,0.7932394065475553,0.7263832308047603,Combined candidate,,1.0
Static grid candidate 045,Direct daily source P&L,1.051373193625091,4719,18.726190476190474,0.3835628167555931,0.32466192344655137,0.32498199532246336,1.121827003418253,-0.46255136220089665,-0.1319866278642582,-0.3874676739350742,0.025830594169030663,7.470394856550265e-05,0.006755962005093292,0.7595936889573088,0.7727645708570385,0.7538673711117974,0.7850695729884926,Static grid search,,1.0
Static grid candidate 101,Direct daily source P&L,1.076371586623583,4719,18.726190476190474,0.39078509743071166,0.32986840598826006,0.3249825525405447,1.1379593548803955,-0.45735122274656803,-0.12295543251959115,-0.42439140298812533,0.033052874844149205,9.550956057025002e-05,0.008837579236748851,0.7424009431449237,0.7305189666500016,0.7143336954069913,0.8616013509766443,Static grid search,,1.0
Static grid candidate 267,Direct daily source P&L,1.0642357155788538,4719,18.726190476190474,0.37590241627969023,0.3191098185949351,0.3249845263338535,1.1050032040208824,-0.4702711621583531,-0.13655441864627904,-0.5056394588974836,0.01817019369312778,5.3006588231592796e-05,0.004947381428254168,0.7360027651588233,0.7555213933098494,0.716755968891767,0.8969087953168307,Static grid search,,1.0
Static grid candidate 281,Direct daily source P&L,1.05464210174167,4719,18.726190476190474,0.38909025244664486,0.3286490382247805,0.32498333588319556,1.1345895518543667,-0.4592904637662305,-0.18865225526248652,-0.535843168645428,0.031358029860082404,9.116358444541139e-05,0.008530471665705825,0.7341306168859333,0.7522038590301703,0.7701259577819526,0.8110346957712568,Static grid search,,1.0
Static: trend total 30%,Direct daily source P&L,1.0562616969425875,4719,18.726190476190474,0.36645673083742847,0.3122210616603158,0.3249811446217455,1.0835928887326485,-0.46058834748194755,-0.11558456553661635,-0.4328664611129104,0.008724508250866014,2.5394078435259174e-05,0.0024189016570209418,0.72117262557149,0.7233332818735541,0.7339743473340974,0.8579894945120792,Static risk budgets,Change the trend-following allocation and rescale all other sleeves pro rata.,1.0
"Vol forecast: fast 8w, slow 52w, floor 4%",Direct daily source P&L,1.0477572908782888,4719,18.726190476190474,0.36248469843838427,0.3093100169882612,0.3249818290401367,1.0747250343292252,-0.4635668219504038,-0.11964667100890514,-0.47628800337940774,0.0047524758518218135,1.3957361446717022e-05,0.001334047951541669,0.7187152726904289,0.6972914901838075,0.7371316321373784,0.7320635383741381,Volatility targeting,Change the speed and floor of the no-lookahead volatility estimator.,1.0
Static grid candidate 104,Direct daily source P&L,1.0457803792870266,4719,18.726190476190474,0.37922181048300985,0.3215194346675449,0.3249833643698209,1.112555436965664,-0.43231205072048473,-0.16501827152783602,-0.534803926046479,0.021489587896447393,6.27465711960928e-05,0.006040897930517647,0.7135320570490462,0.7258753738803391,0.7359244331980201,0.7537522811306525,Static grid search,,1.0
Static grid candidate 401,Direct daily source P&L,1.071098820035761,4719,18.726190476190474,0.3817678759204628,0.32336374880728525,0.32498534557623177,1.11799289957558,-0.48021217167312547,-0.13141770597732724,-0.4595778088394192,0.024035653333900342,6.975917178427785e-05,0.006775885185007218,0.7072293344629766,0.6807139458545834,0.6588291348427573,0.8116868543663747,Static grid search,,1.0
Static grid candidate 179,Direct daily source P&L,1.0667214949999742,4719,18.726190476190474,0.38466673422441544,0.3254594855757101,0.32498592295279094,1.1243749816660673,-0.4393178562495248,-0.11933340049205862,-0.4265000673245404,0.026934511637852987,7.799003162320058e-05,0.00758637573962993,0.7062032898284069,0.7192970129232995,0.7203356839118367,0.8514058127399735,Static grid search,,1.0
"High-vol equity cut: 26w, q90%, cut 25%",Direct daily source P&L,1.0501692211490357,4719,18.726190476190474,0.3682480081878967,0.31353109530386525,0.32498079320503037,1.0876910692662232,-0.4884676802689658,-0.11939176674224013,-0.4584901892130107,0.01051578560133426,3.0679430313877496e-05,0.002999796271996071,0.7025553067047113,0.7463515104940475,0.6710727347806753,0.7762745867792524,Regime allocation,Reduce direct equity during unusually high realized-volatility regimes.,1.0
Static grid candidate 112,Direct daily source P&L,1.0523097274751791,4719,18.726190476190474,0.378981805966651,0.3213454050813802,0.3249826372159808,1.1117908711571034,-0.4246531690547153,-0.1267405664499667,-0.4667340896501901,0.021249583380088533,6.176052402235388e-05,0.00606710047910683,0.6992859031272511,0.673832715850933,0.6693619357344215,0.732937640121408,Static grid search,,1.0
Static grid candidate 359,Direct daily source P&L,1.0705662888787866,4719,18.726190476190474,0.37873458900553714,0.32116611401125666,0.3249836748983021,1.111121614000909,-0.4774639819245394,-0.13244484848479615,-0.4142918371215877,0.021002366418974683,6.089739475345265e-05,0.005988083863871618,0.698611657230218,0.7224964370094118,0.6948150222817912,0.8494298470035762,Static grid search,,1.0
Static grid candidate 290,Direct daily source P&L,1.007301937465632,4719,18.726190476190474,0.3813613574206731,0.32306950379129634,0.3249815277447249,1.1174437043242518,-0.4311072824112425,-0.18704143486558472,-0.5607237118282361,0.023629134834110666,6.905088425776345e-05,0.006809966601503465,0.6965451156109728,0.6724808867718859,0.7205115037593869,0.5470439090169193,Static grid search,,1.0
Grid winner: maximum Sharpe,Direct daily source P&L,1.0073168853042884,4719,18.726190476190474,0.38135274449587264,0.32306326867287044,0.3249815292988483,1.117425140068342,-0.43111255318530883,-0.1870442104635325,-0.5610402869370102,0.023620521909310188,6.90269422610546e-05,0.006809634623721299,0.6963375483166593,0.672250676214394,0.7202271618883316,0.5468537219664045,Data-mined static grid,Best candidate from the constrained static grid under the named objective; biased upward by selection.,1.0
Grid winner: maximum full-sample CAGR,Direct daily source P&L,1.0073168853042884,4719,18.726190476190474,0.38135274449587264,0.32306326867287044,0.3249815292988483,1.117425140068342,-0.43111255318530883,-0.1870442104635325,-0.5610402869370102,0.023620521909310188,6.90269422610546e-05,0.006809634623721299,0.6963375483166593,0.672250676214394,0.7202271618883316,0.5468537219664045,Data-mined static grid,Best candidate from the constrained static grid under the named objective; biased upward by selection.,1.0
Static grid candidate 009,Direct daily source P&L,1.0285946443520073,4719,18.726190476190474,0.3669128276231568,0.31255478659593594,0.32498347385041454,1.0846322740979981,-0.43230618547496047,-0.11541164835089182,-0.43906119692284296,0.009180605036594347,2.6734555592952377e-05,0.0026513654840922716,0.692673159866302,0.6754054780230502,0.6409816536212071,0.5099995637978664,Static grid search,,1.0
Static grid candidate 178,Direct daily source P&L,1.0796421571577177,4719,18.726190476190474,0.39220288967634853,0.330887305368971,0.32498416476117403,1.1409704128789662,-0.45285220883106303,-0.12708199118012514,-0.3626602877615104,0.03447066708978608,9.939286949697885e-05,0.010343310549680103,0.6601165989270174,0.6791955059745812,0.6633427389953642,0.7870563256800406,Static grid search,,1.0
Static: equity total 30%,Direct daily source P&L,1.0634125085645194,4719,18.726190476190474,0.3759406826153726,0.3191376300175413,0.3249807587993745,1.1048397561342898,-0.4715657461904097,-0.11825743869717498,-0.4016251994670705,0.01820846002881016,5.2795792346105995e-05,0.005538320852601275,0.6548565692207452,0.6669383448431049,0.6643029848801065,0.7577540444462044,Static risk budgets,Change total direct-equity risk while rescaling all other sleeves pro rata.,1.0
Static grid candidate 062,Direct daily source P&L,1.0493670180238308,4719,18.726190476190474,0.3851325281468816,0.3257958232541726,0.3249857700767301,1.1257119928729113,-0.4672846485876453,-0.18617302329896493,-0.500861543121315,0.027400305560319138,7.971435163202683e-05,0.00843716982723924,0.6490299167100901,0.6833295056695093,0.6945555195713895,0.710801588508418,Static grid search,,1.0
Static: styles total 20%,Direct daily source P&L,1.054934433536147,4719,18.726190476190474,0.3733932482425131,0.3172845011027331,0.32498101594188034,1.0992815833482283,-0.46497039256177286,-0.11723926424205595,-0.47136088906080753,0.015661025655950622,4.5627513951384166e-05,0.004877862684877826,0.6425726324765714,0.6101343929738103,0.5778636642703937,0.694615389334754,Static risk budgets,Change the market-neutral style allocation and rescale all other sleeves pro rata.,1.0
Static grid candidate 208,Direct daily source P&L,1.020665658244763,4719,18.726190476190474,0.3754663585998521,0.318792843504231,0.3249837416727419,1.1038484578926864,-0.44197306886904475,-0.12393929393251674,-0.43522158511594644,0.01773413601328966,5.1517332312292486e-05,0.00551940098022406,0.6411895098008161,0.6168777323314298,0.6269698828620655,0.4919722785318792,Static grid search,,1.0
Static grid candidate 131,Direct daily source P&L,1.0291670297691495,4719,18.726190476190474,0.3684044384681857,0.3136454176619341,0.3249844263751051,1.0878831308098493,-0.4571628757624391,-0.1141216802617846,-0.3895115099611061,0.01067221588162326,3.092712873323648e-05,0.003397075846039827,0.6254021174901602,0.6119332103767995,0.6123877301772945,0.4745118316938937,Static grid search,,1.0
Static grid candidate 365,Direct daily source P&L,1.0230035217198588,4719,18.726190476190474,0.38473873150960536,0.3255114803349441,0.3249879543435942,1.125313347948349,-0.45351581484877934,-0.19951421276592796,-0.6710361314504177,0.027006508923042905,7.920022623328601e-05,0.008735480514135764,0.6228229561603633,0.6474208133903685,0.6739239854041185,0.6101262525558595,Static grid search,,1.0
Static grid candidate 277,Direct daily source P&L,1.0303435199668434,4719,18.726190476190474,0.37806060277029196,0.32067715041273853,0.3249805413555864,1.1098580352674163,-0.44054223549002824,-0.17795380770577232,-0.4791438208573066,0.02032838018372951,5.926777932335277e-05,0.006541006997509531,0.622442201519214,0.6502948913396913,0.6931047367740655,0.5831625409065468,Static grid search,,1.0
Static grid candidate 308,Direct daily source P&L,1.0173393301940987,4719,18.726190476190474,0.38203902223426955,0.32355996100637696,0.3249876356709378,1.119086774153119,-0.44092726356211576,-0.19594855103521353,-0.5905868228855125,0.0243067996477071,7.11699227275327e-05,0.007903596819075858,0.6185811835664171,0.6445811621859711,0.6845590514307425,0.5664921676208444,Static grid search,,1.0
"Static: commodities 12%, gold only",Direct daily source P&L,1.0395726818101767,4719,18.726190476190474,0.3686140059978835,0.31379855329792666,0.3249835164248788,1.0884630529201995,-0.45956164908576413,-0.13681166671844083,-0.4325027640160719,0.010881783411321067,3.167504415333117e-05,0.0035264608390180247,0.6170255562259351,0.6569161110625996,0.6549088669494603,0.6198611922639626,Static risk budgets,Change static commodity beta and its mix.,1.0
"Vol forecast: fast 8w, slow 26w, floor 2%",Direct daily source P&L,1.041677720612526,4719,18.726190476190474,0.361747997170383,0.308769166504272,0.3249825195573588,1.0729774506330314,-0.45090114971019857,-0.11505337428214794,-0.44008483011575966,0.0040157745838205194,1.1703533267102395e-05,0.0013111394237900302,0.6131872366217779,0.6268695855994834,0.619814404849857,0.6199994861407587,Volatility targeting,Change the speed and floor of the no-lookahead volatility estimator.,1.0
"Vol forecast: fast 8w, slow 26w, floor 1%",Direct daily source P&L,1.041677720612526,4719,18.726190476190474,0.361747997170383,0.308769166504272,0.3249825195573588,1.0729774506330314,-0.45090114971019857,-0.11505337428214794,-0.44008483011575966,0.0040157745838205194,1.1703533267102395e-05,0.0013111394237900302,0.6131872366217779,0.6268695855994834,0.619814404849857,0.6199994861407587,Volatility targeting,Change the speed and floor of the no-lookahead volatility estimator.,1.0
Static grid candidate 381,Direct daily source P&L,1.0397108706276375,4719,18.726190476190474,0.38742623960953093,0.32745040458359576,0.32498193105031103,1.1308861429504327,-0.45002949605961495,-0.19198692662990396,-0.5301222633422754,0.029694017022968477,8.638736264470293e-05,0.009742242998564755,0.6091387759172312,0.605426126912011,0.6230693219021539,0.608282306401132,Static grid search,,1.0
Static grid candidate 041,Direct daily source P&L,1.043854198165807,4719,18.726190476190474,0.37652008471245746,0.3195586366400667,0.32497838347829194,1.106180488083843,-0.4492113342199461,-0.11209484426538328,-0.42594403330627095,0.018787862125895005,5.452491093183971e-05,0.006161738643573453,0.6078783558696779,0.5751331161392369,0.5706032508034218,0.576884393216026,Static grid search,,1.0
Static grid candidate 061,Direct daily source P&L,1.0415853522378085,4719,18.726190476190474,0.3822284778117051,0.3236970357125907,0.324987049867209,1.1189165361730307,-0.458734949983869,-0.1711765824964405,-0.4038172523677914,0.02449625522514265,7.09503697770214e-05,0.00811618589746158,0.6005202629967785,0.6065194656953804,0.5974231099974159,0.5878795071176462,Static grid search,,1.0
Static grid candidate 002,Direct daily source P&L,1.0597277064539492,4719,18.726190476190474,0.37840248873896165,0.32092521175734756,0.3249813871521075,1.1103483452141998,-0.4262576250864064,-0.11972745967595019,-0.40092747816153684,0.020670266152399197,5.990012350075213e-05,0.006971672950543121,0.5902224178065598,0.5819046435409345,0.5915464795710341,0.6424253793258141,Static grid search,,1.0
Static grid candidate 332,Direct daily source P&L,1.0440043024095067,4719,18.726190476190474,0.3803073637495462,0.32230620172380176,0.32498180392014064,1.1143824051351146,-0.47235486292022644,-0.13892174968466353,-0.3076184945348313,0.02257514116298376,6.510278014478876e-05,0.00758887548185298,0.5893144589514542,0.6107686133520362,0.6131759109557872,0.5734337801320506,Static grid search,,1.0
"Vol forecast: fast 8w, slow 26w, floor 4%",Direct daily source P&L,1.046841775332878,4719,18.726190476190474,0.36158830720835367,0.3086518912621684,0.32498170573151713,1.072705296272741,-0.4645808509439605,-0.11942608500021663,-0.47925698956190693,0.0038560846217912115,1.1352540540537228e-05,0.0013623468338051115,0.5724405145040109,0.5572660272151937,0.5866024469495691,0.581025176021243,Volatility targeting,Change the speed and floor of the no-lookahead volatility estimator.,1.0
Static grid candidate 312,Direct daily source P&L,1.0385652140168429,4719,18.726190476190474,0.37333378083986934,0.3172412005475464,0.3249824933296389,1.0992155344949885,-0.4300086875517357,-0.1631348199541657,-0.4724856971658336,0.01560155825330689,4.554233189859461e-05,0.005474766143304324,0.5714453193341456,0.592192263252832,0.6059680151143864,0.5586492696852682,Static grid search,,1.0
Static grid candidate 473,Direct daily source P&L,1.04092931748478,4719,18.726190476190474,0.38255688096010987,0.32393459711959655,0.3249821841021877,1.1194886729865494,-0.44418415343486595,-0.12846446009180645,-0.3477917062703512,0.024824658373547415,7.168824463572693e-05,0.00870118478377596,0.5659714750604132,0.5544045625721098,0.5520405416714695,0.5248232010370495,Static grid search,,1.0
Static grid candidate 360,Direct daily source P&L,1.040328529485188,4719,18.726190476190474,0.3813847712547145,0.3230864534732069,0.32497953951988284,1.1175009928197852,-0.4449580322912131,-0.18991100289778293,-0.5687988834047932,0.02365254866815203,6.912476823017809e-05,0.008432106818038004,0.5631480404697083,0.5476499197788395,0.5568644562591362,0.5652402862645233,Static grid search,,1.0
Static grid candidate 286,Direct daily source P&L,1.0454045075269762,4719,18.726190476190474,0.3828435266301158,0.3241419057395314,0.3249798333420191,1.1201315372435916,-0.44509348882579636,-0.1373658532665917,-0.3504222248000194,0.02511130404355333,7.251733544341997e-05,0.008863664434328991,0.562022265005105,0.5505290262414316,0.5555902099917474,0.5411868287309541,Static grid search,,1.0
"High-vol equity cut: 13w, q80%, cut 25%",Direct daily source P&L,1.057641053226186,4719,18.726190476190474,0.3677845290248196,0.31319229877187493,0.32498180437156343,1.0866375813460434,-0.48423549018675327,-0.11407376693812529,-0.45452759062329123,0.010052306438257164,2.932076533745512e-05,0.003602533070876632,0.5591036333756547,0.5687283012954654,0.5848171959229731,0.6568095183996439,Regime allocation,Reduce direct equity during unusually high realized-volatility regimes.,1.0
Static grid candidate 034,Direct daily source P&L,1.066325808838044,4719,18.726190476190474,0.37995545979350664,0.3220512231362959,0.324982270677474,1.1139142550288568,-0.43365438890101127,-0.1273689936514707,-0.43912259328918174,0.02222323720694419,6.449901512679776e-05,0.007986683326598772,0.5547682614715129,0.5411668355869769,0.5395494155625118,0.6366079248328979,Static grid search,,1.0
Static grid candidate 364,Direct daily source P&L,1.0328175140685734,4719,18.726190476190474,0.37518948426181353,0.3185915283599226,0.3249803302567859,1.1034516554490146,-0.4428435674436927,-0.17827896383969977,-0.4868390555341661,0.01745726167525108,5.1005583128984834e-05,0.006413967925381103,0.5462807813801155,0.5692379523096556,0.6099712905557186,0.5151331291630503,Static grid search,,1.0
Static grid candidate 436,Direct daily source P&L,1.0533946917510952,4719,18.726190476190474,0.3798424449516391,0.3219693223262865,0.32498538041744923,1.1141491915240624,-0.4734400194034952,-0.19733241056995482,-0.5781102523048202,0.02211022236507665,6.480200862259832e-05,0.008203015292704903,0.5426751501368543,0.555188204759633,0.5729130315367389,0.6186691868120809,Static grid search,,1.0
Static grid candidate 100,Direct daily source P&L,1.0298834618947232,4719,18.726190476190474,0.3701183202022569,0.3148971012219185,0.3249839366513164,1.0921877939829976,-0.42893357532573684,-0.16457903596836698,-0.5526127228718233,0.012386097615694425,3.647877766686034e-05,0.004660105819597597,0.537736464719503,0.5519800660096255,0.5661070014720027,0.4954893841984592,Static grid search,,1.0
Static grid candidate 196,Direct daily source P&L,1.0801173697030964,4719,18.726190476190474,0.38252274169251854,0.32390990396623276,0.32498162320562834,1.1194924453861939,-0.47192402295892166,-0.12684353580421073,-0.3757766027382168,0.024790519105956088,7.16931098336812e-05,0.0091965842833163,0.5355201942146837,0.5452000660535556,0.5331737355360949,0.6658592012790489,Static grid search,,1.0
Static grid candidate 158,Direct daily source P&L,1.0322648841682514,4719,18.726190476190474,0.37745389230071735,0.32023678947073414,0.32497882450599047,1.1085950643765718,-0.4385460642087935,-0.17955486304661206,-0.5180165336491915,0.0197216697141549,5.7638947817303354e-05,0.007543796074984256,0.5248692053550248,0.5225424712278508,0.5510690268567308,0.48488468421402675,Static grid search,,1.0
Static grid candidate 049,Direct daily source P&L,1.0451540283770269,4719,18.726190476190474,0.383900839340791,0.32490620675349546,0.32498057750420667,1.1228716062325856,-0.43880460986934255,-0.1757916909351619,-0.47164394658909886,0.026168616754228546,7.605115457605124e-05,0.010128551994859708,0.5158024949457706,0.5213215877264191,0.540102539265604,0.5282315069561839,Static grid search,,1.0
Static: remove Corn,Direct daily source P&L,1.0417433875770212,4719,18.726190476190474,0.35999212050094376,0.30747890598187083,0.32498143936859525,1.0690168587366404,-0.45863344291690966,-0.11209830964682199,-0.44610903837843907,0.0022598979143813036,6.595627051518667e-06,0.0008874569445479729,0.5105447175410414,0.49456218387619355,0.47830693540967356,0.37664698420254594,Leave-one-out,Remove Corn and redistribute its allocation pro rata.,1.0
"High-vol equity cut: 13w, q90%, cut 50%",Direct daily source P&L,1.058607384480594,4719,18.726190476190474,0.37056956558749565,0.31522639474830383,0.3249831366408757,1.0928065076501494,-0.5189342746858249,-0.11262904477988177,-0.4092890766975798,0.012837343000933199,3.727672188044918e-05,0.0051520511377976174,0.4970299246539502,0.5274637576246305,0.5155480104866785,0.5814658213488616,Regime allocation,Reduce direct equity during unusually high realized-volatility regimes.,1.0
Static grid candidate 198,Direct daily source P&L,1.0751449665292558,4719,18.726190476190474,0.3756139408214674,0.31890013388160565,0.3249855666369629,1.1041666834595678,-0.4382148906925598,-0.12193397780432029,-0.4246142544762385,0.01788171823490492,5.1927742269580015e-05,0.007208348517774,0.4948671811702579,0.5021610909373716,0.5115037672284182,0.6675538939617813,Static grid search,,1.0
Static grid candidate 319,Direct daily source P&L,1.0332022830311371,4719,18.726190476190474,0.3703427116125082,0.3150608630183078,0.32498358099569025,1.0929604412186713,-0.4493545102873273,-0.18768736098422809,-0.6365573364035528,0.012610489025945748,3.747524731604263e-05,0.005262844666717899,0.4891577563632233,0.5175080784111559,0.5564657875216183,0.511410995053479,Static grid search,,1.0
"High-vol equity cut: 13w, q70%, cut 50%",Direct daily source P&L,1.0669918596501318,4719,18.726190476190474,0.37794702909471156,0.3205947314278773,0.32498105540820266,1.1095099539336404,-0.520588298982686,-0.14709310537932963,-0.4779964304141929,0.020214806508149108,5.881886490479283e-05,0.008302081889531224,0.4866924565847202,0.5158813653469272,0.5194549331935603,0.5987954602701664,Regime allocation,Reduce direct equity during unusually high realized-volatility regimes.,1.0
Static grid candidate 017,Direct daily source P&L,1.0778147064292305,4719,18.726190476190474,0.3763141434800612,0.3194090154019474,0.3249875777288387,1.1057027904093593,-0.47078285073252524,-0.13609213591132574,-0.40884706384011743,0.01858192089349875,5.3908832581811206e-05,0.007627312266267998,0.4855270032198966,0.5045245498091664,0.4858111741361979,0.6389510344179329,Static grid search,,1.0
Static grid candidate 460,Direct daily source P&L,1.077047626128386,4719,18.726190476190474,0.37916378649728255,0.32147736369255164,0.32498730089785793,1.112045496690443,-0.48804772035933497,-0.15576089227962786,-0.39240395333546957,0.021431563910720097,6.208891012685923e-05,0.008861188796349229,0.48133454913769086,0.4962601938388384,0.47992463368207167,0.6082382505745033,Static grid search,,1.0
Static grid candidate 139,Direct daily source P&L,1.050372131640784,4719,18.726190476190474,0.37261515529050904,0.31671779273299394,0.32498836910219914,1.0975570992250734,-0.43517472972714244,-0.14261173694590773,-0.47276151338640227,0.014882932703946583,4.34034768877913e-05,0.006195345534762298,0.4812646643251454,0.5106673147252452,0.541700628697667,0.5885377851827577,Static grid search,,1.0
"High-correlation defensive tilt: 104w, q70%, cut 25%",Direct daily source P&L,1.045258556008009,4719,18.726190476190474,0.3603975330193634,0.3077769607262679,0.3249812010434334,1.0699481459146734,-0.46552349242596247,-0.11325859633090116,-0.45206852901959116,0.002665310432800938,7.796691864457616e-06,0.0011400020214872137,0.46981809318690143,0.5301024409679496,0.6239085018344906,0.5897380096534737,Regime allocation,"Shift risk toward trend, rates and styles when cross-sleeve correlations are unusually high.",1.0
Static grid candidate 222,Direct daily source P&L,1.047070219764516,4719,18.726190476190474,0.3790094920275058,0.321365482056152,0.32498190185983755,1.1119063534445488,-0.44571065096540663,-0.1731298925022079,-0.44784349426066544,0.021277269440943325,6.19094595121149e-05,0.009175816530261035,0.4634867037783874,0.48128623737584764,0.49922152485159604,0.4875570201967307,Static grid search,,1.0
Static grid candidate 057,Direct daily source P&L,1.0216379649636023,4719,18.726190476190474,0.3686631604131567,0.3138344681229809,0.32498040169909803,1.0883590873829654,-0.5054042963356274,-0.10838909724084198,-0.34666291736749955,0.010930937826594267,3.154096161523143e-05,0.004695478437962523,0.46144513116786345,0.4644406010798457,0.4621838052547166,0.28029222135818177,Static grid search,,1.0
Static: trend total 35%,Direct daily source P&L,1.0669430014329946,4719,18.726190476190474,0.3686044376525368,0.31379156200691827,0.32498108381894886,1.0884024077302747,-0.4530948208831339,-0.11863940418407513,-0.4177786139808242,0.010872215065974355,3.159683111076944e-05,0.004781697261068531,0.45392744436989424,0.45715107880099637,0.46232811201028234,0.5930592279899661,Static risk budgets,Change the trend-following allocation and rescale all other sleeves pro rata.,1.0
Static grid candidate 443,Direct daily source P&L,1.033240011416121,4719,18.726190476190474,0.3706478245666496,0.3152834927219671,0.32498276017048255,1.0933235817350067,-0.4146812494922204,-0.15543243074676213,-0.5349628803148545,0.012915601980087121,3.7943583299411795e-05,0.005853455427993003,0.4452982774688177,0.4392314533768735,0.44003373122853096,0.4028687967290931,Static grid search,,1.0
Static grid candidate 321,Direct daily source P&L,1.0804590531064622,4719,18.726190476190474,0.38066995649038926,0.3225688570815763,0.3249818831931666,1.1153523198522548,-0.45836827843224903,-0.13732807177011577,-0.3680071927976189,0.022937733903826807,6.635366222046551e-05,0.010244358746579125,0.4449437468994741,0.4498338560770138,0.44837800368704944,0.5630706300389909,Static grid search,,1.0
Static: expanded diversified prior,Direct daily source P&L,1.0439583818611007,4719,18.726190476190474,0.37783861889192605,0.3205160531729692,0.32498022405632926,1.1094453328839766,-0.45444907584466077,-0.18369504813272136,-0.5041674753905059,0.020106396305363594,5.873552426534514e-05,0.00908018488125604,0.4443561005592037,0.4517471998526491,0.46645053319907426,0.4578028411371329,Alternative allocation,Pre-specified multi-sleeve composition hypothesis.,1.0
Static grid candidate 487,Direct daily source P&L,1.0267742113709823,4719,18.726190476190474,0.37152078055070303,0.3159201829764722,0.32498073617245227,1.0950478649486417,-0.4667941505041171,-0.16045976402954035,-0.4326536676199625,0.01378855796414058,4.0167361253504504e-05,0.006224219940640005,0.4433159533620476,0.4545318316397156,0.47142601564167386,0.354131260439361,Static grid search,,1.0
Static grid candidate 189,Direct daily source P&L,1.0164367977676645,4719,18.726190476190474,0.3696151966175105,0.3145298220049341,0.32497906629868367,1.0910763799372312,-0.4287394609019334,-0.17860085819742666,-0.5454269137808414,0.011882974030948068,3.504540637767728e-05,0.00545946444805205,0.4409669560825083,0.4348173920668274,0.4761427430402795,0.2986681919903944,Static grid search,,1.0
Static grid candidate 382,Direct daily source P&L,1.0164367977676645,4719,18.726190476190474,0.3696151966175105,0.3145298220049341,0.32497906629868367,1.0910763799372312,-0.4287394609019334,-0.17860085819742666,-0.5454269137808414,0.011882974030948068,3.504540637767728e-05,0.00545946444805205,0.4409669560825083,0.4348173920668274,0.4761427430402795,0.2986681919903944,Static grid search,,1.0
Static grid candidate 278,Direct daily source P&L,1.0349568282010326,4719,18.726190476190474,0.37175758676175996,0.31609282765917435,0.32498648444325584,1.0953453011121164,-0.464480574129422,-0.14854713993268612,-0.34984234146498505,0.014025364175197508,4.0550959480208056e-05,0.006350640465267973,0.43864036767507814,0.44899756391643314,0.43549643700358087,0.39525141289982696,Static grid search,,1.0
Static grid candidate 176,Direct daily source P&L,1.0199649763345413,4719,18.726190476190474,0.36939928622010676,0.3143721664691899,0.32498558984675235,1.0902176753907593,-0.44876589040395076,-0.13437293156158492,-0.4251924085434966,0.011667063633544306,3.393795011734676e-05,0.005320262267888586,0.4382052272403405,0.43140436915727376,0.4451176841813361,0.29491565836624717,Static grid search,,1.0
Static grid candidate 095,Direct daily source P&L,1.0783306537433202,4719,18.726190476190474,0.3760421518668491,0.3192113726661153,0.3249844409877587,1.1050097597071693,-0.4475862769286538,-0.1269316467949896,-0.37442268256652933,0.01830992928028663,5.301504298573258e-05,0.008353571263883077,0.43596530101870085,0.443103194717786,0.44551366320470226,0.5835373516950607,Static grid search,,1.0
Static grid candidate 403,Direct daily source P&L,1.078560842575726,4719,18.726190476190474,0.3729120982145355,0.3169341030426474,0.32498606275460346,1.0982117965944909,-0.4809661129722633,-0.1526662498098585,-0.4627289291143449,0.015179875627973072,4.4247828653905054e-05,0.007011225769276427,0.43353383775886156,0.4475151001365672,0.42732288140101704,0.6088144685664618,Static grid search,,1.0
"High-correlation defensive tilt: 104w, q70%, cut 50%",Direct daily source P&L,1.0452641264208773,4719,18.726190476190474,0.36252534248809765,0.3093398473735485,0.3249808772560095,1.0747744785953126,-0.4655672610171193,-0.11327203695123604,-0.45765816508284235,0.004793119901535192,1.402112885337745e-05,0.0022500348562729798,0.4280738741382657,0.48127429592158627,0.5659546792299635,0.5352727427214554,Regime allocation,"Shift risk toward trend, rates and styles when cross-sleeve correlations are unusually high.",1.0
Static grid candidate 396,Direct daily source P&L,1.0567321810796833,4719,18.726190476190474,0.37488963962342514,0.3183734658053057,0.32498198845675885,1.1028303289029058,-0.4438686610342909,-0.16781098403007133,-0.5140127011757014,0.017157417036862688,5.020426913102775e-05,0.008195442992727228,0.42081693029138956,0.4298024942389298,0.4329451001118845,0.48652070898056016,Static grid search,,1.0
Static grid candidate 008,Direct daily source P&L,1.0120588504027206,4719,18.726190476190474,0.37709558801073495,0.3199766349194618,0.324981098529918,1.1077923628004742,-0.4288354125049614,-0.18311108465192372,-0.5064059595240482,0.019363365424172496,5.6603717610034675e-05,0.009244552408938065,0.420614321054943,0.41289921553082476,0.43294739670268234,0.3196393606586598,Static grid search,,1.0
Static grid candidate 264,Direct daily source P&L,1.067287609131797,4719,18.726190476190474,0.36992629808645483,0.31475694137573657,0.32498668830680355,1.0913491420115229,-0.4532902031152438,-0.12515684229305754,-0.40476012354095114,0.012194075499892376,3.5397182862378946e-05,0.005813008486224436,0.41830468734595305,0.4313852385885247,0.44608279788138316,0.583464802019858,Static grid search,,1.0
Static grid candidate 350,Direct daily source P&L,1.0830268239890213,4719,18.726190476190474,0.37285660354308603,0.31689368108618676,0.32498376640543836,1.0981608790637176,-0.4899063319301634,-0.12255197857787016,-0.49957559731731754,0.015124380956523575,4.418216120350316e-05,0.007281630608939002,0.4168149627588646,0.41035038725390466,0.3849943398713269,0.5983993752429777,Static grid search,,1.0
Static grid candidate 162,Direct daily source P&L,1.054013700263512,4719,18.726190476190474,0.3689286605525077,0.31402843432214234,0.32498404196908826,1.0890918960803069,-0.4200091987562682,-0.11673916081609984,-0.4009393232609562,0.011196437965945272,3.2486052197119945e-05,0.005378707676515446,0.41490052529893623,0.4209583064801413,0.4584048942639724,0.498555990130551,Static grid search,,1.0
"High-vol equity cut: 26w, q70%, cut 25%",Direct daily source P&L,1.0566848531308946,4719,18.726190476190474,0.3667381027280163,0.3124269539649014,0.32498157733929883,1.0843080103855682,-0.48193148359352234,-0.11853867371193781,-0.4642731303417086,0.00900588014145387,2.6316358344778615e-05,0.0043910789816560755,0.41169873387001743,0.4224917195514669,0.4210677322857095,0.5016236496964702,Regime allocation,Reduce direct equity during unusually high realized-volatility regimes.,1.0
Static grid candidate 236,Direct daily source P&L,1.0411696039565,4719,18.726190476190474,0.3672124350114043,0.31277394801735303,0.32498341047136525,1.0851996201179726,-0.4296519858194804,-0.11222837131976098,-0.39169633579208496,0.009480212424841872,2.7466251848871647e-05,0.004623616474645355,0.4080774381619812,0.4137879727990893,0.45311159667594886,0.41287392370187936,Static grid search,,1.0
Static grid candidate 404,Direct daily source P&L,1.06123907668298,4719,18.726190476190474,0.38128368607420016,0.3230132740945594,0.32498200937366317,1.1171577185911201,-0.44375844829260624,-0.18193513722100912,-0.5209387876762654,0.023551463487637703,6.86820534511452e-05,0.011583530086440585,0.4073121159441839,0.4059813963371651,0.4056288680087474,0.4747058996348065,Static grid search,,1.0
Static grid candidate 395,Direct daily source P&L,1.042769961578151,4719,18.726190476190474,0.3788098672899536,0.3212207120680622,0.32497895376659963,1.1116507791722143,-0.45023735664240216,-0.18887841930369767,-0.5214511693061951,0.02107764470339113,6.157984983549267e-05,0.01044073811213557,0.4051654569987412,0.40124255399736647,0.41052167504055537,0.41013019487068786,Static grid search,,1.0
Static grid candidate 005,Direct daily source P&L,1.008540695752744,4719,18.726190476190474,0.37031468882546337,0.3150404133356573,0.32498749388033393,1.0926983494668276,-0.4385799893669957,-0.19153097819192585,-0.5443976013477891,0.012582466238900913,3.7137232159895746e-05,0.0064623400039775245,0.3947705233677664,0.4170630609109123,0.46066413575109716,0.27033470603065524,Static grid search,,1.0
Static: styles total 25%,Direct daily source P&L,1.0602691803434772,4719,18.726190476190474,0.37213402686893415,0.31636721175486276,0.3249811765348928,1.096453169797401,-0.4713758284034739,-0.1160403707293444,-0.47039801819663873,0.0144018042823717,4.1979758379880886e-05,0.007504321286922807,0.3842850628793066,0.3658967199309406,0.3466342152296948,0.45204837493492916,Static risk budgets,Change the market-neutral style allocation and rescale all other sleeves pro rata.,1.0
Static grid candidate 091,Direct daily source P&L,1.0379276386224958,4719,18.726190476190474,0.3672404982584154,0.3127944736930166,0.3249809265030321,1.085202951843556,-0.45759581925432,-0.1083416996489583,-0.36633974924638396,0.009508275671852973,2.7470548717183496e-05,0.004916102140984928,0.3838587330312892,0.38213860012016687,0.380356487655273,0.3156679257666719,Static grid search,,1.0
"Momentum tilt relative: 13w, k=0.25, reb 13w",Direct daily source P&L,1.049162637168685,4719,18.726190476190474,0.36326215250044647,0.3098804691436976,0.324980001834387,1.0764844363884367,-0.46046753989763,-0.12130940437983977,-0.4777806493440384,0.005529929913884013,1.6226431562763702e-05,0.0029047752130316163,0.3837385949645787,0.40831566359506816,0.4192352249131374,0.40485140796862473,Dynamic momentum allocation,Tilt baseline sleeve weights toward stronger trailing risk-adjusted momentum.,1.0
Static grid candidate 334,Direct daily source P&L,1.0520555861973993,4719,18.726190476190474,0.3755359891052401,0.31884346542061054,0.32498060916126276,1.1044199670596935,-0.4469279702993415,-0.18486537361085273,-0.5691997528984264,0.017803766518677655,5.225439770624972e-05,0.009424021355036852,0.38090052692791676,0.37291358621913956,0.3717520571823198,0.42746622100994935,Static grid search,,1.0
Static grid candidate 251,Direct daily source P&L,1.0293766868549077,4719,18.726190476190474,0.3785035030078796,0.3209984926521381,0.3249806158900915,1.110878282639295,-0.4330364634261342,-0.18167851994328904,-0.48274365805681885,0.02077128042131715,6.058357454502148e-05,0.01095630276349303,0.3798532597448442,0.3776297734741816,0.3912663744441736,0.3413275150754289,Static grid search,,1.0
Static grid candidate 411,Direct daily source P&L,1.0320305325844192,4719,18.726190476190474,0.3642156471327809,0.31057964599588306,0.32498338269393673,1.0784767653497458,-0.4310203082069297,-0.1133449560531644,-0.40935478826664623,0.006483424546218419,1.8795903437467895e-05,0.0034421743238902893,0.37510714196966266,0.36309437027048086,0.33901966480969237,0.25237879191916035,Static grid search,,1.0
Static grid candidate 494,Direct daily source P&L,1.0720720679755473,4719,18.726190476190474,0.373436745626353,0.31731617207177054,0.32498434775309626,1.0992917978246932,-0.43883963495257794,-0.12431313907327925,-0.4257955290387735,0.01570452303979053,4.564068738333258e-05,0.008390283134851637,0.37368059748489874,0.3701085537441783,0.3720053456033199,0.5014408656670826,Static grid search,,1.0
Static grid candidate 338,Direct daily source P&L,1.0377313932527543,4719,18.726190476190474,0.3715010888802497,0.31590582532903766,0.3249809515775229,1.0954598011257466,-0.4403918896573584,-0.18433173767858665,-0.6097362053942788,0.013768866293687232,4.069862814858026e-05,0.00750323997573397,0.3726112151046326,0.36151935398086177,0.36112806200507247,0.37373284634163867,Static grid search,,1.0
Static grid candidate 019,Direct daily source P&L,1.0712843597334796,4719,18.726190476190474,0.37318508258275207,0.3171329192906844,0.32498513476892604,1.0986587062392232,-0.45721830571762556,-0.12384593601488843,-0.3919429554860702,0.015452859996189616,4.4824200219532593e-05,0.008275223194134521,0.37209841655282805,0.3926225192224317,0.38342875046931757,0.49310442507080215,Static grid search,,1.0
"High-vol equity cut: 26w, q80%, cut 50%",Direct daily source P&L,1.0653173240594376,4719,18.726190476190474,0.3715086205495899,0.315911316865807,0.3249847291440288,1.0950396249132768,-0.5227301244451201,-0.13800702549552016,-0.4590898591200199,0.013776397963027431,4.0156734223767776e-05,0.007425717007146376,0.371488163458332,0.38539773222652557,0.36923982075759154,0.46699495919643425,Regime allocation,Reduce direct equity during unusually high realized-volatility regimes.,1.0
Static grid candidate 392,Direct daily source P&L,1.0832585557447523,4719,18.726190476190474,0.37524319574204923,0.318630585109527,0.3249851016367929,1.1032830442528307,-0.45326691010157927,-0.11958790035502642,-0.3989136118663564,0.017510973155486775,5.078812821327168e-05,0.009525330921004906,0.36627487048072443,0.3687272626292098,0.36360362378232236,0.5204135962205136,Static grid search,,1.0
Static: equity total 25%,Direct daily source P&L,1.0707644281891975,4719,18.726190476190474,0.3725609888281314,0.31667832971893445,0.32498096019634926,1.0972216326624524,-0.48154523613817646,-0.12923212820873772,-0.37757793354431246,0.014828766241568925,4.297083151933216e-05,0.008384854305455375,0.35204908965259246,0.3604665994033074,0.3590032828642839,0.4518338092512295,Static risk budgets,Change total direct-equity risk while rescaling all other sleeves pro rata.,1.0
Static grid candidate 270,Direct daily source P&L,1.0167664105092704,4719,18.726190476190474,0.3669993407758947,0.3126180755002149,0.3249846387966688,1.0849741684419396,-0.45894437084488904,-0.13313210560574235,-0.4970300978116571,0.009267118189332235,2.7175490758749807e-05,0.0054247505235209496,0.3441300629841848,0.3412488805824254,0.34324312769821275,0.21597236468968553,Static grid search,,1.0
Static grid candidate 022,Direct daily source P&L,1.0464848524806052,4719,18.726190476190474,0.3745135743830026,0.3180999044441702,0.3249791482078883,1.101943896435842,-0.4469591313026937,-0.1780249272087598,-0.4878011153351747,0.016781351796440136,4.906105265564757e-05,0.010068198682447713,0.3347418975598583,0.3375434864610265,0.348777723780868,0.3491010911180232,Static grid search,,1.0
"High-vol equity cut: 26w, q90%, cut 50%",Direct daily source P&L,1.055270589102111,4719,18.726190476190474,0.3671297599989809,0.3127134764256117,0.32498058372185273,1.08516372559888,-0.5345927622998984,-0.15241543356328127,-0.4464944180339078,0.009397537412418444,2.7419959314327665e-05,0.005651176783358304,0.33331349798195337,0.3595027625325865,0.3203695499889739,0.4042944667141913,Regime allocation,Reduce direct equity during unusually high realized-volatility regimes.,1.0
"Vol forecast: fast 13w, slow 52w, floor 4%",Direct daily source P&L,1.045209872146697,4719,18.726190476190474,0.35924654879666496,0.3069305379909474,0.3249809460445002,1.0673815174109376,-0.4720571304458364,-0.1152758073372823,-0.47012098085651133,0.0015143262101025012,4.486555897338192e-06,0.000937547285272188,0.3287342019180371,0.31087295359644646,0.31187093729038445,0.3024264435697806,Volatility targeting,Change the speed and floor of the no-lookahead volatility estimator.,1.0
Static grid candidate 211,Direct daily source P&L,1.0410016096615917,4719,18.726190476190474,0.3735711634955876,0.3174140370024795,0.3249816417379281,1.1001556576012483,-0.46335008219095275,-0.19838420729540474,-0.5995273976112848,0.015838940909025157,4.6754792253890184e-05,0.009774269173873178,0.32859944486050247,0.33307684686201544,0.33348596391432744,0.34303258250428426,Static grid search,,1.0
Static grid candidate 311,Direct daily source P&L,1.0159629023585823,4719,18.726190476190474,0.36439555233726906,0.31071151176318906,0.32498174448191885,1.078937718632656,-0.4416387522728247,-0.11926367868841853,-0.43205230497667096,0.006663329750706604,1.9390386838046844e-05,0.004095275293265786,0.3252582797302697,0.3123106370368816,0.3074889929895423,0.11363783730978598,Static grid search,,1.0
Static grid candidate 215,Direct daily source P&L,1.0159629023585823,4719,18.726190476190474,0.36439555233726906,0.31071151176318906,0.3249817444819188,1.078937718632656,-0.4416387522728251,-0.11926367868841851,-0.4320523049766708,0.006663329750706604,1.9390386838046678e-05,0.004095275293265785,0.325258279730267,0.31231063703687895,0.3074889929895397,0.11363783730978115,Static grid search,,1.0
Static grid candidate 237,Direct daily source P&L,1.0799630143196055,4719,18.726190476190474,0.37283390779954795,0.31687714918396,0.32498009318201543,1.0979039979439849,-0.48876944628752406,-0.11625864280914489,-0.41107167942463607,0.015101685212985494,4.385086610860993e-05,0.009632821379502466,0.312715679359451,0.3122383701999509,0.2999621031786518,0.43545944861434427,Static grid search,,1.0
Static grid candidate 336,Direct daily source P&L,0.9955263756975161,4719,18.726190476190474,0.3671013753456196,0.3126927139867714,0.32498499432538613,1.0856770919753655,-0.4434972651864808,-0.1919797537260242,-0.6326642892722777,0.009369152759057142,2.8082038966541226e-05,0.006260226921706991,0.3081509780129412,0.3080617809227264,0.34091293353740393,0.11394464451409514,Static grid search,,1.0
Static grid candidate 416,Direct daily source P&L,1.0598300133400642,4719,18.726190476190474,0.36830465511153565,0.31357249551107175,0.3249835479627104,1.0877911615167621,-0.451971492484329,-0.12850898336251854,-0.4424295963147211,0.010572432524973197,3.0808517541754895e-05,0.006870425148002641,0.308043590987374,0.31215967406407924,0.3081285281658155,0.4022564505581638,Static grid search,,1.0
"Nested grid: worst_year, 260w, top 10, fast vol",Direct daily source P&L,1.0438983145070642,4719,18.726190476190474,0.36782174188373706,0.31321950506929813,0.3249895379984344,1.0867366354588919,-0.39400255497897707,-0.14337723183232706,-0.45189600571343064,0.01008951929717461,2.9448513697279328e-05,0.0068553093811476815,0.2950946321418706,0.2902792827141019,0.2848887699084978,0.3427963004274424,,,1.0
Static grid candidate 074,Direct daily source P&L,1.0238401862185185,4719,18.726190476190474,0.3636442032053071,0.31016067730453906,0.3249827817202281,1.07741650265511,-0.4440858342481617,-0.16332406282137338,-0.4810688208742662,0.00591198061874465,1.7428501152719434e-05,0.004068283848209954,0.2942888322501828,0.3021618088971059,0.3068428978753084,0.1579326693034658,Static grid search,,1.0
Static grid candidate 480,Direct daily source P&L,1.026132968451333,4719,18.726190476190474,0.36543378411101335,0.3114721687097187,0.324986165577315,1.0815320511414273,-0.45060852602650114,-0.18246461998403102,-0.4903747859680573,0.007701561524450895,2.2736252176739635e-05,0.00534013502871968,0.2924769381828697,0.30755007735677403,0.32895324944267407,0.22286196156730287,Static grid search,,1.0
Static grid candidate 377,Direct daily source P&L,1.0594706750465412,4719,18.726190476190474,0.3656788265791395,0.31165161386904633,0.32498428880042707,1.08173602517487,-0.45091611384810903,-0.11221113032411206,-0.38792587466114076,0.007946603992577073,2.2999313926219802e-05,0.005492287434301797,0.2876647267046063,0.2896540374968491,0.3011418971791098,0.3881458693378555,Static grid search,,1.0
Static grid candidate 361,Direct daily source P&L,1.0698420811771554,4719,18.726190476190474,0.3734314687978919,0.31731233000287695,0.3249786104297317,1.0991471796225576,-0.46641375518826933,-0.14072209575519445,-0.36750988786179783,0.015699246211329454,4.54541758131182e-05,0.010885773813444794,0.2868398388760375,0.2843333578219826,0.2845268879835715,0.3593264985405485,Static grid search,,1.0
Static grid candidate 459,Direct daily source P&L,1.0581910553934486,4719,18.726190476190474,0.3671593619225775,0.3127351287983331,0.3249829207080826,1.08500476681492,-0.4313504753448607,-0.12595443816371035,-0.3549819179397269,0.009427139336015022,2.7214952946125314e-05,0.00658899455268731,0.2837353375354008,0.29070432542836716,0.3070015219894759,0.3518922959004038,Static grid search,,1.0
"High-vol equity cut: 13w, q90%, cut 75%",Direct daily source P&L,1.0633290398436435,4719,18.726190476190474,0.3679045141347044,0.3132800171551184,0.32498412180585856,1.0867481596962354,-0.5549510293320599,-0.1128414100418447,-0.3760238652578869,0.01017229154814192,2.9463376304964635e-05,0.007173815949476063,0.2821351984509741,0.2999991679691822,0.2914724230215799,0.3652216479327221,Regime allocation,Reduce direct equity during unusually high realized-volatility regimes.,1.0
Static grid candidate 093,Direct daily source P&L,1.071829549122647,4719,18.726190476190474,0.368601448334686,0.31378937779573696,0.32497836902779587,1.0884682988895718,-0.4798174100284337,-0.11891078117676958,-0.44656101080574023,0.010869225748123545,3.168180978843423e-05,0.007850296322961336,0.277235550904342,0.26939417664166315,0.2598678682390632,0.3897904028200043,Static grid search,,1.0
Static grid candidate 144,Direct daily source P&L,1.0231699046561102,4719,18.726190476190474,0.37136127938165053,0.31580388109710067,0.32498530286169725,1.0946807806525272,-0.48823251155792,-0.1787478508570355,-0.4004377060649829,0.01362905679508808,3.969393904621443e-05,0.009909613656666452,0.27516453852662137,0.28468653053370463,0.29062729034234697,0.20815513267975774,Static grid search,,1.0
Static grid candidate 389,Direct daily source P&L,1.01891135988571,4719,18.726190476190474,0.3682133201228668,0.3135057428059708,0.324985917636466,1.0882136955269748,-0.4482402963854474,-0.1961325836857471,-0.6276231583540066,0.010481097536304329,3.135345227714816e-05,0.007904480475769709,0.27248150216230854,0.28461891518213817,0.3010811197538544,0.20553330854849264,Static grid search,,1.0
Static grid candidate 415,Direct daily source P&L,1.0509010005086639,4719,18.726190476190474,0.36895501169184963,0.314047683598223,0.3249799103511502,1.089455383276058,-0.43895773477197786,-0.1647362418195485,-0.4964493160111237,0.011222789105287179,3.2954835286878656e-05,0.008344801498795741,0.2712864631677418,0.27229802902800615,0.2802224607711525,0.30172630577451853,Static grid search,,1.0
Static grid candidate 035,Direct daily source P&L,1.0631193063036612,4719,18.726190476190474,0.36997315850496304,0.3147911473159576,0.32498169276745403,1.0919417506784015,-0.46898642773703103,-0.1879514638256027,-0.5584353226787473,0.012240935918400586,3.6161459912917213e-05,0.00953175976419186,0.26061406854385444,0.2675063788932627,0.26590642640522144,0.35114402479054996,Static grid search,,1.0
Static grid candidate 263,Direct daily source P&L,1.0787552765320454,4719,18.726190476190474,0.36904912677038637,0.3141164308124819,0.324985820276171,1.089421107934572,-0.49487538720950186,-0.15968641594384592,-0.4127240350865213,0.011316904183823917,3.291063097742232e-05,0.00878789699189909,0.2572623544022417,0.26511285400299767,0.2553974354522314,0.3899016419650247,Static grid search,,1.0
Static grid candidate 068,Direct daily source P&L,1.067042633264124,4719,18.726190476190474,0.36696374960613,0.31259203917961353,0.32498589279468754,1.084821622947875,-0.4460044952605975,-0.1437899768347118,-0.4582180602287869,0.009231527019567531,2.6978755498547608e-05,0.007232786183100657,0.25623666565659536,0.26995464273322767,0.27104485780786725,0.39621809348789877,Static grid search,,1.0
Static grid candidate 115,Direct daily source P&L,1.0673512894147634,4719,18.726190476190474,0.36622296436751056,0.3120499721097196,0.3249861077902778,1.0831542537653736,-0.48840242709460924,-0.16796866756495207,-0.45542525397662736,0.008490741780948108,2.4828378576670457e-05,0.0067045338459577235,0.2543927674689803,0.2575517255140556,0.24828666350051845,0.37039023096617474,Static grid search,,1.0
Static grid candidate 229,Direct daily source P&L,1.0182595560568526,4719,18.726190476190474,0.3678038607980523,0.3132064323113393,0.3249788106513925,1.0868960123485714,-0.45402497926114804,-0.17973020443199134,-0.49549121878307717,0.01007163821148982,2.9654059289128157e-05,0.008135730305069169,0.25038747273685613,0.2517515052217032,0.26642566901080494,0.14839996906790248,Static grid search,,1.0
Static grid candidate 246,Direct daily source P&L,1.0182595560568526,4719,18.726190476190474,0.3678038607980523,0.3132064323113393,0.3249788106513925,1.0868960123485714,-0.45402497926114804,-0.17973020443199134,-0.49549121878307717,0.01007163821148982,2.9654059289128157e-05,0.008135730305069169,0.25038747273685613,0.2517515052217032,0.26642566901080494,0.14839996906790248,Static grid search,,1.0
"Static: commodities 16%, gold only",Direct daily source P&L,1.0410993343715043,4719,18.726190476190474,0.3643539438968313,0.31068101542008464,0.3249853781702127,1.0789085551766384,-0.46250842326524955,-0.16309597292801226,-0.446403815925767,0.0066217213102688355,1.9352775238023696e-05,0.005399057747246177,0.24623527495184158,0.25605878409635513,0.25466696682732376,0.24218804698996974,Static risk budgets,Change static commodity beta and its mix.,1.0
Static grid candidate 439,Direct daily source P&L,1.0098526753225134,4719,18.726190476190474,0.365798573080359,0.3117392927942392,0.32497965084994035,1.0826283508368917,-0.434917830267736,-0.18980042564237926,-0.59618224755989,0.008066350493796559,2.415013075223981e-05,0.006783835976683082,0.24455082728989042,0.2363465453410745,0.249455112828583,0.10543696548005664,Static grid search,,1.0
"Momentum tilt relative: 13w, k=0.25, reb 4w",Direct daily source P&L,1.0508853183151625,4719,18.726190476190474,0.36225788258992364,0.3091435309131626,0.3249774317160654,1.074278684610002,-0.4435867465725696,-0.12787504121484197,-0.504190959460279,0.004525660003361187,1.3381712007243042e-05,0.0038233186943007914,0.2404341581763579,0.25175785284243285,0.24664300651130225,0.25549184853222523,Dynamic momentum allocation,Tilt baseline sleeve weights toward stronger trailing risk-adjusted momentum.,1.0
Static grid candidate 387,Direct daily source P&L,1.0269718377988954,4719,18.726190476190474,0.36620488495852,0.31203673889004246,0.32498609137549145,1.083170122435385,-0.4741465143880601,-0.18389839420582063,-0.4420371667500815,0.00847266237195754,2.484884412331182e-05,0.0071149005738715045,0.23991773071393951,0.249958497691826,0.2576169063317095,0.1755734991695253,Static grid search,,1.0
Static grid candidate 369,Direct daily source P&L,1.062411715263413,4719,18.726190476190474,0.3712877236617276,0.31575024264766055,0.3249808435945439,1.0948096233302211,-0.45032911545404464,-0.1828807413086302,-0.5318380346858563,0.013555501075165122,3.986010519800157e-05,0.011592226415722573,0.2362090724210104,0.2349859772240243,0.23403565822572198,0.30584597840610256,Static grid search,,1.0
Static grid candidate 147,Direct daily source P&L,1.0197275992508092,4719,18.726190476190474,0.3633511838991439,0.3099457746254395,0.324982385706053,1.0763892773069843,-0.5099439437660003,-0.1073908489754843,-0.3486231046094574,0.005618961312581439,1.610370655692294e-05,0.004688169225402182,0.23596498210187095,0.2358600895512199,0.23211570235274573,0.05168237411142752,Static grid search,,1.0
Static grid candidate 064,Direct daily source P&L,1.0621046763235753,4719,18.726190476190474,0.3655770028371421,0.31157705202028196,0.32497985551893127,1.0816064092514361,-0.4383752621393193,-0.1232142038459394,-0.42376956304507457,0.007844780250579664,2.2832150532902218e-05,0.006802872985899831,0.23055760138386522,0.22644107728225082,0.2310308859705207,0.3028842500643929,Static grid search,,1.0
Static grid candidate 156,Direct daily source P&L,1.0861225595267958,4719,18.726190476190474,0.36974704290771343,0.3146260825785829,0.3249811243435711,1.090996144684657,-0.4825097685233152,-0.12154254565939547,-0.4172789381591225,0.012014820321150976,3.494192837336557e-05,0.010424905991196637,0.23025003796651067,0.23163827576147253,0.22252137852017786,0.3733943109786871,Static grid search,,1.0
Static grid candidate 273,Direct daily source P&L,1.0744000783421197,4719,18.726190476190474,0.36862856079856776,0.31380918794233914,0.32498566940979157,1.0885169845946143,-0.45773057114517834,-0.14802427281000213,-0.43260119282758464,0.010896338212005308,3.174459889215952e-05,0.009496787414816498,0.22962444316214006,0.23710608996445592,0.23006882996977365,0.3566829800146703,Static grid search,,1.0
Static grid candidate 089,Direct daily source P&L,1.0159312040357615,4719,18.726190476190474,0.36619520697436925,0.31202965501958047,0.32498081650309435,1.0831572553076163,-0.4985293329191779,-0.1809697993311397,-0.44790526978808154,0.008462984387806793,2.4832249613293318e-05,0.00744589755860578,0.22909942381179135,0.23762961807622118,0.25055989282314817,0.10470148323192544,Static grid search,,1.0
Static grid candidate 371,Direct daily source P&L,1.060135828974627,4719,18.726190476190474,0.3662804886045843,0.3120920757982025,0.32498336211146434,1.08343520397457,-0.44998798855078503,-0.16205035652697738,-0.4972680366984051,0.008548266018021833,2.5190715155991245e-05,0.007764251473504427,0.22287732808584926,0.23233450896645566,0.2325560258648775,0.3037293370955897,Static grid search,,1.0
Static grid candidate 076,Direct daily source P&L,1.069375745190669,4719,18.726190476190474,0.3687211289840058,0.3138768213804921,0.32498500118422396,1.0885214214405292,-0.4667042312478632,-0.12686386036222996,-0.3438515828064724,0.010988906397443321,3.175032101486776e-05,0.009847948893563913,0.22147633244475454,0.2340780124386916,0.23016363487662211,0.31033358773199066,Static grid search,,1.0
Static grid candidate 294,Direct daily source P&L,1.0724421680529377,4719,18.726190476190474,0.36685989325663404,0.3125160603579231,0.3249839295203511,1.084373694941523,-0.46339204896688513,-0.1218203461409991,-0.3758057962351111,0.009127670670071586,2.6401070569720525e-05,0.008282969223873074,0.21895782930969712,0.21629458809569235,0.2135480530399306,0.32680670025459135,Static grid search,,1.0
"Equity trend filter: 26w, cut 25%, reb 1w",Direct daily source P&L,1.0568964672846923,4719,18.726190476190474,0.3621124281331358,0.30903675067381486,0.3249796320905412,1.0738145066033733,-0.45354912221960986,-0.11472820965424334,-0.44596005437910113,0.004380205546573368,1.278306973678921e-05,0.004012263116257241,0.2188621904076774,0.2262251347041929,0.223731123913288,0.3079912536631036,Regime allocation,"When QQQ momentum is negative, reallocate part of direct equity to trend, rates and styles.",1.0
Static grid candidate 252,Direct daily source P&L,1.0549952923477648,4719,18.726190476190474,0.36703936676597415,0.3126473552539888,0.3249845502171729,1.0851018392889318,-0.4719760254142732,-0.1758105790773986,-0.4673406739888094,0.009307144179411697,2.7340145620942407e-05,0.00871667605268854,0.21546409320631835,0.22818128504603188,0.22988778087266132,0.271922056181281,Static grid search,,1.0
Static grid candidate 082,Direct daily source P&L,1.074876857284304,4719,18.726190476190474,0.3657416642344744,0.31169762484066865,0.3249786537983891,1.0819981654960786,-0.47267552238876775,-0.12112473672316577,-0.432374575024831,0.008009441647911952,2.3337391721429257e-05,0.007478717598705761,0.21436316979628336,0.21216251134242414,0.2094350317941943,0.34372319999420753,Static grid search,,1.0
Static grid candidate 410,Direct daily source P&L,1.0714755369353646,4719,18.726190476190474,0.36844678533869724,0.3136763633488225,0.32497810800178983,1.087969707458037,-0.4840141527259746,-0.12905863488168798,-0.38089589570458404,0.010714562752134782,3.103878512474849e-05,0.010028966943276183,0.21260501433540094,0.21099012348176624,0.20668574933235656,0.29519344725872854,Static grid search,,1.0
Leverage cap 8x proxy,Direct daily source P&L,1.0456557207836668,4719,18.726190476190474,0.35878702163555753,0.30659240591599096,0.3249808715067727,1.0663485035001776,-0.47313924632387994,-0.11561118169292076,-0.4737480468819209,0.001054799048995081,3.154295893381954e-06,0.0010387055498731889,0.2086099250863217,0.1981694195291908,0.19924549327365448,0.19582223839705537,Leverage implementation,Cap the aggregate volatility-scaling multiplier to reduce calm-regime leverage.,1.0
"Equity trend filter: 26w, cut 25%, reb 4w",Direct daily source P&L,1.0559428112421785,4719,18.726190476190474,0.3617852901569216,0.30879655224375613,0.324978975080698,1.0730397306764747,-0.4533193522344209,-0.11496023254310382,-0.4297358168221383,0.00405306757035917,1.1783854751701678e-05,0.003967763623795629,0.20401710370573073,0.21339464060824043,0.21605349452772601,0.28766652619231375,Regime allocation,"When QQQ momentum is negative, reallocate part of direct equity to trend, rates and styles.",1.0
Static grid candidate 200,Direct daily source P&L,1.0305189427288,4719,18.726190476190474,0.3687316688164781,0.3138845218474963,0.3249790421144339,1.0890126176208572,-0.44228541451419934,-0.18461547697396516,-0.5021531658673051,0.010999446229915666,3.2383808152195166e-05,0.010925186549156187,0.20362169359685311,0.20230932611347927,0.20855606422824174,0.16686782746602014,Static grid search,,1.0
Static: trend total 40%,Direct daily source P&L,1.0754252568176286,4719,18.726190476190474,0.36484301464821134,0.311039414439316,0.3249813179544802,1.0799051772371864,-0.451568817096631,-0.120586938054518,-0.4040452546055575,0.007110792061648885,2.0638101308175385e-05,0.007006468008590813,0.20234644805699029,0.20463109649856706,0.20622408841817466,0.33874025511862005,Static risk budgets,Change the trend-following allocation and rescale all other sleeves pro rata.,1.0
Static grid candidate 160,Direct daily source P&L,1.0858606337015098,4719,18.726190476190474,0.36890477885570894,0.31401098863208965,0.32498436058372954,1.0889410496891114,-0.46214436362684475,-0.12959713770128103,-0.35098797739340837,0.011172556269146483,3.2291508240221494e-05,0.011013791937424786,0.2014078766135293,0.20343930031179133,0.19961997762667594,0.33254999529798007,Static grid search,,1.0
Static grid candidate 223,Direct daily source P&L,1.0672215806781942,4719,18.726190476190474,0.3647011812221932,0.3109354898160321,0.3249818299359592,1.0795937583070234,-0.44269356851609876,-0.11986516768785563,-0.40988156397070197,0.00696895863563074,2.0236469751417646e-05,0.00692341253495044,0.20078882155253996,0.20148076552515296,0.20803760401675753,0.31445880821417055,Static grid search,,1.0
Static grid candidate 142,Direct daily source P&L,1.0626140350655813,4719,18.726190476190474,0.36141115802358015,0.3085217779901796,0.3249804520682353,1.0722637837459825,-0.47317128416575327,-0.11896302842023958,-0.45705775306943425,0.003678935437017694,1.0783129543725978e-05,0.003691231426267815,0.200677432825283,0.20619071055724866,0.20022658948166192,0.36010937451116487,Static grid search,,1.0
"Momentum tilt relative: 13w, k=0.50, reb 13w",Direct daily source P&L,1.0512777991954503,4719,18.726190476190474,0.36284126793017824,0.30957168806777874,0.32497898891729615,1.075557666152001,-0.4541992844583924,-0.12533049973246668,-0.4886842538091768,0.005109045343615781,1.5031192170535402e-05,0.005235815444656421,0.1972123399150189,0.21196474843320973,0.21742597196576344,0.20453278999376193,Dynamic momentum allocation,Tilt baseline sleeve weights toward stronger trailing risk-adjusted momentum.,1.0
Static grid candidate 495,Direct daily source P&L,1.0548256993557394,4719,18.726190476190474,0.3679178255939328,0.3132897483858603,0.32497837778532895,1.0872608729354674,-0.45853160935876813,-0.18874153115876058,-0.5424817250716876,0.01018560300737037,3.0124613617466102e-05,0.010836139778456908,0.19097295822021032,0.18896478199065386,0.18978411260189712,0.2369689998447712,Static grid search,,1.0
Static grid candidate 353,Direct daily source P&L,1.0451737264840204,4719,18.726190476190474,0.36444756650611954,0.31074963353610996,0.32498762216850535,1.0789449642746618,-0.44486309341351804,-0.15251459733748737,-0.37344959013820606,0.006715343919557082,1.939973141603014e-05,0.0070640669175054335,0.18865394935399793,0.19468137225269397,0.1960073709923293,0.19434642603454447,Static grid search,,1.0
"Vol forecast: fast 13w, slow 26w, floor 4%",Direct daily source P&L,1.0447317078350378,4719,18.726190476190474,0.3585502902660389,0.3064181681656158,0.32498093925520793,1.0658088183414764,-0.4717741794530411,-0.11518869121249965,-0.47234921771871896,0.000818067679476453,2.4582733672797634e-06,0.0009467842551843373,0.17836274094680785,0.16942495134493335,0.1697905397798546,0.14812357411589083,Volatility targeting,Change the speed and floor of the no-lookahead volatility estimator.,1.0
"Static: commodities 4%, metals only",Direct daily source P&L,1.0372756580433893,4719,18.726190476190474,0.35888052889960265,0.30666122026678466,0.3249807185016194,1.066503238911233,-0.4519284211976067,-0.1124877752969544,-0.44865880288045046,0.0011483063130401927,3.3538554512907276e-06,0.00130021758997701,0.17719574643393604,0.1701826213381281,0.16867453749080957,-0.001371227304472778,Static risk budgets,Change static commodity beta and its mix.,1.0
Static grid candidate 218,Direct daily source P&L,1.0586720057941295,4719,18.726190476190474,0.3660618212285689,0.31193201724646474,0.3249897412185462,1.0827784700069487,-0.45613108472976405,-0.185851235810042,-0.4418920409623148,0.008329598642006442,2.4343736824733908e-05,0.009487032128743128,0.17627140316278844,0.18252715817752413,0.17975689767572506,0.23853418661038206,Static grid search,,1.0
Static grid candidate 450,Direct daily source P&L,1.0818526085953453,4719,18.726190476190474,0.36702530720667226,0.3126370705233921,0.3249840456859173,1.0848162593871804,-0.4443214562683363,-0.12342107750027738,-0.39285664485642424,0.009293084620109804,2.6971838207969254e-05,0.010512924734323621,0.17624304165248406,0.17598277927411948,0.17488811345264352,0.30503745120469006,Static grid search,,1.0
Static grid candidate 282,Direct daily source P&L,1.061830002172731,4719,18.726190476190474,0.362540081638727,0.3093506648390663,0.32498416136898584,1.0746042549502424,-0.4503809394715159,-0.11534336902019161,-0.36846087204053435,0.00480785905216452,1.3801594390489785e-05,0.0054776151449115185,0.1730863154300306,0.1787781009760707,0.18910804044272156,0.2799075702311935,Static grid search,,1.0
Static grid candidate 472,Direct daily source P&L,1.0358067267331268,4719,18.726190476190474,0.36570099461937344,0.31166784598737846,0.3249839838944883,1.0824614115996083,-0.46543310520077597,-0.18903527315579288,-0.5967214681735266,0.007968772032810989,2.393483213272694e-05,0.009524076217677379,0.17263645615497444,0.1804098281325612,0.18258179933154148,0.16669649441924536,Static grid search,,1.0
Static grid candidate 037,Direct daily source P&L,1.0344324806801886,4719,18.726190476190474,0.36405332499629517,0.3104606532291613,0.32497726876684985,1.0785298529921727,-0.4477389980650901,-0.18136214704626966,-0.5389742708827704,0.006321102409732715,1.8864369642978902e-05,0.007595281352788536,0.1706174395765057,0.16949171802976334,0.17743431312229666,0.13457149956536432,Static grid search,,1.0
Static grid candidate 409,Direct daily source P&L,1.0478916752113145,4719,18.726190476190474,0.36280702110248386,0.3095465587597649,0.3249809733657071,1.0755803281571499,-0.46742866519122106,-0.1423521021757543,-0.5200472920755017,0.005074798515921408,1.5060418962889975e-05,0.006109222348352926,0.1693464552554888,0.16912214175979512,0.1600111079806037,0.19980661088313653,Static grid search,,1.0
Static grid candidate 233,Direct daily source P&L,1.059992396261633,4719,18.726190476190474,0.36690436748778965,0.3125485973486208,0.3249782264177624,1.0844261860327702,-0.46610861353503363,-0.14223676493989124,-0.34907306022612455,0.009172144901227197,2.6468767413590734e-05,0.010997253155001552,0.1653386867674739,0.16452177233699933,0.16531502976974544,0.2025275504127177,Static grid search,,1.0
Static grid candidate 030,Direct daily source P&L,1.0177163164683258,4719,18.726190476190474,0.3637927062210846,0.3102695729606852,0.3249842434587128,1.0775740243774148,-0.5359803706918529,-0.17861909635275952,-0.3835561916571288,0.006060483634522162,1.763165416759662e-05,0.0077421674096869696,0.15644276734710927,0.16303801940642784,0.16699383597889,0.042954012946901966,Static grid search,,1.0
Static grid candidate 128,Direct daily source P&L,1.0523984899426997,4719,18.726190476190474,0.36447807710669555,0.3107719944242849,0.3249905513813115,1.0793945727146999,-0.43719774082730456,-0.1862513733973018,-0.5232233920752672,0.006745854520133099,1.9979583570841383e-05,0.009066496473901849,0.15138119310440223,0.15691042773968228,0.15693951672227668,0.2069918272017791,Static grid search,,1.0
Static grid candidate 254,Direct daily source P&L,1.0443840940544422,4719,18.726190476190474,0.3633187074627289,0.3099219533066068,0.3249818616929574,1.0772444205639256,-0.4672460749306673,-0.2023455840501008,-0.6718654218756692,0.00558648487616642,1.720656988432731e-05,0.007985418761531913,0.14802040752706047,0.1496163113686453,0.1487204273745068,0.18596688027059227,Static grid search,,1.0
Static grid candidate 274,Direct daily source P&L,1.072395371137798,4719,18.726190476190474,0.36573009758737673,0.3116891556723181,0.3249846601301479,1.0817088511639184,-0.45297654792682085,-0.13873519231319412,-0.31510191300103624,0.00799787500081428,2.2964268078761994e-05,0.010721393532366508,0.14713851191915697,0.15150757750378457,0.15035676734469042,0.23038182688441702,Static grid search,,1.0
Static grid candidate 096,Direct daily source P&L,1.0577829287519707,4719,18.726190476190474,0.36249276729466096,0.3093159391335844,0.32498790674689604,1.0746225570998251,-0.42890718943348816,-0.12315902171372052,-0.4179493872220414,0.004760544708098502,1.3825198353245223e-05,0.006602960316625689,0.14383271304643946,0.15005036646440012,0.15631243257642466,0.22734756216269203,Static grid search,,1.0
Static grid candidate 393,Direct daily source P&L,1.0350457417093062,4719,18.726190476190474,0.36172790362272433,0.3087544106933959,0.32498372156998473,1.0727053180406898,-0.4988583062768591,-0.1095376288566795,-0.3398545519999972,0.00399568103616188,1.1352568614280878e-05,0.0054846598706413995,0.14219012106402681,0.14310992939905381,0.14282965661224192,0.07377833944595041,Static grid search,,1.0
Static grid candidate 209,Direct daily source P&L,1.0467328484927496,4719,18.726190476190474,0.36282809556626683,0.3095620226519455,0.32498195258380413,1.0752004482665267,-0.4764827970247698,-0.12426929297039939,-0.33919473926156785,0.0050958729797043745,1.457049450077663e-05,0.0070466167026148096,0.14204260585819287,0.14594391306266477,0.14388878614091302,0.13495873031577493,Static grid search,,1.0
Static grid candidate 269,Direct daily source P&L,1.0539772081209817,4719,18.726190476190474,0.3627183215006924,0.309481470682662,0.3249811970379024,1.0753369463049671,-0.4444690752942737,-0.1603699187422629,-0.4765347124519274,0.004986098914129933,1.4746533637654433e-05,0.007624765853606068,0.13285821794462535,0.13695241889573576,0.14029815094620832,0.17775371364804277,Static grid search,,1.0
Static grid candidate 185,Direct daily source P&L,1.0523147630016532,4719,18.726190476190474,0.36311013736980735,0.3097689545634166,0.32498301893653275,1.0764537237162148,-0.47869862811192376,-0.18573916849405914,-0.5448100652670587,0.005377914783244897,1.618682196565226e-05,0.00838704647754358,0.1325798517407164,0.13918814142409183,0.1410093708992976,0.18245680036019357,Static grid search,,1.0
Static grid candidate 001,Direct daily source P&L,1.0478025608066852,4719,18.726190476190474,0.36417896604866784,0.31055275759496126,0.3249777882943234,1.0787308436067669,-0.45433093552779025,-0.1797161806633697,-0.5027477995806477,0.0064467434621053865,1.9123583729260952e-05,0.010083294774913135,0.13028421687068495,0.13109368495268245,0.13496839655394038,0.14597797588202477,Static grid search,,1.0
Static grid candidate 357,Direct daily source P&L,1.0478025608066852,4719,18.726190476190474,0.36417896604866784,0.31055275759496126,0.3249777882943234,1.0787308436067669,-0.45433093552779025,-0.1797161806633697,-0.5027477995806477,0.0064467434621053865,1.9123583729260952e-05,0.010083294774913135,0.13028421687068495,0.13109368495268245,0.13496839655394038,0.14597797588202477,Static grid search,,1.0
"High-vol equity cut: 13w, q80%, cut 50%",Direct daily source P&L,1.068828454805853,4719,18.726190476190474,0.3620048939079328,0.30895780089849534,0.3249828880866753,1.0735432753297127,-0.5162486960513675,-0.11363112931559177,-0.4295149508359518,0.004272671321370325,1.2433267498933177e-05,0.006920626556338587,0.1234141201140255,0.1273590475137409,0.13058282658248382,0.2270643947573126,Regime allocation,Reduce direct equity during unusually high realized-volatility regimes.,1.0
Static grid candidate 063,Direct daily source P&L,1.0740810814964643,4719,18.726190476190474,0.3626265314107462,0.3094141103338372,0.3249871523597789,1.0752412632624384,-0.48289006216614916,-0.1786525279585684,-0.506377979957294,0.004894308824183735,1.4623132888361235e-05,0.008835700010114017,0.11369057241073806,0.11917166521680517,0.11837008522468673,0.24344656929343275,Static grid search,,1.0
Static grid candidate 174,Direct daily source P&L,1.015274967554141,4719,18.726190476190474,0.3600786686102737,0.3075425426414057,0.32498019725406263,1.0696422618703318,-0.42819069040414093,-0.17340178891835573,-0.5915206961902367,0.002346446023711257,7.402198553302769e-06,0.004474067403936967,0.11365359989724472,0.1115583136119896,0.11996046016708652,-0.06205708766636916,Static grid search,,1.0
Static: styles-trend maximizer,Direct daily source P&L,1.0860339839173652,4719,18.726190476190474,0.36484401805318556,0.3110401496188161,0.3249812627898303,1.0797964905493471,-0.48532865192510166,-0.12834581641338746,-0.35474637143255955,0.007111795466623105,2.0497929984572733e-05,0.013252664560899295,0.10625069717142896,0.10618917195183795,0.10361070070885263,0.21917497056015814,Alternative allocation,Pre-specified multi-sleeve composition hypothesis.,1.0
Static grid candidate 065,Direct daily source P&L,1.0858897696218242,4719,18.726190476190474,0.3635241086695695,0.3100726046063548,0.3249846089578485,1.0767984414521496,-0.45073158910164435,-0.1336589706590204,-0.3418925002280815,0.0057918860830070695,1.6631398410806283e-05,0.010917774901043708,0.10464527415172736,0.10709495231208577,0.10642840738124185,0.23368171136483795,Static grid search,,1.0
Static grid candidate 164,Direct daily source P&L,1.0283517825098945,4719,18.726190476190474,0.360914956858162,0.3081572359404957,0.32498610928090504,1.071432779040266,-0.46505919713218835,-0.197539738892928,-0.512871292174873,0.003182734271599541,9.71139728436895e-06,0.00656974415706189,0.10154493183890485,0.1040696344468624,0.11391896610251379,0.04227812617981381,Static grid search,,1.0
"Vol forecast: fast 26w, slow 104w, floor 4%",Direct daily source P&L,1.0431844598258695,4719,18.726190476190474,0.3585343625255617,0.3064064440255818,0.32498032555670825,1.0657266848067652,-0.46843806161744994,-0.11203982523226363,-0.4521099451581155,0.0008021399389992467,2.3523471816397583e-06,0.00167701220538663,0.09635853414221714,0.09803047877445303,0.09331557331385998,0.09782208155771205,Volatility targeting,Change the speed and floor of the no-lookahead volatility estimator.,1.0
Static grid candidate 135,Direct daily source P&L,1.0771291383811148,4719,18.726190476190474,0.3608573437120899,0.30811490091778376,0.3249854199436228,1.0710573832444061,-0.45744765106348706,-0.12814002988662762,-0.47251034745949627,0.0031251211255274303,9.227255880978386e-06,0.006633341881173896,0.09555758634732753,0.09814972652665746,0.0982188823326243,0.28074266938665404,Static grid search,,1.0
Static grid candidate 090,Direct daily source P&L,1.0874790985570586,4719,18.726190476190474,0.3620947484396311,0.30902377097560624,0.32498633186831266,1.0736870264227556,-0.4797313250817621,-0.13157127147158462,-0.3915982088460233,0.004362525853068622,1.2618660773691179e-05,0.009739030374084233,0.08900666603551662,0.09294973567230594,0.09011264234364569,0.24046437816952343,Static grid search,,1.0
Static grid candidate 408,Direct daily source P&L,1.0551822898471428,4719,18.726190476190474,0.3603703036560928,0.3077569447859853,0.32498683617586965,1.0697270531945182,-0.45633133844921914,-0.1357380167663888,-0.37835694511354473,0.0026380810695303403,7.511552443623119e-06,0.006058342435835079,0.08517279027940497,0.08658420110400114,0.08812192089537892,0.13834460293642842,Static grid search,,1.0
Static grid candidate 056,Direct daily source P&L,1.0818768349743026,4719,18.726190476190474,0.3626061049906364,0.3093991197456298,0.32498564110980194,1.074812879265048,-0.46006619529111037,-0.13805036971158238,-0.3784858606578405,0.004873882404073937,1.4070653526647741e-05,0.011563256794465777,0.0835909165896418,0.08623615331329844,0.08347290797012363,0.20332790237622822,Static grid search,,1.0
Static grid candidate 482,Direct daily source P&L,1.0339016107168002,4719,18.726190476190474,0.3603305913561732,0.3077277520878864,0.32498518754281247,1.0697706510045293,-0.4631352049312545,-0.16787621461281585,-0.42526172258064004,0.002598368769610726,7.5677797779624975e-06,0.006234509257156457,0.0833856272850837,0.08470701254332806,0.08416906088148812,0.026768570734354517,Static grid search,,1.0
Static grid candidate 107,Direct daily source P&L,1.0537645508728972,4719,18.726190476190474,0.3615003408334947,0.3085872834684032,0.3249793064659516,1.0728592748940646,-0.4546755604762235,-0.18509432156623642,-0.5836412665844354,0.0037681182469322394,1.1551124079943016e-05,0.009549480242751394,0.08309396890430427,0.08134548182972236,0.08066059145968331,0.13565788882591484,Static grid search,,1.0
Static grid candidate 426,Direct daily source P&L,1.0297806712408768,4719,18.726190476190474,0.36175788407303977,0.30877642692748225,0.32498212574608365,1.0735222551864223,-0.45498855361723256,-0.19164649964109806,-0.5856267139132485,0.004025661486477317,1.2406158187149643e-05,0.010315720959695492,0.08261572476048779,0.08286834798578077,0.08386963392309026,0.05025544646232938,Static grid search,,1.0
Static grid candidate 025,Direct daily source P&L,1.078416860575157,4719,18.726190476190474,0.3615972556922975,0.30865846333280983,0.3249859111675058,1.0725572879035288,-0.4497155359504805,-0.12575357749786267,-0.39069494224872275,0.0038650331057350495,1.1161656731037652e-05,0.009336449389303478,0.08212434207205005,0.08597508818150164,0.08576029356435175,0.2115386793945392,Static grid search,,1.0
Static grid candidate 193,Direct daily source P&L,1.0701963137191297,4719,18.726190476190474,0.3614743580803459,0.3085681993739676,0.3249877416296155,1.0724444279136827,-0.45743018410698133,-0.17405761669018546,-0.4557056646540403,0.0037421354937834383,1.1016103172703985e-05,0.009525955632412248,0.07944094997941133,0.08354999164070082,0.08178832713699065,0.1845926653406231,Static grid search,,1.0
"High-vol equity cut: 13w, q70%, cut 75%",Direct daily source P&L,1.0666746084214365,4719,18.726190476190474,0.3620452487654007,0.30898742947018654,0.32498187379349136,1.0737375378904725,-0.5506393349537183,-0.15611534918758743,-0.4661642394381978,0.00431302617883822,1.2683804531659565e-05,0.011433752406413622,0.07620539977290772,0.08188112647528534,0.0831535381047428,0.14227934826983243,Regime allocation,Reduce direct equity during unusually high realized-volatility regimes.,1.0
Static grid candidate 293,Direct daily source P&L,1.0519885936218605,4719,18.726190476190474,0.36192427571013996,0.3088986083183684,0.32498304938478806,1.0732265072767946,-0.468457651032275,-0.1392805623602311,-0.3636174912705001,0.0041920531235775105,1.2024737271955576e-05,0.011014774060719596,0.07499373637510236,0.07468497082354418,0.07345190385386968,0.08983500366088447,Static grid search,,1.0
Static grid candidate 402,Direct daily source P&L,1.0835895059613663,4719,18.726190476190474,0.36075487483497115,0.30803960078761117,0.32498440730810946,1.0706074332817237,-0.45013203745900277,-0.12642833916940155,-0.376719055300473,0.003022652248408697,8.646963270376407e-06,0.008628830863766444,0.06883933186907976,0.07033147715058705,0.07147729079200955,0.2178476991903391,Static grid search,,1.0
Static grid candidate 306,Direct daily source P&L,1.0680094491914962,4719,18.726190476190474,0.3602758471336782,0.3076875079557494,0.32498985639810246,1.0698814127859668,-0.4572637122232307,-0.1669063313560805,-0.5264951568330619,0.0025436245471157637,7.710627313546819e-06,0.00802927777612238,0.06596874442551129,0.06660533800226974,0.06628413791264236,0.18599584327934374,Static grid search,,1.0
Static grid candidate 422,Direct daily source P&L,1.0209227784122061,4719,18.726190476190474,0.35953312818651106,0.3071413527129595,0.3249815122164894,1.0685373354327374,-0.42980766698406003,-0.180597750750918,-0.6441785385448744,0.00180090559994861,5.977194219104095e-06,0.0064808260740071314,0.0633566185219195,0.06216627847965057,0.06219750899697457,-0.008320019390073301,Static grid search,,1.0
Static grid candidate 122,Direct daily source P&L,1.0654498492294628,4719,18.726190476190474,0.3596280592854002,0.3072111765243353,0.32498109517430257,1.0681271241690893,-0.44442277235420535,-0.12122788705507169,-0.4124006314676896,0.0018958366988377495,5.448151914795835e-06,0.006061195905321063,0.06174700202364597,0.06220850335401657,0.06283518480762097,0.16264270153223642,Static grid search,,1.0
"Momentum tilt relative: 13w, k=0.50, reb 4w",Direct daily source P&L,1.0543185407052247,4719,18.726190476190474,0.3596673998412865,0.3072401108983163,0.3249746490627594,1.0684886149553703,-0.4296665414305615,-0.13437288911520834,-0.533271494618878,0.0019351772547240298,5.914360270118887e-06,0.006845352989243385,0.05935221297924635,0.06197825953790304,0.060562274662343374,0.07050876327676392,Dynamic momentum allocation,Tilt baseline sleeve weights toward stronger trailing risk-adjusted momentum.,1.0
Static grid candidate 066,Direct daily source P&L,1.0279200091157612,4719,18.726190476190474,0.3594477810225567,0.30707857392426446,0.3249875306985399,1.068605616035491,-0.4748236302209633,-0.20817433335609123,-0.6866286687383486,0.0017155584359942466,6.065254520274334e-06,0.008106275676779776,0.051398760952737065,0.05104837079153162,0.054667455859609713,0.02715779674262895,Static grid search,,1.0
Static grid candidate 235,Direct daily source P&L,1.0811308450372152,4719,18.726190476190474,0.3594343674997307,0.3070687069847696,0.32498538661142284,1.067730986725076,-0.43757015715069136,-0.12345277229832458,-0.42668671442876144,0.0017021449131682242,4.937260369937409e-06,0.00763011475634388,0.04445083766586192,0.04499979290227796,0.04597869846133554,0.20904495698422082,Static grid search,,1.0
"High-vol equity cut: 26w, q90%, cut 75%",Direct daily source P&L,1.0583449758128038,4719,18.726190476190474,0.35931693631573314,0.30698232086780075,0.3249806144493801,1.0674657012980673,-0.5765075552309498,-0.16733002856004361,-0.41902174053711183,0.0015847137291706836,4.595126386692475e-06,0.00758189164073208,0.04163368733262781,0.045456368407084724,0.04029637604876754,0.09782269720194614,Regime allocation,Reduce direct equity during unusually high realized-volatility regimes.,1.0
Static grid candidate 248,Direct daily source P&L,1.0568250088778888,4719,18.726190476190474,0.3593222271694063,0.30698621314872127,0.3249885661782399,1.0683996976207932,-0.4897215801102309,-0.21084424461478624,-0.7167849539663623,0.0015900045828438625,5.799685136239523e-06,0.009818084247540923,0.04057912243302573,0.04088986945255574,0.04151883736895501,0.12022041224128047,Static grid search,,1.0
"Vol forecast: fast 26w, slow 26w, floor 2%",Direct daily source P&L,1.0427189160097239,4719,18.726190476190474,0.3579956652125307,0.306009837093509,0.32498026225712046,1.0644834804387204,-0.464482504599106,-0.11084876058050289,-0.44287564613021846,0.0002634426259682243,7.49008214915555e-07,0.0014376155426468365,0.03579058608222596,0.037251154410623155,0.035695051720311274,-0.01822489967052515,Volatility targeting,Change the speed and floor of the no-lookahead volatility estimator.,1.0
"Vol forecast: fast 26w, slow 26w, floor 1%",Direct daily source P&L,1.0427189160097239,4719,18.726190476190474,0.3579956652125307,0.306009837093509,0.32498026225712046,1.0644834804387204,-0.464482504599106,-0.11084876058050289,-0.44287564613021846,0.0002634426259682243,7.49008214915555e-07,0.0014376155426468365,0.03579058608222596,0.037251154410623155,0.035695051720311274,-0.01822489967052515,Volatility targeting,Change the speed and floor of the no-lookahead volatility estimator.,1.0
Static grid candidate 349,Direct daily source P&L,1.0369434322087723,4719,18.726190476190474,0.35800736985455717,0.3060184561133518,0.3249802102292738,1.0644564942276729,-0.45666357306847305,-0.10919666197182366,-0.4206310980573141,0.0002751472679947131,7.142045697149912e-07,0.0015889237460937706,0.030877672583157927,0.031183215619454734,0.031140019781625627,-0.1425537742620331,Static grid search,,1.0
Static: Bitcoin total 7.5%,Direct daily source P&L,1.0345339748528246,4719,18.726190476190474,0.35793380617828774,0.305964284338988,0.32498148446709985,1.0644554890955156,-0.4619754899675673,-0.13418002331098677,-0.47929506567355995,0.00020158359172528506,7.129082683217169e-07,0.0016314604021408397,0.030018024177329048,0.03268773743884388,0.0461138517745948,-0.1754959043365134,Static risk budgets,Change Bitcoin risk budget; before Bitcoin history the weight is redistributed.,1.0
"Static: commodities 12%, metals only",Direct daily source P&L,1.0552456359112943,4719,18.726190476190474,0.35810011612523684,0.3060867496335417,0.3249837245776089,1.0647348016003408,-0.4755708849438187,-0.1196826745779549,-0.44613444131510543,0.0003678935386743909,1.0731327289101929e-06,0.0025154068239922147,0.02930692104415146,0.026941911843848716,0.026096078083980536,0.1535789816494659,Static risk budgets,Change static commodity beta and its mix.,1.0
Static grid candidate 257,Direct daily source P&L,1.0388854865797237,4719,18.726190476190474,0.3583201829044236,0.3062487766804952,0.3249832764899685,1.0652291023037423,-0.41193040090303,-0.11664304955868482,-0.44559861377443927,0.0005879603178611248,1.7106237154396621e-06,0.0052901741254116836,0.02221311731570347,0.021908449484398664,0.023654108252240267,-0.005867107483112606,Static grid search,,1.0
Static grid candidate 059,Direct daily source P&L,1.0503760339626784,4719,18.726190476190474,0.3581704657016864,0.30613854828492476,0.3249805717661841,1.0652909377090558,-0.4671714780622954,-0.18083918384105985,-0.5655449182415261,0.00043824311512397074,1.7903717580067905e-06,0.005801065025761285,0.021201201494964378,0.022119281637783983,0.023304065218618022,0.07159962309665154,Static grid search,,1.0
"Vol forecast: fast 26w, slow 52w, floor 4%",Direct daily source P&L,1.043232139387642,4719,18.726190476190474,0.35789683204201017,0.30593705573661517,0.32498035067477116,1.0642788698070953,-0.46812271427742624,-0.11194450505056418,-0.45134434728909867,0.00016460945544771732,4.851254558750738e-07,0.0016549762540092165,0.02013665297571443,0.020422678429393666,0.019396064136989497,-0.030829884916402775,Volatility targeting,Change the speed and floor of the no-lookahead volatility estimator.,1.0
"Vol forecast: fast 26w, slow 26w, floor 4%",Direct daily source P&L,1.043232139387642,4719,18.726190476190474,0.35789683204201017,0.30593705573661517,0.32498035067477116,1.0642788698070953,-0.46812271427742624,-0.11194450505056418,-0.45134434728909867,0.00016460945544771732,4.851254558750738e-07,0.0016549762540092165,0.02013665297571443,0.020422678429393666,0.019396064136989497,-0.030829884916402775,Volatility targeting,Change the speed and floor of the no-lookahead volatility estimator.,1.0
"High-vol equity cut: 26w, q80%, cut 75%",Direct daily source P&L,1.0690836574513556,4719,18.726190476190474,0.3586998802796795,0.30652827213426326,0.32498655030900536,1.066123931430704,-0.5576567696382113,-0.1430320069861395,-0.4502247125142881,0.0009676576931170189,2.864669216481916e-06,0.010085538008451765,0.01951193764657111,0.020451193521597702,0.019669631519465415,0.09418833862976443,Regime allocation,Reduce direct equity during unusually high realized-volatility regimes.,1.0
Static grid candidate 146,Direct daily source P&L,1.0253366332017726,4719,18.726190476190474,0.3579326836340222,0.3059634576825447,0.32498640259759864,1.0647837908039879,-0.4631046087103008,-0.1957807545367507,-0.5640414102828012,0.00020046104745974347,1.13631324948681e-06,0.00488202897177668,0.015989051704905874,0.016770727455398406,0.020430818344059146,-0.07933518181402255,Static grid search,,1.0
Static: all-weather aggressive,Direct daily source P&L,1.064118775988927,4719,18.726190476190474,0.3583668841320442,0.3062831576941876,0.3249813116034295,1.0651168505611712,-0.48655797279708357,-0.12943597235231727,-0.34552942458473024,0.0006346615454817517,1.5658546029970882e-06,0.009348927495744622,0.011505741971521157,0.011641988967208554,0.011519374472546383,0.0699887096974806,Alternative allocation,Pre-specified multi-sleeve composition hypothesis.,1.0
Static grid candidate 465,Direct daily source P&L,1.049777759928408,4719,18.726190476190474,0.3583879764214244,0.30629868525590304,0.3249858691438254,1.065180297139344,-0.44530877723845264,-0.1368154354980451,-0.3500791676257976,0.0006557538348619385,1.647680547068767e-06,0.009952278238727744,0.011373011906202301,0.011329537794120121,0.01116025307041163,0.018721339333222734,Static grid search,,1.0
Static grid candidate 302,Direct daily source P&L,1.031570780283186,4719,18.726190476190474,0.3578044880652871,0.30586904827491385,0.3249775520230513,1.0643670533958627,-0.45053930726303126,-0.18691118514498914,-0.5206148641533155,7.22654787246313e-05,5.988542905952142e-07,0.010972292735810442,0.00374928771020024,0.003724479849171257,0.003817228601004059,-0.029214034502632654,Static grid search,,1.0
Static grid candidate 330,Direct daily source P&L,0.9980412053820965,4719,18.726190476190474,0.3576485093494388,0.305754165994743,0.32498285785192255,1.0640814720844858,-0.42015677295200193,-0.1713661793344785,-0.5717975015290787,-8.371323712363932e-05,2.3054505965246586e-07,0.005185132534533695,0.0030543650892806812,0.003020609300880777,0.003151262125630738,-0.23792456779790636,Static grid search,,1.0
"Vol forecast: fast 26w, slow 52w, floor 2%",Direct daily source P&L,1.0426633684947442,4719,18.726190476190474,0.3577571682967766,0.3058341974598687,0.32498029482932933,1.0639430096640736,-0.46452212675154614,-0.11086073694303808,-0.443070627984322,2.4945710214163697e-05,5.197249364482669e-08,0.0014372079523440843,0.002484156381682836,0.002586750743958222,0.0024790842084668066,-0.05393246922573251,Volatility targeting,Change the speed and floor of the no-lookahead volatility estimator.,1.0
"Vol forecast: fast 26w, slow 52w, floor 1%",Direct daily source P&L,1.0426633684947442,4719,18.726190476190474,0.3577571682967766,0.3058341974598687,0.32498029482932933,1.0639430096640736,-0.46452212675154614,-0.11086073694303808,-0.443070627984322,2.4945710214163697e-05,5.197249364482669e-08,0.0014372079523440843,0.002484156381682836,0.002586750743958222,0.0024790842084668066,-0.05393246922573251,Volatility targeting,Change the speed and floor of the no-lookahead volatility estimator.,1.0
Static grid candidate 199,Direct daily source P&L,1.0591233900952675,4719,18.726190476190474,0.357418805835545,0.3055849594979783,0.3249794986120455,1.063532259133027,-0.4525002256689241,-0.1733459360773435,-0.5544604058562874,-0.00031341675101748123,-4.777652944112188e-07,0.009339404982879197,-0.003514150680957748,-0.0034760515740455155,-0.0034843536692531316,0.06154789813423426,Static grid search,,1.0
Static grid candidate 241,Direct daily source P&L,1.0591233900952675,4719,18.726190476190474,0.357418805835545,0.3055849594979783,0.3249794986120455,1.063532259133027,-0.4525002256689241,-0.1733459360773435,-0.5544604058562874,-0.00031341675101748123,-4.777652944112188e-07,0.009339404982879197,-0.003514150680957748,-0.0034760515740455155,-0.0034843536692531316,0.06154789813423426,Static grid search,,1.0
Static grid candidate 383,Direct daily source P&L,1.0284330800849455,4719,18.726190476190474,0.35760909991035916,0.3057251378546893,0.32498291037214283,1.0634479282023885,-0.4966936150090153,-0.1368927009781665,-0.3660090055656777,-0.0001231226762032911,-5.865254232111338e-07,0.006219640161025903,-0.006478083939015286,-0.006545319192935777,-0.0064655560055992475,-0.10533396253586146,Static grid search,,1.0
Static grid candidate 024,Direct daily source P&L,1.049191565552829,4719,18.726190476190474,0.35734516495092694,0.30553070735272536,0.32498043727338843,1.0632858035283155,-0.47480300585394764,-0.18321011545183563,-0.5041132476947554,-0.00038705763563551265,-7.956147846150464e-07,0.008231509673850482,-0.006639698217838876,-0.006914254833268892,-0.0071567960560636025,0.015517448004409774,Static grid search,,1.0
Static grid candidate 445,Direct daily source P&L,1.0915129348074195,4719,18.726190476190474,0.35741782361010066,0.30558423589978234,0.32498170764420287,1.0631174920680142,-0.49593797768559267,-0.11388211482758584,-0.4087340875133926,-0.0003143989764617938,-1.012683136193549e-06,0.008397841165737635,-0.008283824898685774,-0.008487594721056764,-0.008249156948446204,0.1745572402719856,Static grid search,,1.0
Static grid candidate 475,Direct daily source P&L,1.0739224873982345,4719,18.726190476190474,0.3573521384625131,0.30553584495062786,0.32498273497785835,1.0630297909876119,-0.45898335602562357,-0.11657360844477274,-0.4421228894337551,-0.0003800841240493291,-1.1257896882996277e-06,0.005677606968682764,-0.013621248930599796,-0.013656408953464509,-0.013962463489539221,0.16194151933624157,Static grid search,,1.0
Static grid candidate 217,Direct daily source P&L,1.038459181306326,4719,18.726190476190474,0.3568242974882103,0.3051468938316315,0.3249815370765914,1.0617613083797697,-0.5121266056373888,-0.15914662550194378,-0.37870807212113716,-0.0009079250983521359,-2.761729559524801e-06,0.01066189323238367,-0.01779392713374939,-0.01857227956419628,-0.019297701514087134,-0.04405610077120572,Static grid search,,1.0
Static grid candidate 155,Direct daily source P&L,1.0871420497760869,4719,18.726190476190474,0.35670786654630904,0.3050610787869343,0.3249806763419781,1.061476527097516,-0.4765420629453003,-0.12311272578819743,-0.39248597173896593,-0.0010243560402534158,-3.1290070068760064e-06,0.009348358107124465,-0.022993028827196345,-0.023553733159565274,-0.02331520205381217,0.1252950560090586,Static grid search,,1.0
Static grid candidate 299,Direct daily source P&L,1.0942933468073113,4719,18.726190476190474,0.3564400367884477,0.30486364778186276,0.32498494730684163,1.060834951723048,-0.4615360191024609,-0.12222951684533208,-0.37567756288813237,-0.0012921857981147422,-3.95643556521756e-06,0.011788958469119232,-0.023054390661674834,-0.023303111107107487,-0.022849506007143982,0.12688388819513277,Static grid search,,1.0
Static: trend total 45%,Direct daily source P&L,1.0817732716858883,4719,18.726190476190474,0.35669630469432145,0.3050525567597993,0.3249818001279743,1.0614498975974727,-0.4481842406381338,-0.12358437627457086,-0.39142483002714923,-0.0010359178922410006,-3.1633506081223103e-06,0.00904026556041825,-0.024037601431419045,-0.024417901968704712,-0.02455065313717368,0.10636237632101295,Static risk budgets,Change the trend-following allocation and rescale all other sleeves pro rata.,1.0
Static grid candidate 018,Direct daily source P&L,1.049835683583543,4719,18.726190476190474,0.35661229382304294,0.30499063172012575,0.32498964271361425,1.0614520187629812,-0.47982296492045506,-0.18872776036257582,-0.46266610398456215,-0.0011199287635195176,-3.1606149780022804e-06,0.008794891062729168,-0.02468687500232436,-0.024100749151504473,-0.024042889740279173,0.00255223693804331,Static grid search,,1.0
Static grid candidate 471,Direct daily source P&L,1.0662548274114605,4719,18.726190476190474,0.3566771898685528,0.305038467416178,0.3249805722402625,1.06146439788268,-0.44416980033091025,-0.12184908257644612,-0.4242987529845185,-0.001055032718009663,-3.144649843469801e-06,0.008466193631634745,-0.02551579389257937,-0.02486691965999309,-0.025135884668286666,0.059262976911812336,Static grid search,,1.0
Static grid candidate 050,Direct daily source P&L,1.0662548274114605,4719,18.726190476190474,0.3566771898685528,0.305038467416178,0.3249805722402625,1.06146439788268,-0.44416980033091025,-0.12184908257644612,-0.4242987529845185,-0.001055032718009663,-3.144649843469801e-06,0.008466193631634745,-0.02551579389257937,-0.02486691965999309,-0.025135884668286666,0.059262976911812336,Static grid search,,1.0
Static grid candidate 456,Direct daily source P&L,1.027251697833138,4719,18.726190476190474,0.356547215387357,0.30494265928394754,0.3249782551757201,1.0617563926897504,-0.44596851085350486,-0.18960980698089838,-0.6321794034678538,-0.0011850071992054456,-2.7680692391128537e-06,0.006809870544976669,-0.02792306464251868,-0.02696579806045848,-0.02723129568703921,-0.08160639443872364,Static grid search,,1.0
Static grid candidate 081,Direct daily source P&L,1.0511110140994773,4719,18.726190476190474,0.35665370673634533,0.30502115796657375,0.3249763397130845,1.061307025162205,-0.46105773156513274,-0.13286035551717001,-0.38079837643035797,-0.001078515850217121,-3.3476106932889544e-06,0.008156120441541124,-0.028195273048912964,-0.02822234382480902,-0.0285585151210048,-0.01771739795233066,Static grid search,,1.0
Static: diversifier-heavy prior,Direct daily source P&L,1.071852661648078,4719,18.726190476190474,0.3565282058413868,0.30492864600158776,0.32498081121288097,1.0609942714938256,-0.45308406758829467,-0.13350836095387025,-0.36666532834357285,-0.0012040167451756734,-3.750963638619542e-06,0.008621151854294972,-0.029888391820788604,-0.03015928400677971,-0.030618568925966858,0.06333348815957084,Alternative allocation,Pre-specified multi-sleeve composition hypothesis.,1.0
"Vol forecast: fast 26w, slow 104w, floor 2%",Direct daily source P&L,1.0428841176184402,4719,18.726190476190474,0.35746011136939737,0.30561538850429204,0.3249804517231022,1.0632801301421964,-0.4671277530789001,-0.11164470552322521,-0.44735925767773393,-0.000272111217165083,-8.02931651633508e-07,0.0016014418846695116,-0.0344423189241766,-0.03508496334171151,-0.033149850604887336,-0.03651638184361232,Volatility targeting,Change the speed and floor of the no-lookahead volatility estimator.,1.0
"Vol forecast: fast 26w, slow 104w, floor 1%",Direct daily source P&L,1.0428841176184402,4719,18.726190476190474,0.35746011136939737,0.30561538850429204,0.3249804517231022,1.0632801301421964,-0.4671277530789001,-0.11164470552322521,-0.44735925767773393,-0.000272111217165083,-8.02931651633508e-07,0.0016014418846695116,-0.0344423189241766,-0.03508496334171151,-0.033149850604887336,-0.03651638184361232,Volatility targeting,Change the speed and floor of the no-lookahead volatility estimator.,1.0
Static grid candidate 441,Direct daily source P&L,1.0284495131620983,4719,18.726190476190474,0.35620280983318264,0.30468874310824134,0.32497917881111216,1.0604185232995331,-0.5288297178953256,-0.16391613577763423,-0.41083815295090637,-0.0015294127533798108,-4.493496032052393e-06,0.008218627788094948,-0.03755865564722367,-0.039123562153488,-0.04109640461594417,-0.11522757614188442,Static grid search,,1.0
Static grid candidate 438,Direct daily source P&L,0.9996221359055956,4719,18.726190476190474,0.3564249301208331,0.3048525107235876,0.32498629436206045,1.0614794319422174,-0.43496312315479224,-0.1959152395325368,-0.6097964937747857,-0.0013072924657293594,-3.1252606793839102e-06,0.00565331095329156,-0.037975925140732454,-0.03905868560252933,-0.04619175344418201,-0.2615480968726068,Static grid search,,1.0
"Momentum tilt relative: 13w, k=1.00, reb 13w",Direct daily source P&L,1.0529928477572335,4719,18.726190476190474,0.3560723930148024,0.30459257527221706,0.3249785839130177,1.0602056821712764,-0.4550747947587648,-0.123389030118335,-0.48180135091756116,-0.0016598295717600298,-4.767993518891539e-06,0.008209504073626335,-0.03989731984574254,-0.042837399106429835,-0.04325197798141089,-0.04207086052546055,Dynamic momentum allocation,Tilt baseline sleeve weights toward stronger trailing risk-adjusted momentum.,1.0
Static grid candidate 010,Direct daily source P&L,1.0734273359865365,4719,18.726190476190474,0.3557524719930869,0.30435663007728403,0.3249829516535729,1.0598048518810697,-0.48007177452641103,-0.1813249396485818,-0.5617008279239584,-0.001979750593475549,-5.284937345547033e-06,0.00876695089855324,-0.041411051435287,-0.04300622280209783,-0.042776840809394666,0.08456186104591269,Static grid search,,1.0
"Nested grid: lcb, 260w, top 10, fast vol",Direct daily source P&L,1.0206707649753708,4719,18.726190476190474,0.35602195228782474,0.30455537838998403,0.3249894086553835,1.0602248130672647,-0.5107029166670058,-0.13685709429008172,-0.5176374652975654,-0.001710270298737715,-4.743320736366746e-06,0.007260819966764862,-0.04487679284703075,-0.04337730620226392,-0.04309002190353259,-0.07463428070900587,,,1.0
Static grid candidate 314,Direct daily source P&L,1.0319025412549911,4719,18.726190476190474,0.35610050563992757,0.3046133059749981,0.3249825527054925,1.059921591428266,-0.5117827288256305,-0.12484309103837127,-0.32510593355026085,-0.0016317169466348869,-5.134380389837518e-06,0.006088711956887611,-0.057927875440729214,-0.05949289524184144,-0.057791842171968345,-0.14985626238177926,Static grid search,,1.0
Static grid candidate 430,Direct daily source P&L,1.0593610907296207,4719,18.726190476190474,0.3552770846791127,0.30400592396441484,0.3249881747089064,1.0585188876119451,-0.45102249319778975,-0.17933033511387006,-0.5107450771352475,-0.002455137907449778,-6.943423010092061e-06,0.00819228975346732,-0.05822282965501363,-0.06131771351161636,-0.061388367949964016,0.010784793295906746,Static grid search,,1.0
"Static: commodities 20%, gold only",Direct daily source P&L,1.0414449822319098,4719,18.726190476190474,0.3554901265754853,0.3041631059577087,0.3249874440893025,1.058916649618502,-0.4632546688323058,-0.18727655535662233,-0.4722783294572942,-0.002242096011077166,-6.430436295286654e-06,0.007283881974467368,-0.060646051277365914,-0.062413417869643294,-0.06210173205594732,-0.07127772460244443,Static risk budgets,Change static commodity beta and its mix.,1.0
Static grid candidate 358,Direct daily source P&L,1.0363761062361951,4719,18.726190476190474,0.3557576911011191,0.3043604796723192,0.3249811856408982,1.0597535319411964,-0.42712309636806434,-0.1568311503829503,-0.5665079825372569,-0.0019745314854433538,-5.351123775938869e-06,0.0057170201974563436,-0.06429841373180326,-0.06331257531423616,-0.06408514265460594,-0.08756980920629008,Static grid search,,1.0
"Nested grid: log, 260w, top 10, fast vol",Direct daily source P&L,1.0218025505566584,4719,18.726190476190474,0.35501325194733546,0.3038112343187736,0.32498887529464476,1.0580095924764423,-0.49250293453958605,-0.14640481035352806,-0.5456658748590114,-0.002718970639226992,-7.600252053895336e-06,0.007377461622858979,-0.07076948335253666,-0.0682662547079698,-0.06788602533205432,-0.11089193791614287,,,1.0
"Static: commodities 4%, baseline mix",Direct daily source P&L,1.0365462201516182,4719,18.726190476190474,0.3572406741421408,0.3054537226375375,0.32498042587224696,1.0627903533605934,-0.4519688965986083,-0.11265691192589534,-0.4516601144261637,-0.0004915484444216744,-1.4345882152084338e-06,0.001363287582605935,-0.07228776020181404,-0.06781393004422631,-0.06714277669461685,-0.23736442868787683,Static risk budgets,Change static commodity beta and its mix.,1.0
Static: rates total 16%,Direct daily source P&L,1.0410935618213908,4719,18.726190476190474,0.35698366693380845,0.3052643446224551,0.3249808168485607,1.0620956564223827,-0.4659176899137679,-0.10802440741505788,-0.4038825684535196,-0.0007485556527540016,-2.330526726789613e-06,0.0021881963141302052,-0.07316321718958893,-0.07523898720688724,-0.07417466985172218,-0.14753135347317883,Static risk budgets,Change the government-rates allocation and rescale all other sleeves pro rata.,1.0
Static grid candidate 385,Direct daily source P&L,1.0395678219909064,4719,18.726190476190474,0.3560932159736203,0.3046079304988665,0.32498226935581676,1.0604153426304752,-0.45928702233520946,-0.1729545581575362,-0.5130856420037447,-0.00163900661294214,-4.497598085400465e-06,0.004200977761219165,-0.07354535515573074,-0.07854676756788212,-0.08588075148077222,-0.10836529654704313,Static grid search,,1.0
Static grid candidate 173,Direct daily source P&L,1.0201336122113212,4719,18.726190476190474,0.3545130991886858,0.303442053362759,0.32497718516195934,1.0568852573080818,-0.4528027179042403,-0.17959686748694662,-0.5228497960150871,-0.0032191233978766665,-9.050287489280908e-06,0.008158864128974139,-0.07620047226948413,-0.07655164395723145,-0.08059711097665624,-0.1760471476766156,Static grid search,,1.0
Static grid candidate 455,Direct daily source P&L,1.0515787224855324,4719,18.726190476190474,0.35556132487501846,0.3042156304492758,0.3249821274228777,1.0590374771268767,-0.44259940091172245,-0.12048702424990948,-0.4749692640286592,-0.0021708977115439954,-6.274607167422545e-06,0.0056435230162690244,-0.07637675968922517,-0.07608506345100421,-0.07725196762984922,-0.029192064126845167,Static grid search,,1.0
Static grid candidate 130,Direct daily source P&L,1.0760524746790536,4719,18.726190476190474,0.3547062359937998,0.30358463082257026,0.3249819697970521,1.0568835943899606,-0.4689642869175875,-0.12366449512811127,-0.3827391582547226,-0.003025986592762653,-9.052432125746994e-06,0.007617570721957815,-0.08163450636207227,-0.08246357760801075,-0.08239187089534976,0.04289057208949681,Static grid search,,1.0
Static grid candidate 370,Direct daily source P&L,1.0706435021169474,4719,18.726190476190474,0.3534594354601619,0.30266385951609615,0.32498576334092016,1.0540180404522468,-0.4544078262937177,-0.12661582737712015,-0.3616505408151677,-0.004272787126400557,-1.2748087005735514e-05,0.00905020668441186,-0.09676348692509519,-0.10170399777806187,-0.10231113596317751,-0.012902283701195841,Static grid search,,1.0
Static grid candidate 462,Direct daily source P&L,1.0929118297386602,4719,18.726190476190474,0.35367107731256175,0.30282021832615874,0.3249851864081031,1.054557719722027,-0.502126112486031,-0.12228961035702111,-0.38947365481503754,-0.004061145274000699,-1.2052072074470494e-05,0.00845138549257954,-0.0979622603329077,-0.10080670807452143,-0.09794658913353185,0.08744662663336569,Static grid search,,1.0
"High-vol equity cut: 26w, q70%, cut 50%",Direct daily source P&L,1.065526274326596,4719,18.726190476190474,0.35359611738206187,0.3027648415013927,0.32498255810170357,1.0545460133884763,-0.5085830384949057,-0.13494560423293964,-0.4601368223520175,-0.004136105204500584,-1.2067169528454832e-05,0.008274769699366311,-0.10017849138814852,-0.10414820905161426,-0.10295620566447798,-0.029662897164979107,Regime allocation,Reduce direct equity during unusually high realized-volatility regimes.,1.0
Static grid candidate 259,Direct daily source P&L,1.0469002403115069,4719,18.726190476190474,0.35383596817345975,0.30294202104602774,0.32497940036287143,1.055479214113964,-0.44868388434107365,-0.17256698375933346,-0.5963529904709978,-0.0038962544131027066,-1.0863636846774537e-05,0.0072791588907737,-0.10252246244324709,-0.10051190213560925,-0.10102356611397167,-0.07159942310301244,Static grid search,,1.0
Static grid candidate 088,Direct daily source P&L,1.0661246219745113,4719,18.726190476190474,0.3526596492006904,0.30207276484676615,0.32498695552723145,1.0524228235757667,-0.5014911399903361,-0.18603688117590803,-0.445933021396473,-0.005072573385872081,-1.4805410358338343e-05,0.009914439961240907,-0.10258343815306055,-0.10228566215766405,-0.09964342365559094,-0.029526087857618222,Static grid search,,1.0
Static grid candidate 168,Direct daily source P&L,1.0686411324868994,4719,18.726190476190474,0.3523535898403163,0.30184647437449497,0.32498261303013304,1.0517130835225246,-0.49433985036854644,-0.16404517487471637,-0.45053563688840387,-0.00537863274624617,-1.5720749712718046e-05,0.010096957313060437,-0.10695663276547777,-0.10593262339510941,-0.10212404989913149,-0.02522163904977486,Static grid search,,1.0
Static grid candidate 463,Direct daily source P&L,1.0611338419948264,4719,18.726190476190474,0.35436019649130657,0.3033291631085078,0.3249811899140739,1.0560818583259457,-0.4419962260666144,-0.11834723570429981,-0.3765991463269321,-0.0033720260952558867,-1.0086417128940687e-05,0.006353625767239923,-0.10905366919252808,-0.11165783644635056,-0.11843538836595616,-0.04852100404055476,Static grid search,,1.0
Static grid candidate 374,Direct daily source P&L,0.999228502750371,4719,18.726190476190474,0.35509895816561454,0.30387448352151,0.3249841401769183,1.0581970125346436,-0.4448380289118413,-0.1736345792403675,-0.531094741776668,-0.0026332644209479117,-7.358539677246833e-06,0.004616090836008873,-0.1095071000699837,-0.11089170338891802,-0.1191659077599291,-0.40100310035505576,Static grid search,,1.0
Static grid candidate 020,Direct daily source P&L,1.047746333490136,4719,18.726190476190474,0.35392546573943195,0.30300812551511674,0.32498750229785106,1.0555410226530868,-0.480295723456447,-0.19044133045736752,-0.512077798333606,-0.003806756847130499,-1.0783923453064357e-05,0.006585152272842545,-0.11249571057408198,-0.11605833985760992,-0.12179196961103893,-0.08084835325204053,Static grid search,,1.0
Static grid candidate 120,Direct daily source P&L,1.0332699386773505,4719,18.726190476190474,0.3522198673536783,0.30174758818126496,0.32498425459884756,1.0514981178505443,-0.47030421566008773,-0.1769403925212103,-0.44885036566050335,-0.005512355232884181,-1.5997987186502367e-05,0.009484831670963744,-0.11586725159325355,-0.12251795859917267,-0.12413801235387918,-0.16305230277691798,Static grid search,,1.0
Static grid candidate 477,Direct daily source P&L,1.0394447249848713,4719,18.726190476190474,0.3561343164973647,0.304638238076867,0.32498035987960594,1.06012676333326,-0.46363739084582756,-0.10877223364199846,-0.38747591774091616,-0.0015979060891977426,-4.8697737663331206e-06,0.002849537949109531,-0.11739762994276878,-0.11891715404892808,-0.11627495443795356,-0.2026121689176002,Static grid search,,1.0
Static grid candidate 384,Direct daily source P&L,1.0088256336385586,4719,18.726190476190474,0.3541753987742611,0.3031927072925638,0.3249806762617419,1.0558355992182717,-0.5403638774624013,-0.17503346364314099,-0.41649480346099116,-0.0035568238123013796,-1.0404013200345387e-05,0.005974959357652392,-0.11961645509952969,-0.12468100617271334,-0.1307254249456677,-0.3390640421336978,Static grid search,,1.0
Grid winner: maximum median subperiod growth,Direct daily source P&L,1.008837579446539,4719,18.726190476190474,0.3541671970224447,0.30318665063501304,0.3249806776320247,1.0558174055763287,-0.5403685113976515,-0.17503553626706836,-0.41672122636604175,-0.003565025564117752,-1.0427477222692402e-05,0.005974692485105229,-0.11989157935917305,-0.12496632318580463,-0.1310167961792439,-0.33925706249743454,Data-mined static grid,Best candidate from the constrained static grid under the named objective; biased upward by selection.,1.0
Static grid candidate 258,Direct daily source P&L,1.02884361650642,4719,18.726190476190474,0.35479467044510815,0.30364990812225984,0.32498258288908777,1.0571507581004176,-0.4145550299855324,-0.11581108165779493,-0.4161645971810064,-0.0029375521414543027,-8.707875753133848e-06,0.004904404068681678,-0.12196942273878467,-0.12175706725430134,-0.13166173739481618,-0.24396721761737902,Static grid search,,1.0
Static grid candidate 435,Direct daily source P&L,1.0264872829664204,4719,18.726190476190474,0.35408322883204413,0.3031246414577036,0.324981415572254,1.0557177811565244,-0.4574661621037813,-0.12666618759367135,-0.4906847692721345,-0.003648993754518326,-1.0555961097440324e-05,0.005460178290619668,-0.1328054646891856,-0.12874830382152377,-0.12712483225554316,-0.206673350915423,Static grid search,,1.0
Static grid candidate 227,Direct daily source P&L,1.0256768802808751,4719,18.726190476190474,0.3545610789512237,0.3034774748827233,0.32498466050243296,1.0566361859074282,-0.42476932007374235,-0.12438896934483312,-0.4216659782113639,-0.003171143635338769,-9.371510525838647e-06,0.004837550876442436,-0.1330788503680993,-0.1355835502700244,-0.1471270042381724,-0.2777612164641436,Static grid search,,1.0
Static grid candidate 386,Direct daily source P&L,1.0685295922552878,4719,18.726190476190474,0.3504620385942794,0.3004467847064668,0.3249828116629288,1.0470547444574803,-0.44805957058935497,-0.14632523543336254,-0.3046067495253779,-0.007270183992283075,-2.1728528268826957e-05,0.011192185126388648,-0.13336455340586983,-0.13653702668821205,-0.1375059941620046,-0.0784763272136125,Static grid search,,1.0
Static grid candidate 447,Direct daily source P&L,1.0428253117345387,4719,18.726190476190474,0.3547404996132273,0.3036099227900991,0.3249815723454351,1.0570404339722084,-0.4443145000922145,-0.11348629367100407,-0.42001634508772495,-0.0029917229733351647,-8.850158854990832e-06,0.004522281875757772,-0.13443688040394636,-0.1381117230971915,-0.14903305228466052,-0.1820612142241001,Static grid search,,1.0
Static grid candidate 348,Direct daily source P&L,1.0676741410835673,4719,18.726190476190474,0.35153981119065847,0.3012445433413283,0.32498649781574196,1.0496453679025304,-0.4950771791901377,-0.15779310623501697,-0.358299217212271,-0.006192411395903985,-1.8387446444853646e-05,0.00928325026387032,-0.13606497646599494,-0.140421160893883,-0.1367615146124205,-0.06325867318544096,Static grid search,,1.0
Static grid candidate 333,Direct daily source P&L,1.0349475781373143,4719,18.726190476190474,0.35170138144932217,0.3013640815159432,0.324986942064148,1.0500646873839024,-0.43315708487433535,-0.14322818616943328,-0.3860936210530958,-0.006030841137240284,-1.7846657431179298e-05,0.008957378653903043,-0.13686769161642867,-0.1352452104832166,-0.13550528734189915,-0.17470496820020703,Static grid search,,1.0
Static grid candidate 240,Direct daily source P&L,1.007133616136454,4719,18.726190476190474,0.3526834185069856,0.3020903369666043,0.3249869694170693,1.053178525889599,-0.46159321300734235,-0.1942221908826969,-0.6927638310419316,-0.005048804079576863,-1.3830794278990916e-05,0.006921601924615041,-0.1372667944244689,-0.1410655989449105,-0.152355224777646,-0.2598531989616574,Static grid search,,1.0
Static grid candidate 434,Direct daily source P&L,0.9901132959802433,4719,18.726190476190474,0.35281059715287943,0.30218435206717553,0.3249835475655623,1.0532323677644342,-0.4453031357812357,-0.17855467075480863,-0.6212429157683427,-0.004921625433683019,-1.3761355353112508e-05,0.006770301003389984,-0.13962983366861542,-0.13789403323081617,-0.14369293352599455,-0.33952034375077916,Static grid search,,1.0
Static grid candidate 244,Direct daily source P&L,0.9901132959802433,4719,18.726190476190474,0.3528105971528799,0.30218435206717553,0.3249835475655623,1.0532323677644342,-0.4453031357812355,-0.17855467075480863,-0.6212429157683428,-0.004921625433682575,-1.3761355353112549e-05,0.006770301003389983,-0.1396298336686159,-0.1378940332308166,-0.143692933525995,-0.3395203437507732,Static grid search,,1.0
Static grid candidate 087,Direct daily source P&L,1.015389041939891,4719,18.726190476190474,0.3509412105410912,0.3008015425176085,0.3249776688652054,1.0488710890586408,-0.4400660939894122,-0.18858466648600344,-0.5648277725907381,-0.006791012045471279,-1.9386020350663504e-05,0.009287573002093414,-0.14338753954931785,-0.14101144930095938,-0.14558009507259168,-0.2340026626638647,Static grid search,,1.0
Static grid candidate 354,Direct daily source P&L,1.0153443284713297,4719,18.726190476190474,0.3532749330478553,0.30252753109411334,0.324978712057959,1.0537834614084522,-0.5336979243224264,-0.16639736730633994,-0.4235060070545982,-0.004457289538707165,-1.305061950269254e-05,0.00622340947022829,-0.14405480206351065,-0.14960445844617756,-0.15802641099720172,-0.31908790206337595,Static grid search,,1.0
Static grid candidate 203,Direct daily source P&L,1.0497016616556911,4719,18.726190476190474,0.3535603332665902,0.3027384048205969,0.3249867595177186,1.0543991346825836,-0.42247155185970464,-0.12158785392907968,-0.4369375069699577,-0.004171889319972255,-1.225659643089601e-05,0.005805634995481344,-0.14502575904524992,-0.1480298792742014,-0.15718017316435284,-0.11875473032541223,Static grid search,,1.0
"High-correlation defensive tilt: 52w, q70%, cut 25%",Direct daily source P&L,1.0446635562747784,4719,18.726190476190474,0.35697415251458176,0.3052573331507522,0.32498158918995834,1.0621861162026107,-0.46525137927847016,-0.11317581244938077,-0.4513881878023002,-0.0007580700719806988,-2.2138623276858976e-06,0.0010445870724597479,-0.1455898008562315,-0.17842497844989838,-0.2564072323671947,-0.1644283814270198,Regime allocation,"Shift risk toward trend, rates and styles when cross-sleeve correlations are unusually high.",1.0
"High-correlation defensive tilt: 104w, q80%, cut 25%",Direct daily source P&L,1.0446635562747784,4719,18.726190476190474,0.35697415251458176,0.3052573331507522,0.32498158918995834,1.0621861162026107,-0.46525137927847016,-0.11317581244938077,-0.4513881878023002,-0.0007580700719806988,-2.2138623276858976e-06,0.0010445870724597479,-0.1455898008562315,-0.17842497844989838,-0.2564072323671947,-0.1644283814270198,Regime allocation,"Shift risk toward trend, rates and styles when cross-sleeve correlations are unusually high.",1.0
Static grid candidate 328,Direct daily source P&L,1.0689370802183067,4719,18.726190476190474,0.3514755031899659,0.30119696092448994,0.3249808597083931,1.0496233691042491,-0.43732009807169614,-0.123359334184236,-0.4175980211731551,-0.006256719396596555,-1.841581791089042e-05,0.008406100280338271,-0.1504947792349287,-0.14823106112904993,-0.15274998565315936,-0.06222662255613325,Static grid search,,1.0
Static grid candidate 288,Direct daily source P&L,1.0463389299704724,4719,18.726190476190474,0.35299033206239794,0.30231720360687425,0.3249832595455044,1.0531529697906796,-0.41429579524478555,-0.12695050536424368,-0.45780087556044013,-0.004741890524164516,-1.3863753533549629e-05,0.006169754121517615,-0.15436113416884545,-0.15034383516985703,-0.14721376344457504,-0.13200508739600655,Static grid search,,1.0
Static grid candidate 228,Direct daily source P&L,1.0799544186928924,4719,18.726190476190474,0.35162376774459836,0.3013066605987675,0.3249868132158165,1.049995872647775,-0.4803759437576055,-0.15684703210189277,-0.42966391701210177,-0.006108454841964095,-1.793540659483549e-05,0.007944779636619947,-0.1550794883546294,-0.15884087547285117,-0.15652604048054244,-0.01573632875938573,Static grid search,,1.0
"High-correlation defensive tilt: 52w, q70%, cut 50%",Direct daily source P&L,1.0441505797805133,4719,18.726190476190474,0.3561223048597437,0.30462938077514423,0.32498162974288414,1.0602620047180324,-0.46505855012320574,-0.1131172927425175,-0.45575827977295336,-0.0016099177268187326,-4.69535531374962e-06,0.002060844192629431,-0.15651223467114908,-0.18914889793646994,-0.26537607789612455,-0.20004396953791068,Regime allocation,"Shift risk toward trend, rates and styles when cross-sleeve correlations are unusually high.",1.0
"High-correlation defensive tilt: 104w, q80%, cut 50%",Direct daily source P&L,1.0441505797805133,4719,18.726190476190474,0.3561223048597437,0.30462938077514423,0.32498162974288414,1.0602620047180324,-0.46505855012320574,-0.1131172927425175,-0.45575827977295336,-0.0016099177268187326,-4.69535531374962e-06,0.002060844192629431,-0.15651223467114908,-0.18914889793646994,-0.26537607789612455,-0.20004396953791068,Regime allocation,"Shift risk toward trend, rates and styles when cross-sleeve correlations are unusually high.",1.0
Static grid candidate 052,Direct daily source P&L,1.059495722275285,4719,18.726190476190474,0.35004046688839385,0.3001345674739668,0.32497928804110837,1.0461885006813891,-0.4534340327456289,-0.13830939544950133,-0.3516779924999882,-0.007691755698168601,-2.2845707741960065e-05,0.009968405182921705,-0.1574359550527327,-0.156506079883616,-0.1572191482260753,-0.12268718031402111,Static grid search,,1.0
Leverage cap 6x proxy,Direct daily source P&L,1.1493394814754534,4719,18.726190476190474,0.35498349974930465,0.30378927695073393,0.3249840567321659,1.0577265977083494,-0.4871499089056086,-0.12412236955895949,-0.4768463108617543,-0.0027487228372578,-7.96522546512638e-06,0.0034643429014110504,-0.15794365728886184,-0.15656588203856658,-0.15763681135126134,-0.1574457957155735,Leverage implementation,Cap the aggregate volatility-scaling multiplier to reduce calm-regime leverage.,1.0
Static grid candidate 405,Direct daily source P&L,1.0365410991730213,4719,18.726190476190474,0.35172835157398596,0.30138403404094116,0.32498054772669915,1.0509088847547945,-0.4569711834964969,-0.1924643144317004,-0.6749914532169906,-0.006003871012576489,-1.6757910821893885e-05,0.006957511243199732,-0.16545921015447798,-0.16453974552080433,-0.16282554305111985,-0.16774572910979413,Static grid search,,1.0
"Nested grid: sharpe, 260w, top 10, fast vol",Direct daily source P&L,1.0195596549770114,4719,18.726190476190474,0.3516431842618275,0.3013210258224573,0.32498916724901095,1.0503015625232386,-0.5044295808685426,-0.14039721621885953,-0.5322829874127567,-0.006089038324734952,-1.754116369989215e-05,0.007232268725381217,-0.16661298133469737,-0.16094007335801364,-0.15982895965406388,-0.2295398174004593,,,1.0
Static grid candidate 283,Direct daily source P&L,1.0649586969885685,4719,18.726190476190474,0.3513342379887565,0.3010924288154135,0.3249792673600963,1.049186377968245,-0.4587084981779792,-0.12396225852472016,-0.36957965651182123,-0.006397984597805939,-1.897939774899105e-05,0.007697571153653108,-0.1693767143506126,-0.1746721460070838,-0.17838859474180827,-0.10130258053749713,Static grid search,,1.0
Static grid candidate 169,Direct daily source P&L,1.0339135189761446,4719,18.726190476190474,0.3525328164724466,0.30197899500972375,0.3249815118712551,1.0523392083752674,-0.4396154243632743,-0.1274235737712077,-0.5548346580936776,-0.005199406114115845,-1.4913247422473895e-05,0.00588962650056678,-0.1739440019216969,-0.1713233353569941,-0.1646764839590069,-0.18878883982782302,Static grid search,,1.0
Static grid candidate 320,Direct daily source P&L,1.0529911750408218,4719,18.726190476190474,0.3544170753353215,0.3033711590633727,0.3249811047618864,1.0563418549802142,-0.4479085413360341,-0.12083778901959406,-0.43595914261893903,-0.0033151472512409352,-9.751103983555174e-06,0.0038081091854770084,-0.1759014358119927,-0.17339056222735116,-0.1740885568965338,-0.109210742294952,Static grid search,,1.0
Static grid candidate 190,Direct daily source P&L,1.0797833972144741,4719,18.726190476190474,0.3493600529577816,0.2996304452142129,0.32498458337334923,1.0447909850487478,-0.4556972829019226,-0.12879479671350583,-0.40796177296649583,-0.008372169628780846,-2.4648059252310823e-05,0.009378184190089517,-0.18054645263155006,-0.18888237349032258,-0.18816573439507409,-0.06337240137324866,Static grid search,,1.0
Static grid candidate 326,Direct daily source P&L,1.037649365834309,4719,18.726190476190474,0.34956822265855525,0.2997847062244576,0.3249825317090488,1.0453204370582656,-0.5360267116204729,-0.17721007558976332,-0.3999197245975569,-0.008163999928007204,-2.396523424003593e-05,0.009117167871681254,-0.18057046460397352,-0.19045643299801412,-0.19644699207985122,-0.21893784184621334,Static grid search,,1.0
Static grid candidate 440,Direct daily source P&L,1.095555120820161,4719,18.726190476190474,0.35035096046041336,0.30036452937522523,0.32498343301770766,1.0471071510524352,-0.5144003038474578,-0.13891569476386376,-0.4375171760969418,-0.007381262126149091,-2.1660940398348988e-05,0.008010931587151375,-0.18574591575951796,-0.18754896446525715,-0.17928150585457728,0.023611256494542557,Static grid search,,1.0
Static grid candidate 433,Direct daily source P&L,1.072647069096736,4719,18.726190476190474,0.3494348994216996,0.2996859117948597,0.32498503945635565,1.0454108845897396,-0.488878156713773,-0.18270364210190634,-0.5921867420579638,-0.008297323164862869,-2.3848585637936745e-05,0.008654165449253523,-0.18930514732074336,-0.18978013345840739,-0.1796110651506336,-0.06275408330769991,Static grid search,,1.0
Static grid candidate 341,Direct daily source P&L,1.0639143407103113,4719,18.726190476190474,0.349309463958555,0.2995929534065537,0.3249812970165299,1.0446603149018534,-0.46983021725886587,-0.13748923717782918,-0.410321492458536,-0.008422758628007454,-2.481658225921845e-05,0.009002390891891714,-0.18936909009699315,-0.19081984172037803,-0.18454771827090471,-0.12953284446110558,Static grid search,,1.0
Static grid candidate 006,Direct daily source P&L,1.061088862150318,4719,18.726190476190474,0.3519693111569786,0.3015622785147611,0.32498671622898884,1.0507248212034814,-0.4690260167171647,-0.12770346258166074,-0.41398967344122434,-0.00576291142958385,-1.699529437021413e-05,0.005934131223872299,-0.19674175182869044,-0.19398931218539062,-0.19855514527968612,-0.11047649394514318,Static grid search,,1.0
Static grid candidate 111,Direct daily source P&L,1.0737090501692248,4719,18.726190476190474,0.34938847130718065,0.29965150560509063,0.3249843590502125,1.0446754061531813,-0.45263881037701326,-0.13147706850550936,-0.3378691504446247,-0.008343751279381806,-2.4797119335879008e-05,0.008648337783096025,-0.196967048411805,-0.20459122573332433,-0.20929772573094846,-0.10573210066754209,Static grid search,,1.0
Static grid candidate 275,Direct daily source P&L,1.0556705069544459,4719,18.726190476190474,0.35122772915493616,0.301013608173985,0.32498090102215965,1.0493519747051756,-0.46637647368684454,-0.17013386103260772,-0.5128965742548472,-0.00650449343162629,-1.876583052874363e-05,0.006410560176917399,-0.20109292782788477,-0.2103716512830871,-0.21783404834430525,-0.14781719799998905,Static grid search,,1.0
Static grid candidate 071,Direct daily source P&L,1.085330407464274,4719,18.726190476190474,0.34725714910777294,0.2980707842622016,0.3249822635582627,1.039833622787695,-0.4714417912710309,-0.13211788253518703,-0.34908696429131036,-0.01047507347878951,-3.104148280327173e-05,0.010267873588831059,-0.20767629823869055,-0.21166037045793834,-0.2102261197807784,-0.08825115345169357,Static grid search,,1.0
Static grid candidate 027,Direct daily source P&L,1.0303180192758747,4719,18.726190476190474,0.34849587367121093,0.2989898036531891,0.32498631506895465,1.0435082761998975,-0.46346539088450944,-0.1887143450013834,-0.6375339164760039,-0.009236348915351522,-2.630234645816963e-05,0.008671617897494066,-0.20836239928780748,-0.22358612316059204,-0.23091423869800504,-0.26083324285763315,Static grid search,,1.0
"High-vol equity cut: 13w, q80%, cut 75%",Direct daily source P&L,1.0738192479603028,4719,18.726190476190474,0.3477579119655412,0.2984424058317907,0.3249841812078442,1.0410825702404878,-0.5432800788362202,-0.11392208677917606,-0.395813136710487,-0.009974310621021276,-2.943073708042419e-05,0.009649880764556142,-0.20950972194090287,-0.2176634482479125,-0.22315029977235662,-0.12359162442961409,Regime allocation,Reduce direct equity during unusually high realized-volatility regimes.,1.0
Static grid candidate 344,Direct daily source P&L,0.9906382695138375,4719,18.726190476190474,0.3512979114878225,0.30106554650296663,0.32498496942634875,1.049724317255682,-0.4338073365824131,-0.18359486831466693,-0.5916252776334535,-0.006434311098739931,-1.8285626842574367e-05,0.005843310922191738,-0.2149690047425289,-0.21759475049526472,-0.23817607487966264,-0.47382118929808936,Static grid search,,1.0
Static grid candidate 136,Direct daily source P&L,1.0395991007211685,4719,18.726190476190474,0.3521030519574868,0.3016611965780797,0.3249814048138308,1.0513107347570927,-0.43155005893600895,-0.12953991537525208,-0.5339091035807979,-0.005629170629075642,-1.6239651890358394e-05,0.00511416076598936,-0.21813599143551937,-0.2134269469042267,-0.20899559336412366,-0.21560518362239764,Static grid search,,1.0
Static grid candidate 184,Direct daily source P&L,1.0110127359062107,4719,18.726190476190474,0.3513771338871583,0.3011241716784154,0.32498045336709286,1.0494783761427826,-0.5418131180936975,-0.17545734687416567,-0.42264601886591724,-0.0063550886994041544,-1.8602812801671152e-05,0.005819073358453751,-0.2196088169200793,-0.22935991285369822,-0.2420684527920538,-0.4383102420525323,Static grid search,,1.0
Static grid candidate 127,Direct daily source P&L,1.054443389759663,4719,18.726190476190474,0.34889246072328883,0.29928385627429593,0.32498761321983727,1.04421514717415,-0.4787126150609917,-0.18023673032736431,-0.610189415605331,-0.00883976186327362,-2.5390707304867205e-05,0.007924520019264202,-0.22010343529006818,-0.2200297344060254,-0.21587215669723192,-0.14625157130597946,Static grid search,,1.0
"Momentum tilt relative: 52w, k=0.25, reb 13w",Direct daily source P&L,1.039704887135583,4719,18.726190476190474,0.35327819914200465,0.302529944565411,0.32497911807109925,1.0538616115463484,-0.4646775686223982,-0.11489385550044587,-0.48344462506835123,-0.004454023444557809,-1.2949830634374079e-05,0.003974894812418722,-0.2238017286708007,-0.22800381514055482,-0.22490293963152244,-0.25342183058040385,Dynamic momentum allocation,Tilt baseline sleeve weights toward stronger trailing risk-adjusted momentum.,1.0
Static grid candidate 098,Direct daily source P&L,1.0153559520961337,4719,18.726190476190474,0.3523183306908255,0.3018204016007699,0.32498348591978615,1.0515995932484907,-0.44520802352033517,-0.1280640045810709,-0.44971951841231,-0.005413891895736933,-1.5867116137563002e-05,0.004814423999331034,-0.22640116322643153,-0.22307722197652294,-0.22436759219872124,-0.37921917325322346,Static grid search,,1.0
"Equity trend filter: 26w, cut 50%, reb 4w",Direct daily source P&L,1.0634037588603071,4719,18.726190476190474,0.3492023595452387,0.2995135730514709,0.32497738525301756,1.0443833634278215,-0.45484394056793864,-0.11649694465575446,-0.40097014670372233,-0.008529863041323749,-2.5173761739616575e-05,0.007567651283285502,-0.2285135696271035,-0.2431262562446495,-0.246102487797667,-0.16441937307856677,Regime allocation,"When QQQ momentum is negative, reallocate part of direct equity to trend, rates and styles.",1.0
Static grid candidate 335,Direct daily source P&L,1.043743276082528,4719,18.726190476190474,0.35191186079491654,0.30151978377596356,0.3249844826666501,1.0505672577646004,-0.41783581176581763,-0.11643322365009882,-0.4056901057104741,-0.005820361791645912,-1.7198501186231582e-05,0.005151184718877684,-0.22935513377892705,-0.23007173393333427,-0.2447298997369439,-0.2573150379875303,Static grid search,,1.0
Static grid candidate 230,Direct daily source P&L,1.0101977745469926,4719,18.726190476190474,0.34689222591428037,0.29779988377011546,0.3249882515054831,1.0394338647662607,-0.5283406311568055,-0.19056739750969745,-0.4713447000754768,-0.010839996672282082,-3.1557043743613925e-05,0.009181578291874454,-0.23610433372605588,-0.23581768506770512,-0.24679806699239082,-0.34964929641803216,Static grid search,,1.0
Static grid candidate 113,Direct daily source P&L,1.0060794245302818,4719,18.726190476190474,0.34945762208817155,0.29970275030642846,0.32498863444206744,1.0457627684336332,-0.44582715566471753,-0.1985716640315773,-0.6620720738054137,-0.008274600498390905,-2.3394767188470643e-05,0.006800176714656907,-0.2363325372781929,-0.2463240648634719,-0.2805671837759586,-0.39085336203331306,Static grid search,,1.0
Static grid candidate 180,Direct daily source P&L,1.009546101015308,4719,18.726190476190474,0.34726141425440193,0.2980739500571507,0.3249841990356333,1.040444925272624,-0.48393505117894176,-0.1934990257477175,-0.5380058525325554,-0.01047080833216052,-3.0253096661995113e-05,0.008764698357840535,-0.23711435627850636,-0.23657179141748677,-0.25031955557286617,-0.3573553359477807,Static grid search,,1.0
"Static: commodities 0%, metals only",Direct daily source P&L,1.029891235212721,4719,18.726190476190474,0.3545111107882617,0.3034405853799946,0.32497951313705153,1.0566020700721206,-0.43878439469836217,-0.11349199989380446,-0.4571454556886405,-0.0032211117983007576,-9.415509122961028e-06,0.0026495036658060523,-0.24412051217070288,-0.22852594618098587,-0.22639230439018204,-0.38949664301720566,Static risk budgets,Change static commodity beta and its mix.,1.0
"Static: commodities 0%, gold only",Direct daily source P&L,1.029891235212721,4719,18.726190476190474,0.3545111107882617,0.3034405853799946,0.32497951313705153,1.0566020700721206,-0.43878439469836217,-0.11349199989380446,-0.4571454556886405,-0.0032211117983007576,-9.415509122961028e-06,0.0026495036658060523,-0.24412051217070288,-0.22852594618098587,-0.22639230439018204,-0.38949664301720566,Static risk budgets,Change static commodity beta and its mix.,1.0
"Static: commodities 0%, baseline mix",Direct daily source P&L,1.029891235212721,4719,18.726190476190474,0.3545111107882617,0.3034405853799946,0.32497951313705153,1.0566020700721206,-0.43878439469836217,-0.11349199989380446,-0.4571454556886405,-0.0032211117983007576,-9.415509122961028e-06,0.0026495036658060523,-0.24412051217070288,-0.22852594618098587,-0.22639230439018204,-0.38949664301720566,Static risk budgets,Change static commodity beta and its mix.,1.0
"Static: commodities 0%, equal mix",Direct daily source P&L,1.029891235212721,4719,18.726190476190474,0.3545111107882617,0.3034405853799946,0.32497951313705153,1.0566020700721206,-0.43878439469836217,-0.11349199989380446,-0.4571454556886405,-0.0032211117983007576,-9.415509122961028e-06,0.0026495036658060523,-0.24412051217070288,-0.22852594618098587,-0.22639230439018204,-0.38949664301720566,Static risk budgets,Change static commodity beta and its mix.,1.0
"Equity trend filter: 26w, cut 50%, reb 1w",Direct daily source P&L,1.0664240067884319,4719,18.726190476190474,0.3483377919871222,0.29887256862584377,0.32497859020000486,1.0424777994146885,-0.46073284246590396,-0.1160763027731914,-0.43179717925474187,-0.009394430599440229,-2.7631334375601996e-05,0.007692879382221855,-0.2467390702813289,-0.25886427501791726,-0.2559169079613271,-0.16626401282473155,Regime allocation,"When QQQ momentum is negative, reallocate part of direct equity to trend, rates and styles.",1.0
Static grid candidate 390,Direct daily source P&L,1.0446822777463682,4719,18.726190476190474,0.34266557308698165,0.29465687170449417,0.32498693882631197,1.0295210063088354,-0.47073526549221445,-0.1821217219085307,-0.41773337153454415,-0.015066649499580809,-4.4341484214499756e-05,0.012249063938751904,-0.24867510668995554,-0.24718605505355581,-0.24451160857457813,-0.2417773469313081,Static grid search,,1.0
Static grid candidate 140,Direct daily source P&L,1.0807830876814326,4719,18.726190476190474,0.34863465313376407,0.2990927126235164,0.3249852697736253,1.0433545617972793,-0.47235549902140983,-0.12250079872247754,-0.5118753331648214,-0.009097569452798382,-2.650058923932402e-05,0.0071228502761212335,-0.25557990463711644,-0.2555587967646534,-0.24758483556195277,-0.07516722711794838,Static grid search,,1.0
Static grid candidate 444,Direct daily source P&L,1.047001204452353,4719,18.726190476190474,0.34790745767053943,0.29855335855376897,0.32498453810069977,1.041272338266215,-0.5156826517844295,-0.1413224431759863,-0.32704345538604374,-0.009824764916023021,-2.918599657105357e-05,0.007741410549255911,-0.258987865206958,-0.26413527854795543,-0.2576494379664706,-0.2666950802728387,Static grid search,,1.0
"Static: commodities 16%, metals only",Direct daily source P&L,1.0649246940047963,4719,18.726190476190474,0.35235010210900986,0.30184389536274164,0.32498557738458667,1.051693426706034,-0.48536163457778714,-0.14112327050397575,-0.4542588818559845,-0.005382120477552599,-1.5746100765731555e-05,0.004173555232701876,-0.259174249554629,-0.2392724732785048,-0.23317553857770176,-0.09089716231916019,Static risk budgets,Change static commodity beta and its mix.,1.0
Static grid candidate 220,Direct daily source P&L,1.065567452857449,4719,18.726190476190474,0.3486993412342967,0.2991406770956055,0.32498335224775277,1.0433835364792936,-0.42832070676851086,-0.12993836621737584,-0.45881102521598643,-0.009032881352265765,-2.6463221097837193e-05,0.006811080655478911,-0.26690190332667857,-0.26835002942206515,-0.2820868805952502,-0.17469490898744675,Static grid search,,1.0
Static grid candidate 110,Direct daily source P&L,1.0464323187875606,4719,18.726190476190474,0.35053617488690403,0.30050168018345974,0.32497995369903393,1.0474666663080099,-0.4315229164879746,-0.11171854716204115,-0.420124449607639,-0.0071960476996584255,-2.119727985048491e-05,0.005442077397831097,-0.26757184181095917,-0.26497703661900474,-0.284830409540069,-0.2884241999330752,Static grid search,,1.0
Static grid candidate 342,Direct daily source P&L,1.0915846786970407,4719,18.726190476190474,0.3483870917749692,0.29890913133800573,0.3249839120877289,1.0428669923370812,-0.5030923341306186,-0.14567493180150412,-0.5399661727201396,-0.009345130811593272,-2.7129399059023945e-05,0.006780255444194446,-0.2748647873776876,-0.2711237469044071,-0.25256509334646854,-0.029486504829138213,Static grid search,,1.0
Static grid candidate 175,Direct daily source P&L,1.1081553608684993,4719,18.726190476190474,0.3436772171597773,0.29541004745279553,0.32498608664667866,1.031815306467722,-0.4866332642697452,-0.12307185462795103,-0.42156401957685685,-0.014055005426785172,-4.138256535879258e-05,0.010312830433124417,-0.2756541411798912,-0.27977165946776267,-0.2704824308223112,-0.06858223820889818,Static grid search,,1.0
Static grid candidate 004,Direct daily source P&L,1.0884479337422208,4719,18.726190476190474,0.3453212522612885,0.2966328337987566,0.3249872139183836,1.035561432350357,-0.4671991767075796,-0.13064211220570204,-0.411765426904991,-0.01241097032527394,-3.655125221650524e-05,0.009072052168353318,-0.2767717182006778,-0.28650293902748425,-0.2850309449403826,-0.12573687353699642,Static grid search,,1.0
Static: rates total 20%,Direct daily source P&L,1.0373887792116443,4719,18.726190476190474,0.35169327043091525,0.30135808089860705,0.32498069073972274,1.0499721209455632,-0.4958657359302129,-0.10287433173185206,-0.3632296884449318,-0.006038952155647204,-1.7966038750465795e-05,0.004450249449123783,-0.2773275184915478,-0.28514317650571674,-0.2821300963464716,-0.3538534426738507,Static risk budgets,Change the government-rates allocation and rescale all other sleeves pro rata.,1.0
"Equity trend filter: 104w, cut 25%, reb 1w",Direct daily source P&L,1.0481022099437447,4719,18.726190476190474,0.35419727470112683,0.3032088615885221,0.3249791685286878,1.055852306848138,-0.46775600180539667,-0.11394181021338703,-0.440662986994353,-0.003534947885435624,-1.0382465661827515e-05,0.0025516305838779257,-0.2795166567403881,-0.2929338435043478,-0.30524069474806664,-0.2334253026507486,Regime allocation,"When QQQ momentum is negative, reallocate part of direct equity to trend, rates and styles.",1.0
Static grid candidate 038,Direct daily source P&L,1.0384016086685324,4719,18.726190476190474,0.3454739604755368,0.29674633795075567,0.32499065542474265,1.035968561650805,-0.4471128371414952,-0.1881955568768089,-0.42629936190066603,-0.012258262111025653,-3.602618466632442e-05,0.008838638510253365,-0.27999990717704504,-0.28304788947301307,-0.2843842592123975,-0.3175152844350321,Static grid search,,1.0
"Static: commodities 12%, baseline mix",Direct daily source P&L,1.0523530862706247,4719,18.726190476190474,0.35573036348573916,0.3043403227586027,0.3249827047143411,1.0593648542734027,-0.477908006644307,-0.11415171531437984,-0.4519681276758906,-0.002001859100823289,-5.8523945776569556e-06,0.00143035673057679,-0.2810698254932812,-0.26478464863720313,-0.2619114292463565,-0.08364424134592263,Static risk budgets,Change static commodity beta and its mix.,1.0
Static: Bitcoin total 10.0%,Direct daily source P&L,1.0209150268900424,4719,18.726190476190474,0.35308168377605087,0.30238471970633735,0.3249817723781554,1.0536872343128691,-0.45490954324554667,-0.18041987284223082,-0.5555114399132542,-0.004650538810511584,-1.317472190771011e-05,0.0031610840845863607,-0.2863059656613292,-0.3139794699819196,-0.4508810146132482,-0.6429659162227129,Static risk budgets,Change Bitcoin risk budget; before Bitcoin history the weight is redistributed.,1.0
Static grid candidate 143,Direct daily source P&L,1.0603360746059132,4719,18.726190476190474,0.34539507513765866,0.29668770608361017,0.3249811545527508,1.035518123212549,-0.4625466796086005,-0.1376459380460283,-0.32619140432722044,-0.012337147448903796,-3.6607107255345403e-05,0.008783126994965277,-0.2863131124423193,-0.2965598553993157,-0.3036896087879123,-0.2611634776825714,Static grid search,,1.0
Static grid candidate 186,Direct daily source P&L,1.0492601337222374,4719,18.726190476190474,0.34579106507859514,0.2969819926347163,0.3249818350212665,1.036404598462652,-0.48218192000155513,-0.13602890777280008,-0.3186203192223169,-0.011941157507967315,-3.5463835603426787e-05,0.008424934809426049,-0.28916394738420503,-0.2978171376022373,-0.3101208708285552,-0.30437810860346803,Static grid search,,1.0
Static grid candidate 238,Direct daily source P&L,1.0184565799552319,4719,18.726190476190474,0.35075012098422653,0.3006600833102197,0.3249848813115612,1.04786490100321,-0.49733095057249677,-0.11657382333100523,-0.38110481398478824,-0.006982101602335922,-2.068368351738985e-05,0.004903949101349807,-0.2897389745400435,-0.2798638602019155,-0.2720097600470805,-0.4490289499260009,Static grid search,,1.0
Static grid candidate 043,Direct daily source P&L,1.0802664787286573,4719,18.726190476190474,0.34676109310310643,0.29770251948767285,0.3249857235109834,1.0388867603141587,-0.452530134220666,-0.12321069317377281,-0.4291726682126819,-0.010971129483456021,-3.2262634802872395e-05,0.007484682938049468,-0.29610886737368364,-0.3044622363913201,-0.3108146295652085,-0.15057017001988973,Static grid search,,1.0
Static grid candidate 407,Direct daily source P&L,1.0901112999649194,4719,18.726190476190474,0.34352553069307024,0.2952971520138571,0.32498375054263723,1.0313319015880882,-0.4918983785023652,-0.12256932584290263,-0.36923155540072894,-0.014206691893492218,-4.200600419165369e-05,0.009702808720118758,-0.2973985797628085,-0.3011606532725237,-0.29441625919268444,-0.1535770440824514,Static grid search,,1.0
Static grid candidate 291,Direct daily source P&L,1.0092189292207048,4719,18.726190476190474,0.34216152912131204,0.2942813957781849,0.32498931108642776,1.0292016127135144,-0.4486612510728263,-0.2079355595883154,-0.6914221488887511,-0.015570693465250418,-4.4753400557671785e-05,0.009977948802897634,-0.3081128122298247,-0.317261997434251,-0.3347058391573567,-0.4132215301338722,Static grid search,,1.0
Static grid candidate 075,Direct daily source P&L,1.0358763656518577,4719,18.726190476190474,0.34885166292422576,0.2992536104116814,0.3249830143625844,1.0433846326010308,-0.49792931152608555,-0.11185428732479369,-0.31820405029776344,-0.008880559662336696,-2.646180744877172e-05,0.005875322032530472,-0.3093946629653083,-0.32018362402845013,-0.326825266774212,-0.41124337558681606,Static grid search,,1.0
Static grid candidate 159,Direct daily source P&L,1.103336564212801,4719,18.726190476190474,0.34287188110192424,0.29481051544908415,0.32498565278634844,1.0299510557467229,-0.500816487028719,-0.13700161383946574,-0.41785642437424303,-0.014860341484638218,-4.378685696325592e-05,0.009598571442414466,-0.31337342156115294,-0.3146892040026071,-0.30366771585848057,-0.1132924698959376,Static grid search,,1.0
Static grid candidate 362,Direct daily source P&L,1.0521600723724311,4719,18.726190476190474,0.3467402301560871,0.2976870281665144,0.3249842440327221,1.0389101447918092,-0.4061097643753435,-0.12771070087753605,-0.4629266432932772,-0.010991992430475328,-3.223247625034667e-05,0.007007453249605723,-0.3159791678181814,-0.31113722231438906,-0.32363524390332615,-0.2812693545777392,Static grid search,,1.0
Static grid candidate 242,Direct daily source P&L,1.02527406577475,4719,18.726190476190474,0.34696003322725955,0.2978502260357409,0.3249866107463239,1.0395674820482532,-0.4528135343499733,-0.13455910883594183,-0.530890791427342,-0.010772189359302908,-3.1384719868028485e-05,0.006769001905976413,-0.31850672673233077,-0.3286892352011913,-0.341649939942914,-0.3926271599150174,Static grid search,,1.0
Static: rates total 8%,Direct daily source P&L,1.046224521749605,4719,18.726190476190474,0.35438115961562855,0.30334464123769517,0.3249824336531243,1.0564026279251568,-0.4624146681486886,-0.11977538571379849,-0.4962288033541838,-0.0033510629709339046,-9.672726177577192e-06,0.0020628036727017135,-0.32211873606372166,-0.33132144066743335,-0.32503976642054905,-0.25643408403534584,Static risk budgets,Change the government-rates allocation and rescale all other sleeves pro rata.,1.0
"Equity trend filter: 52w, cut 25%, reb 4w",Direct daily source P&L,1.0517591292800745,4719,18.726190476190474,0.3519994981282917,0.3015846064138188,0.3249802322791331,1.0509050905554649,-0.46880499295807,-0.11894098471978945,-0.46193701494458034,-0.005732724458270777,-1.6762804134521296e-05,0.0035158963510571444,-0.32751831850722635,-0.34269753896116345,-0.3290958010165097,-0.28537004363645574,Regime allocation,"When QQQ momentum is negative, reallocate part of direct equity to trend, rates and styles.",1.0
Static grid candidate 474,Direct daily source P&L,1.0602572421125807,4719,18.726190476190474,0.33865923626567707,0.2916685431075647,0.32498856385146835,1.020321119377624,-0.4739118271821685,-0.1922428562584294,-0.4172084165398872,-0.019072986320885388,-5.620641775673668e-05,0.011652230303984195,-0.3313613385196656,-0.34096858346634773,-0.33205143125557646,-0.3016136075928513,Static grid search,,1.0
"Momentum tilt relative: 13/26/52w, k=0.25, reb 4w",Direct daily source P&L,1.0541753516042658,4719,18.726190476190474,0.3504613264931,0.30044625740444214,0.32497875204779375,1.047502349835741,-0.4551869256035693,-0.12858452171355636,-0.5078973897794017,-0.007270896093462431,-2.1151259427816175e-05,0.004346464556810422,-0.3342913031274637,-0.3558073232989148,-0.3499329644148432,-0.31796100991623566,Dynamic momentum allocation,Tilt baseline sleeve weights toward stronger trailing risk-adjusted momentum.,1.0
Static grid candidate 195,Direct daily source P&L,1.0741380390941813,4719,18.726190476190474,0.340045142981098,0.2927033021872298,0.32498239275252316,1.0232668208808766,-0.4627920127512727,-0.13224422581815676,-0.32940256753940483,-0.01768707960546445,-5.240739796087546e-05,0.010764555354673393,-0.3344425227441753,-0.3481255176970694,-0.34866394537169043,-0.2695919154202395,Static grid search,,1.0
"Momentum tilt absolute+relative: 13w, k=0.50, reb 13w",Direct daily source P&L,1.0599598570353133,4719,18.726190476190474,0.34203129330562443,0.29418435668717685,0.32497903541418355,1.02822506114529,-0.4313816255976922,-0.13490080694507015,-0.512903888147113,-0.015700929280938025,-4.6012842064309875e-05,0.009437519222338561,-0.33492394537675596,-0.34581529108252235,-0.3456985533475105,-0.32521315044860694,Dynamic momentum allocation,Tilt baseline sleeve weights toward stronger trailing risk-adjusted momentum.,1.0
Static grid candidate 170,Direct daily source P&L,1.030828712541072,4719,18.726190476190474,0.3467998951492204,0.29773133045299804,0.32498731141288584,1.0391494903634044,-0.46742382233788304,-0.13865045851507948,-0.5076487181918701,-0.010932327437342071,-3.192379644571028e-05,0.006424703474841534,-0.34133941006611446,-0.34853142127173414,-0.36846790261982154,-0.3997179992463377,Static grid search,,1.0
"Nested grid: worst_year, 260w, top 10, default vol",Direct daily source P&L,1.0501126873232363,4719,18.726190476190474,0.3470216860613362,0.2978959968244933,0.3249870656041266,1.0396320259375489,-0.4366391183398177,-0.13628585343838534,-0.4985257852430823,-0.010710536525226244,-3.130147874096067e-05,0.006288808234371106,-0.34191762775882023,-0.3427364206125508,-0.34381985652809244,-0.2865068504951929,,,1.0
Static grid candidate 014,Direct daily source P&L,1.0486381720495646,4719,18.726190476190474,0.339563337573372,0.29234369337391625,0.32498432154102574,1.0221399022305382,-0.5210197803559679,-0.1514117186074215,-0.3178583884758791,-0.018168885013190472,-5.3860765267859196e-05,0.010295379010726718,-0.35938104661663,-0.3755044725312098,-0.369198489442924,-0.3717225941281107,Static grid search,,1.0
"Static: commodities 4%, equal mix",Direct daily source P&L,1.0374537851637242,4719,18.726190476190474,0.35500931701747995,0.3038083303356847,0.32498037484475667,1.0577307994729541,-0.4533810598906409,-0.11274457430371662,-0.45542068359059923,-0.002722905569082501,-7.959806522679526e-06,0.0014927825634452987,-0.3662949629834222,-0.3481481042009645,-0.34376363076518074,-0.4863932113181557,Static risk budgets,Change static commodity beta and its mix.,1.0
"Momentum tilt absolute+relative: 13w, k=0.25, reb 13w",Direct daily source P&L,1.0593807281062433,4719,18.726190476190474,0.3426161035761557,0.2946200267721644,0.32498009680863277,1.0295643501078853,-0.4303750713996982,-0.13487998380740984,-0.5101921109612283,-0.01511611901040677,-4.428558447366138e-05,0.008293716983202118,-0.36680745876869103,-0.37176714038851894,-0.3695991725149147,-0.35744813083533333,Dynamic momentum allocation,Tilt baseline sleeve weights toward stronger trailing risk-adjusted momentum.,1.0
"Sleeve drawdown scaling: cut -30%, floor 0%",Direct daily source P&L,1.054653805792742,4719,18.726190476190474,0.34572414596905654,0.2969322666593415,0.32498062467673994,1.0365780321649554,-0.48688435287321996,-0.12312557105615855,-0.4587782976360351,-0.012008076617505914,-3.524016118577375e-05,0.006595014038529363,-0.3670685282259321,-0.3867468137362888,-0.4048120754823247,-0.3241749160693279,Drawdown allocation,"Reduce sleeve weights as their own drawdowns deepen, redistributing to stronger sleeves.",1.0
"Momentum tilt relative: 13w, k=1.00, reb 4w",Direct daily source P&L,1.0577051457465239,4719,18.726190476190474,0.3390710083683095,0.291976096197876,0.3249721331630621,1.0214545097232277,-0.43717763097293394,-0.13965508879019337,-0.5201327268231994,-0.018661214218252953,-5.4744704017366515e-05,0.010184759383028708,-0.3692464491003708,-0.3873935941286973,-0.38124460753344885,-0.3721669543725962,Dynamic momentum allocation,Tilt baseline sleeve weights toward stronger trailing risk-adjusted momentum.,1.0
"Sleeve drawdown scaling: cut -30%, floor 50%",Direct daily source P&L,1.0507885439564546,4719,18.726190476190474,0.34931252063984375,0.29959521877110373,0.3249781689550378,1.044802218182433,-0.47979431237548287,-0.12355474022078101,-0.4715703991706903,-0.008419701946718705,-2.4633572075931233e-05,0.004533000098549329,-0.3733074464139261,-0.38692775839975946,-0.39324829192466254,-0.3417696078567852,Drawdown allocation,"Reduce sleeve weights as their own drawdowns deepen, redistributing to stronger sleeves.",1.0
Static grid candidate 099,Direct daily source P&L,1.0486366200586381,4719,18.726190476190474,0.34690879365231897,0.2978121844099311,0.3249824577948782,1.039769754246887,-0.4821283056081348,-0.19160287624374675,-0.6036507057302564,-0.010823428934243484,-3.112385294518702e-05,0.005694385960094591,-0.3754667154245747,-0.3907282057007959,-0.4179099518439425,-0.3603009052707159,Static grid search,,1.0
Static grid candidate 247,Direct daily source P&L,1.091509389307364,4719,18.726190476190474,0.33975528576835545,0.2924869747243608,0.3249839764773574,1.0230519766614143,-0.5223140887262897,-0.16685176495560608,-0.5216818245288692,-0.017976936818207,-5.268447879946702e-05,0.009532921714325727,-0.3796484666085045,-0.3701031870534907,-0.3503164791531306,-0.19639728888591299,Static grid search,,1.0
Static grid candidate 458,Direct daily source P&L,1.068853902221506,4719,18.726190476190474,0.33538548036441185,0.28921999950878435,0.32498045964961925,1.0125244524017591,-0.44880599812716093,-0.14709565454493914,-0.3232252357134344,-0.022346742222150606,-6.626164302322891e-05,0.011944926084822659,-0.3810690896062393,-0.38815259022410126,-0.3949442136223016,-0.3358317133912163,Static grid search,,1.0
"Momentum tilt relative: 13/26/52w, k=0.25, reb 13w",Direct daily source P&L,1.0445503020619833,4719,18.726190476190474,0.35098762339081935,0.30083589786342624,0.32498000879718997,1.0486632416977382,-0.45889515144668935,-0.11568385858146961,-0.4930913217210046,-0.006744599195743106,-1.9654077462938545e-05,0.003531619402033174,-0.38229952463261463,-0.40216259801289456,-0.40210269556469663,-0.4275644255286413,Dynamic momentum allocation,Tilt baseline sleeve weights toward stronger trailing risk-adjusted momentum.,1.0
Static grid candidate 137,Direct daily source P&L,1.0180130155590053,4719,18.726190476190474,0.3466262330983929,0.2976023779272557,0.3249812997372556,1.0385690508673229,-0.4858649632239287,-0.11739914302494392,-0.4299692790096378,-0.011105989488169543,-3.2672379129148826e-05,0.005737278129470726,-0.39120089949621817,-0.38599728638934794,-0.3885426344558452,-0.5197087400681727,Static grid search,,1.0
"Sleeve drawdown scaling: cut -10%, floor 50%",Direct daily source P&L,1.051906102604312,4719,18.726190476190474,0.34761423993708895,0.2983357993815565,0.32497888836083144,1.0409863763769127,-0.4537379265849002,-0.13150008600436222,-0.49837894942750327,-0.0101179826494735,-2.9554796626701168e-05,0.005187733026139843,-0.39135901815204494,-0.4200408924169573,-0.43364375753023954,-0.3708254704432916,Drawdown allocation,"Reduce sleeve weights as their own drawdowns deepen, redistributing to stronger sleeves.",1.0
Static grid candidate 226,Direct daily source P&L,1.0419401813857063,4719,18.726190476190474,0.3468073788166748,0.29773688706663437,0.3249875738031688,1.0389295195818349,-0.45137176611906205,-0.13841340378277958,-0.40627727780539274,-0.010924843769887671,-3.220748892194105e-05,0.005625527875144581,-0.3932951345128126,-0.3911216323979982,-0.4112073785888611,-0.43683493303060383,Static grid search,,1.0
Static grid candidate 394,Direct daily source P&L,1.070367182781793,4719,18.726190476190474,0.3431508789507465,0.2950182559447902,0.32497975553051184,1.030683080056982,-0.4668904821713201,-0.12180850473962099,-0.4623385404908361,-0.01458134363581598,-4.284277799169201e-05,0.007437585151333424,-0.3957042011567071,-0.3892181510518329,-0.3826407962049966,-0.29076390341837516,Static grid search,,1.0
"Momentum tilt relative: 52w, k=0.25, reb 4w",Direct daily source P&L,1.0499392045817473,4719,18.726190476190474,0.348244931818503,0.2988036961467346,0.32497879411069647,1.0424518250907828,-0.47247134682307546,-0.12233517325033837,-0.510753329409769,-0.009487290768059431,-2.7664833007622948e-05,0.004775404288802905,-0.39796318372477396,-0.4145405833593766,-0.4064960835965681,-0.3835737622928495,Dynamic momentum allocation,Tilt baseline sleeve weights toward stronger trailing risk-adjusted momentum.,1.0
Static grid candidate 206,Direct daily source P&L,1.0579827650047584,4719,18.726190476190474,0.3428039677018737,0.29475994091672186,0.3249877739148591,1.029861639378779,-0.4698995078607602,-0.13774801970219713,-0.4494625284735428,-0.01492825488468874,-4.390217569175513e-05,0.007539054842474208,-0.4000314436675514,-0.3900609661402476,-0.39237668017151694,-0.33005898989369253,Static grid search,,1.0
"Sleeve drawdown scaling: cut -30%, floor 25%",Direct daily source P&L,1.0538331724199004,4719,18.726190476190474,0.34574809041342225,0.296950059482201,0.3249790199281068,1.0366349963826662,-0.4863168552433025,-0.1233093520424989,-0.4602492644543537,-0.011984132173140205,-3.51666954288051e-05,0.005994393927282217,-0.4030057746455438,-0.42438547583871133,-0.44043768874045286,-0.3619703481724411,Drawdown allocation,"Reduce sleeve weights as their own drawdowns deepen, redistributing to stronger sleeves.",1.0
Static grid candidate 250,Direct daily source P&L,1.0375736383958436,4719,18.726190476190474,0.3391555408982876,0.29203922194803306,0.3249847453477612,1.021512429497201,-0.5398637465368218,-0.18428411064761094,-0.4109502604669481,-0.018576681688274865,-5.467000589617122e-05,0.009208788062058954,-0.40782292154245847,-0.4232048531378833,-0.4335489375447082,-0.44651107616080304,Static grid search,,1.0
Ensemble: baseline + momentum + equity trend filter,Direct daily source P&L,1.0567917301235121,4719,18.726190476190474,0.3482756558404081,0.29882648404759243,0.3249789714434517,1.0424801533703596,-0.46001954913357357,-0.12409797836757372,-0.4924303754766475,-0.00945656674615436,-2.762829852007333e-05,0.004567921869702795,-0.4154898907346265,-0.43182375314760457,-0.4086948423838232,-0.37272895541104606,Pre-specified ensemble,Average the allocations from several distinct no-lookahead rules to reduce model risk.,1.0
Static grid candidate 363,Direct daily source P&L,1.0028845367817814,4719,18.726190476190474,0.34781446889527556,0.29848436866695277,0.32498391263852167,1.041615499466742,-0.4465708658666431,-0.1725128888809208,-0.5412463858481853,-0.00991775369128689,-2.874342756243791e-05,0.004683370012130937,-0.4216043401280316,-0.4264358425413869,-0.4519367371217054,-0.6960334540471024,Static grid search,,1.0
Static: remove Growth_QQQ,Direct daily source P&L,1.0779111266299048,4719,18.726190476190474,0.33508665113495795,0.2889961969630275,0.32497788088918494,1.0120220277955936,-0.5011225693647451,-0.1301125898750159,-0.4021733496720397,-0.022645571451604507,-6.69096112653072e-05,0.010715316385498932,-0.42895180201121286,-0.4395401152709368,-0.4342920007019609,-0.33510913956288757,Leave-one-out,Remove Growth_QQQ and redistribute its allocation pro rata.,1.0
Static grid candidate 152,Direct daily source P&L,1.0441792806035346,4719,18.726190476190474,0.3426023407011687,0.29460977593017706,0.32498343626722376,1.0290963056789073,-0.48399090552309654,-0.1174591811427362,-0.3195469118526288,-0.01512988188539377,-4.488921320151003e-05,0.007115785635451371,-0.4333553131731738,-0.452559933965995,-0.4556302367416567,-0.49562938524894673,Static grid search,,1.0
"Momentum tilt absolute+relative: 13w, k=1.00, reb 13w",Direct daily source P&L,1.0580779666194997,4719,18.726190476190474,0.3342503124395626,0.2883695704005706,0.32497837595900997,1.0103079769517673,-0.4431662132650601,-0.13198371029736367,-0.5103612498022868,-0.02348191014699985,-6.91201927107183e-05,0.010904119663716353,-0.4354510279450227,-0.4574661901182266,-0.4583487380632492,-0.4354839391338925,Dynamic momentum allocation,Tilt baseline sleeve weights toward stronger trailing risk-adjusted momentum.,1.0
Static grid candidate 464,Direct daily source P&L,1.0592315348729446,4719,18.726190476190474,0.3372459696894965,0.290612252545074,0.32498333193921153,1.0168066794332247,-0.531064084215993,-0.1358435686016534,-0.3221884383714109,-0.02048625289706596,-6.0738929589791286e-05,0.009547611322608255,-0.43701605457733866,-0.45459141852108637,-0.44732363630542815,-0.41108455456737536,Static grid search,,1.0
Static grid candidate 262,Direct daily source P&L,1.0575878882058931,4719,18.726190476190474,0.34691758558165975,0.2978187118754042,0.32498019419666696,1.0395095309369282,-0.4596930145254833,-0.13197207918100334,-0.5466353714723089,-0.010814637004902705,-3.14594584044595e-05,0.004940861012232409,-0.4373947773640318,-0.4334462902079398,-0.4168622282128843,-0.32782590826874125,Static grid search,,1.0
Static grid candidate 265,Direct daily source P&L,1.06612485978833,4719,18.726190476190474,0.3374609592537259,0.29077301001899863,0.32498640502613857,1.0175165738519847,-0.4681002242567778,-0.16554884733376152,-0.40899923036453,-0.020271263332836575,-5.9823391152899106e-05,0.00932735138501657,-0.4405930867664586,-0.4636315751021677,-0.4618825007507302,-0.40156025109517,Static grid search,,1.0
Static grid candidate 163,Direct daily source P&L,1.0684219225920428,4719,18.726190476190474,0.339470861644386,0.29227465660757,0.32498735013638386,1.0221556977074622,-0.48572548544718197,-0.17038866381050363,-0.4174512736407681,-0.018261360942176452,-5.384039411706382e-05,0.008327709790266598,-0.44412747100737837,-0.4487722926785968,-0.44112919087140634,-0.3724356035064292,Static grid search,,1.0
Static grid candidate 470,Direct daily source P&L,1.042010210905359,4719,18.726190476190474,0.34658286172904895,0.29757016997917557,0.3249815102261854,1.0382477742868823,-0.5219046379737997,-0.10448033689290262,-0.33748904381158534,-0.011149360857513502,-3.308672392535183e-05,0.005079114461469479,-0.44749764723821955,-0.460224193043678,-0.44946572254988326,-0.4904555321678681,Static grid search,,1.0
Static grid candidate 033,Direct daily source P&L,1.075132351148381,4719,18.726190476190474,0.34066867840653403,0.29316850323309,0.32498389752074563,1.0251661300169441,-0.4724592913602855,-0.14224110170158166,-0.5326806469785195,-0.017063544180028423,-4.995789213062931e-05,0.007666053007156804,-0.44766926301656584,-0.45483362502549185,-0.4364340137020179,-0.3207957552003677,Static grid search,,1.0
Static grid candidate 428,Direct daily source P&L,1.072069823277272,4719,18.726190476190474,0.3428870925493426,0.29482184293421404,0.32498500694102933,1.030179323407419,-0.4802184714801664,-0.13270435324842655,-0.5045351745688323,-0.014845130037219878,-4.349246414688166e-05,0.00663084740304564,-0.4505779857936849,-0.4431438627564798,-0.4309123589815364,-0.3090816274052538,Static grid search,,1.0
"Momentum tilt relative: 52w, k=0.50, reb 13w",Direct daily source P&L,1.0345971569814671,4719,18.726190476190474,0.34195514449835906,0.29412761362304357,0.32497801858964337,1.0280158245434934,-0.4599859977930788,-0.13334676412281027,-0.49463273399832963,-0.01577707808820339,-4.628269085630941e-05,0.007013880330598878,-0.45329949749343873,-0.4629187822481259,-0.45469049898048214,-0.48512570056861154,Dynamic momentum allocation,Tilt baseline sleeve weights toward stronger trailing risk-adjusted momentum.,1.0
Static grid candidate 418,Direct daily source P&L,1.034862042279328,4719,18.726190476190474,0.35002948972219006,0.3001264364504154,0.32498028662725514,1.0464479569894583,-0.4363608859465661,-0.12093332234767123,-0.4797828356734251,-0.007702732864372397,-2.2511091471633282e-05,0.0033692208690804756,-0.4589782009231368,-0.43640924689349453,-0.4331403379885266,-0.5128430114658002,Static grid search,,1.0
Static: rates total 5%,Direct daily source P&L,1.0469889928982365,4719,18.726190476190474,0.349644376098583,0.2998411326356879,0.3249832532953507,1.0456902753646486,-0.4593677970774829,-0.12514349730895077,-0.5283461520688018,-0.008087846487979444,-2.3488260233787935e-05,0.0035059104866633634,-0.46023009593155656,-0.4734859663443834,-0.4642158446991522,-0.39985167270506594,Static risk budgets,Change the government-rates allocation and rescale all other sleeves pro rata.,1.0
Static grid candidate 305,Direct daily source P&L,1.0299563318241065,4719,18.726190476190474,0.3459321092103309,0.2970867910279625,0.32498576546203556,1.0368335467863394,-0.4574787607419589,-0.11145202378032339,-0.37078927783413207,-0.011800113376231547,-3.4910628439940586e-05,0.005206545638249102,-0.46060959005428626,-0.4609793587167657,-0.47714527254965966,-0.6058738721503346,Static grid search,,1.0
"Sleeve drawdown scaling: cut -20%, floor 50%",Direct daily source P&L,1.0504172799639933,4719,18.726190476190474,0.3458349504170597,0.2970146014282232,0.3249785918379694,1.0368752343243297,-0.47248848105292607,-0.12794733675192435,-0.47983885159374773,-0.01189727216950276,-3.4856864750072296e-05,0.005130359785748184,-0.4667297531827775,-0.4912894111239146,-0.49923661176608414,-0.45583691230371176,Drawdown allocation,"Reduce sleeve weights as their own drawdowns deepen, redistributing to stronger sleeves.",1.0
Static grid candidate 224,Direct daily source P&L,1.0205687423625638,4719,18.726190476190474,0.3425345483025519,0.29455928137333814,0.32498431101678765,1.0293577555466182,-0.4421906284857049,-0.13015633904145188,-0.5021692626724171,-0.015197674284010532,-4.455202587212072e-05,0.006504531199819937,-0.47051821912093933,-0.47392326727792444,-0.4880210720328675,-0.5799445916185001,Static grid search,,1.0
"Static: commodities 16%, baseline mix",Direct daily source P&L,1.0609915839994695,4719,18.726190476190474,0.35089624070174796,0.30076825417946157,0.32498407781725364,1.0483824596555182,-0.49017010319812093,-0.12629190233363236,-0.4587299163005857,-0.00683598188481449,-2.0016197160246323e-05,0.002916392830547519,-0.47147702765268534,-0.44519254853105605,-0.4401865553557817,-0.25990052174153094,Static risk budgets,Change static commodity beta and its mix.,1.0
Static grid candidate 204,Direct daily source P&L,1.0385566571194045,4719,18.726190476190474,0.34200235627427267,0.2941627943409979,0.3249884466001034,1.028033706583686,-0.4541887820271897,-0.14874066029219155,-0.45082460585163686,-0.015729866312289786,-4.625962870129942e-05,0.006637725871299338,-0.47874893249951145,-0.47402416065154673,-0.4973888305784291,-0.5139541363557765,Static grid search,,1.0
Static grid candidate 318,Direct daily source P&L,1.0275697132094688,4719,18.726190476190474,0.3488816100793297,0.29927581212851145,0.32498118161046946,1.0439706449696906,-0.44561494505616694,-0.1625041466600996,-0.5148259850837192,-0.008850612507232736,-2.5706037528873107e-05,0.0036684199628684625,-0.4813722801463099,-0.49373348975010495,-0.5286564643695065,-0.6554543716902449,Static grid search,,1.0
Static grid candidate 355,Direct daily source P&L,1.0482257282793848,4719,18.726190476190474,0.3433183796271946,0.2951429554373525,0.32498189850832576,1.0313994079796616,-0.4784434258817154,-0.13168127744896546,-0.5995908247107363,-0.014413842959367873,-4.191894237712446e-05,0.00587962322280804,-0.48976281549314093,-0.49803405700916137,-0.46637310911764857,-0.43116917788746195,Static grid search,,1.0
Static grid candidate 109,Direct daily source P&L,1.0244253691281298,4719,18.726190476190474,0.3408097218164612,0.2932737014774958,0.3249797702044941,1.025893726754671,-0.4429060897566045,-0.17990792582137202,-0.6755813373600638,-0.016922500770101268,-4.9019523322052704e-05,0.0068580672377737415,-0.49101225732636744,-0.4843081048172303,-0.4780089370145626,-0.5460346698949352,Static grid search,,1.0
"Equity trend filter: 52w, cut 25%, reb 1w",Direct daily source P&L,1.052306678528906,4719,18.726190476190474,0.34895004779572414,0.29932654747829485,0.32498015140747016,1.043949087331172,-0.468531696518401,-0.11959213054938075,-0.46123361756850717,-0.008782174790838315,-2.5733840038867334e-05,0.0035948215842591846,-0.4917589186102665,-0.5125289271446917,-0.48621041305265894,-0.4548722511663503,Regime allocation,"When QQQ momentum is negative, reallocate part of direct equity to trend, rates and styles.",1.0
Static grid candidate 058,Direct daily source P&L,1.0581705377723172,4719,18.726190476190474,0.336933256322022,0.29037837639656655,0.32498547061735955,1.0161532708886984,-0.4772957380215773,-0.1448095241227176,-0.3524975943654586,-0.020798966264540475,-6.158161918094604e-05,0.008577573989153407,-0.4931869989234653,-0.5033039040727355,-0.4960252729878236,-0.4742672619031607,Static grid search,,1.0
"High-vol equity cut: 26w, q70%, cut 75%",Direct daily source P&L,1.066838315258766,4719,18.726190476190474,0.32990081692388995,0.2851043657114664,0.3249839097872442,1.0001209885291522,-0.5274429822643791,-0.13717301951514504,-0.44646319202838325,-0.027831405662672504,-8.225817381131286e-05,0.011272882079399284,-0.5012669696213339,-0.525814969095362,-0.5215304663432556,-0.467379168691621,Regime allocation,Reduce direct equity during unusually high realized-volatility regimes.,1.0
Static grid candidate 141,Direct daily source P&L,1.0345317421963316,4719,18.726190476190474,0.34012683363042684,0.2927642614466108,0.32498488154534527,1.02381678529529,-0.45319767181717974,-0.1439753677550082,-0.48991919626188424,-0.017605388956135615,-5.169811845815952e-05,0.007029987943989388,-0.5051788335213716,-0.5091055099839701,-0.5170601884491733,-0.5584890351022869,Static grid search,,1.0
Static grid candidate 424,Direct daily source P&L,1.0465777085130916,4719,18.726190476190474,0.3485023102547249,0.29899457679953545,0.3249844228109731,1.0428886747345665,-0.47067385641658666,-0.1303125152400637,-0.4447395992077237,-0.009229912331837564,-2.7101435649568903e-05,0.003641591140125796,-0.5112415022993978,-0.5012759736385775,-0.5041716655175753,-0.48770074298527827,Static grid search,,1.0
"Static: commodities 20%, metals only",Direct daily source P&L,1.0745820133812536,4719,18.726190476190474,0.34278886488073135,0.2947486936263959,0.324987669849412,1.029890347895968,-0.4935388132304853,-0.16204029058659344,-0.4704278156437397,-0.014943357705831106,-4.386515081839641e-05,0.005879016010363618,-0.5125544078042492,-0.47524193227783323,-0.46473081257898385,-0.31765729800002346,Static risk budgets,Change static commodity beta and its mix.,1.0
Static grid candidate 340,Direct daily source P&L,1.0750914142674504,4719,18.726190476190474,0.33532382938232375,0.2891738312628625,0.324979887252242,1.0125022268591723,-0.45488055183284104,-0.1280653074701393,-0.3791572749600031,-0.022408393204238708,-6.629030691743833e-05,0.008877006309985273,-0.5129895164112316,-0.5230916167546843,-0.5379460054746557,-0.43383154826023,Static grid search,,1.0
Static grid candidate 376,Direct daily source P&L,1.051696728289504,4719,18.726190476190474,0.3367724788545856,0.2902581107551273,0.3249848339754325,1.0159238768987704,-0.49303160533689583,-0.14629515997237472,-0.4114611771288593,-0.020959743731976843,-6.187746460446409e-05,0.008275776124241171,-0.5136280881449125,-0.501609934155938,-0.499345861081909,-0.46496835624429705,Static grid search,,1.0
Static grid candidate 029,Direct daily source P&L,1.0330867279382028,4719,18.726190476190474,0.3427327976176895,0.29470693841448786,0.3249836451932263,1.0297417437846055,-0.41356224499043204,-0.12440211662803764,-0.4732259609284186,-0.014999424968872965,-4.405680294614562e-05,0.005839481163666625,-0.5182791113687397,-0.5023453901550451,-0.48372194257273027,-0.5398926653999565,Static grid search,,1.0
"Momentum tilt relative: 26w, k=0.25, reb 13w",Direct daily source P&L,1.041713271838628,4719,18.726190476190474,0.34923814639151685,0.29954009714655616,0.32498091697604337,1.0446450251727313,-0.45975334687240565,-0.11168869059378977,-0.4810611058678219,-0.008494076195045608,-2.4836301155903482e-05,0.00328937123001966,-0.51867941979246,-0.5550410090918151,-0.5727050525458167,-0.6150285771887762,Dynamic momentum allocation,Tilt baseline sleeve weights toward stronger trailing risk-adjusted momentum.,1.0
"Momentum tilt relative: 52w, k=1.00, reb 13w",Direct daily source P&L,1.0333037099693811,4719,18.726190476190474,0.33101308456389233,0.28594036999117023,0.32497648580281246,1.0028181000802736,-0.4654444179728895,-0.15097469454285276,-0.49986682853265874,-0.02671913802267012,-7.877975613625558e-05,0.010344292282407484,-0.5231651876698536,-0.5355464265280079,-0.5241928022316122,-0.5409260177676961,Dynamic momentum allocation,Tilt baseline sleeve weights toward stronger trailing risk-adjusted momentum.,1.0
Static: rates total 25%,Direct daily source P&L,1.032227658520318,4719,18.726190476190474,0.3388597128406765,0.29181829112368346,0.3249811542763855,1.0205027042314556,-0.5411902522215931,-0.11649547427695696,-0.321792189199363,-0.018872509745885946,-5.597223094127914e-05,0.007285267969328109,-0.5277789627401451,-0.5421839966349129,-0.5378710172977472,-0.6047834033043413,Static risk budgets,Change the government-rates allocation and rescale all other sleeves pro rata.,1.0
Static grid candidate 448,Direct daily source P&L,1.0699808588156314,4719,18.726190476190474,0.32637338164506535,0.2824484370770986,0.3249790891656422,0.9916951744315086,-0.45738270728341857,-0.1429656156101312,-0.3356531243329951,-0.0313588409414971,-9.312479913565501e-05,0.011937517386436615,-0.5358908237910587,-0.5455055253266995,-0.5535536994138276,-0.4931730400289083,Static grid search,,1.0
"Momentum tilt absolute+relative: 52w, k=0.25, reb 13w",Direct daily source P&L,1.0247806498851744,4719,18.726190476190474,0.333342791502951,0.2876891660538346,0.32497256030430616,1.0081369159411337,-0.46837339647212006,-0.1236630540006182,-0.4653140049465822,-0.024389431083611468,-7.192017218871819e-05,0.00921075601830065,-0.5363896986498031,-0.5361044265022404,-0.5245788087505971,-0.5754239775293599,Dynamic momentum allocation,Tilt baseline sleeve weights toward stronger trailing risk-adjusted momentum.,1.0
Static grid candidate 345,Direct daily source P&L,1.0250412977969328,4719,18.726190476190474,0.3354763975058417,0.28928808025995917,0.32498771284113886,1.0133127315816752,-0.4846684146113145,-0.189743106822259,-0.5117354780399683,-0.02225582508072077,-6.524501312849623e-05,0.008325400041233545,-0.5383530783054379,-0.5439349990133784,-0.564945142139016,-0.6243311858296896,Static grid search,,1.0
Static grid candidate 323,Direct daily source P&L,1.0279714271593692,4719,18.726190476190474,0.34661653018717753,0.2975951725528669,0.32498024586095614,1.0383551469795946,-0.5274301128499809,-0.09974604331040146,-0.35278758588484593,-0.011115692399384924,-3.294824723832208e-05,0.004166718661419605,-0.5432042099582243,-0.5522306753865487,-0.5313065441142453,-0.6965889314691113,Static grid search,,1.0
Static grid candidate 496,Direct daily source P&L,1.0497879651140969,4719,18.726190476190474,0.3334663915266092,0.2877818611176835,0.3249807388403607,1.0083702811881787,-0.4845168754784426,-0.12782517506812238,-0.44696787805385085,-0.02426583105995328,-7.161920510423581e-05,0.009001933153787164,-0.5465359088654625,-0.5334912481008697,-0.5227190962873786,-0.5033160633148325,Static grid search,,1.0
Static grid candidate 406,Direct daily source P&L,1.0243405681097644,4719,18.726190476190474,0.34466230812298027,0.2961429095024204,0.32498254008701244,1.0340754688876637,-0.44746638847942544,-0.11436311674797407,-0.438120856608708,-0.013069914463582188,-3.8467673348947376e-05,0.004800392565008203,-0.5504833069282329,-0.5241095360017735,-0.4929473080197345,-0.6338503831225786,Static grid search,,1.0
Static grid candidate 378,Direct daily source P&L,1.0920716377816782,4719,18.726190476190474,0.3370447767172926,0.2904617879982752,0.32498270079738373,1.0165800253403647,-0.48330824880682766,-0.11642462417817824,-0.4291290579972645,-0.02068744586926985,-6.103124141590036e-05,0.007581707747170066,-0.5529809279271729,-0.5624207333944226,-0.5598553706307604,-0.3722439520347426,Static grid search,,1.0
Static grid candidate 149,Direct daily source P&L,1.0389786304151518,4719,18.726190476190474,0.34542174849550533,0.29670753155639074,0.3249828005905173,1.0359448459858132,-0.44079982291635744,-0.12358452965119575,-0.4892134383569473,-0.012310474091057122,-3.605677034538131e-05,0.004309039372257655,-0.5748193114545721,-0.6023992193133667,-0.6800036143174233,-0.7061851767502143,Static grid search,,1.0
"Equity trend filter: 104w, cut 50%, reb 1w",Direct daily source P&L,1.0506381135437448,4719,18.726190476190474,0.3435042660350194,0.29528132438285953,0.32497742040991695,1.0313392883565315,-0.4840261968083752,-0.11407791598272622,-0.3949544007909011,-0.014227956551543075,-4.1996477605367516e-05,0.004966980165885456,-0.5808251710471731,-0.6145800158245868,-0.6434885553346564,-0.5435022392375021,Regime allocation,"When QQQ momentum is negative, reallocate part of direct equity to trend, rates and styles.",1.0
Static grid candidate 249,Direct daily source P&L,1.0317600811232135,4719,18.726190476190474,0.3407979191694539,0.2932648988123874,0.3249819488443507,1.025140047088758,-0.44665263405006517,-0.11352303570307401,-0.4025974838666131,-0.016934303417108554,-4.9991530827694764e-05,0.005891875144841816,-0.582864881738135,-0.5944009240284527,-0.6106240147113497,-0.7046057055347348,Static grid search,,1.0
Static grid candidate 296,Direct daily source P&L,1.0479991545531315,4719,18.726190476190474,0.33380993289760275,0.2880394582550678,0.3249774600847595,1.0090665158936265,-0.4547429008190551,-0.11691254085864665,-0.4121962982810253,-0.023922289688959708,-7.072128336109833e-05,0.008198026342708113,-0.5926056834030168,-0.5873269154393566,-0.585356042059874,-0.6007831868565788,Static grid search,,1.0
Static grid candidate 373,Direct daily source P&L,1.0366439394915699,4719,18.726190476190474,0.3331907437207582,0.2875751245236239,0.32498665678603184,1.007625400227808,-0.48157639589532486,-0.16900995498876106,-0.39190430657882824,-0.024541478865804267,-7.257986507296762e-05,0.008309829370821288,-0.5999969446615754,-0.6073213293117788,-0.6057259747857651,-0.6679315785147562,Static grid search,,1.0
"Momentum tilt relative: 13/26/52w, k=0.50, reb 13w",Direct daily source P&L,1.0430933473925086,4719,18.726190476190474,0.3388489972471611,0.29181028756939487,0.3249791786272542,1.020928661967813,-0.44903829434917575,-0.12265559244660192,-0.5192933016498348,-0.018883225339401344,-5.5422880686056334e-05,0.006335252244409747,-0.6009663738027794,-0.6297007723700304,-0.6228844922342608,-0.6526070701649185,Dynamic momentum allocation,Tilt baseline sleeve weights toward stronger trailing risk-adjusted momentum.,1.0
Static grid candidate 276,Direct daily source P&L,0.9920053723279944,4719,18.726190476190474,0.33941759254233905,0.2922348870516777,0.3249811440976931,1.0220682068958575,-0.5572984521359952,-0.16608966692827315,-0.42270605003418693,-0.0183146300442234,-5.3953229489173294e-05,0.006116376185104844,-0.605965983724667,-0.5970571508389584,-0.5900788701213284,-0.8671464978330792,Static grid search,,1.0
Static grid candidate 261,Direct daily source P&L,1.0368194634184562,4719,18.726190476190474,0.33457129188209156,0.2886101106027003,0.3249844731641886,1.0114094754293947,-0.484768616269035,-0.16878068926392206,-0.6431437597900898,-0.023160930704470895,-6.769960935663552e-05,0.007619419835128559,-0.6103644732540845,-0.6300696350977854,-0.619148032670843,-0.6157776743874533,Static grid search,,1.0
Static grid candidate 488,Direct daily source P&L,1.0054950231630522,4719,18.726190476190474,0.3388317079610301,0.2917973739414941,0.32497955797515876,1.0210079809808776,-0.5072827102739803,-0.1844128391194605,-0.516152683964896,-0.018900514625532328,-5.532058433984223e-05,0.006201914683398202,-0.6127537248086955,-0.6300501998141782,-0.6865804283482378,-0.8583423788579329,Static grid search,,1.0
"Nested grid: log, 260w, top 10, default vol",Direct daily source P&L,1.0267143151278526,4719,18.726190476190474,0.3360453580027847,0.28971402513903177,0.3249860983015816,1.0147084926807863,-0.48605711307778854,-0.15196592060135944,-0.5943312886842155,-0.021686864583777776,-6.344492440940452e-05,0.007097541907224097,-0.6140643820590755,-0.6000761966680501,-0.616256159432402,-0.654724808591628,,,1.0
Static grid candidate 310,Direct daily source P&L,1.076896122828723,4719,18.726190476190474,0.32894158946054697,0.2843828280207366,0.32498582584646624,0.9981692578622698,-0.4847214494844848,-0.18885171302155537,-0.5476924650054547,-0.028790633126015486,-8.477528677455457e-05,0.009452436642277344,-0.6160989677921935,-0.6145927389733846,-0.5877273351505237,-0.5045232586533359,Static grid search,,1.0
"Momentum tilt relative: 26/52/104w, k=0.25, reb 4w",Direct daily source P&L,1.0516898172789262,4719,18.726190476190474,0.3441287772444601,0.2957460539129881,0.3249796369369119,1.0330415983316417,-0.46686219201159207,-0.1286965936850181,-0.5143263975519073,-0.013603445342102338,-3.9801038153340744e-05,0.0044367293242145245,-0.6162493223775269,-0.6492028229842001,-0.6415099002750626,-0.6101118177239153,Dynamic momentum allocation,Tilt baseline sleeve weights toward stronger trailing risk-adjusted momentum.,1.0
Static grid candidate 040,Direct daily source P&L,1.03588604224847,4719,18.726190476190474,0.33117838118048315,0.2860645508541389,0.3249864554069529,1.0035201314590547,-0.47819872743426006,-0.20798965059954988,-0.6045081904587098,-0.026553841406079304,-7.787435852473283e-05,0.008588591235590614,-0.6228701771345622,-0.6361397851403964,-0.6404653522460704,-0.6498530552265375,Static grid search,,1.0
"Equity trend filter: 26w, cut 75%, reb 4w",Direct daily source P&L,1.0633959773042316,4719,18.726190476190474,0.32584282648042606,0.2820483526721466,0.32497654246407015,0.9905662145300991,-0.4552385709620258,-0.11607873940497744,-0.38923224715269733,-0.03188939610613639,-9.458079900850493e-05,0.010426647434525127,-0.623136626249729,-0.6713960434141241,-0.6854779433592542,-0.598968336450035,Regime allocation,"When QQQ momentum is negative, reallocate part of direct equity to trend, rates and styles.",1.0
Static grid candidate 124,Direct daily source P&L,1.0570487503456165,4719,18.726190476190474,0.3399057133602539,0.29259924832322637,0.3249863974515082,1.0232240621489637,-0.43323012318097665,-0.12244354045131924,-0.4607147580747622,-0.017826509226308573,-5.2462543150842276e-05,0.005770497025500729,-0.6245412190181607,-0.6275782873374708,-0.6602643162902613,-0.5717036585691097,Static grid search,,1.0
Static grid candidate 468,Direct daily source P&L,1.0562931420915114,4719,18.726190476190474,0.3373726595794011,0.2907069874643728,0.3249846658044516,1.0176271986676788,-0.4631528155190495,-0.15181819873386748,-0.5488782313657387,-0.020359563007161352,-5.9680720259641566e-05,0.006563209648808531,-0.6246586629992935,-0.6644392365020044,-0.6822885458649459,-0.6193356209920168,Static grid search,,1.0
Static grid candidate 154,Direct daily source P&L,1.0238587326730384,4719,18.726190476190474,0.3402596654742671,0.29286337539453816,0.32498366998097517,1.0237411702325243,-0.5089733911172778,-0.10657296404092326,-0.33599561607601713,-0.01747255711229534,-5.1795637884345755e-05,0.005607091307690911,-0.6345714754400646,-0.6378208022396933,-0.6379588927824482,-0.8132464375506072,Static grid search,,1.0
"Momentum tilt relative: 26/52/104w, k=0.25, reb 13w",Direct daily source P&L,1.0423294182660194,4719,18.726190476190474,0.3459040288963722,0.297065927711981,0.32498071052568744,1.037056470505519,-0.4659330738358042,-0.11552228287870377,-0.49468891068872584,-0.01182819369019028,-3.462312761163414e-05,0.0037159185983022375,-0.6400664939347982,-0.6624246072852207,-0.6565205975631129,-0.6841041849979559,Dynamic momentum allocation,Tilt baseline sleeve weights toward stronger trailing risk-adjusted momentum.,1.0
"Dynamic tail-risk parity proxy: 104w, tail 10%, reb 13w",Direct daily source P&L,1.079669518630274,4719,18.726190476190474,0.3132314195801522,0.2724908323262982,0.32499712183524604,0.9611865321502907,-0.49926469023951203,-0.1432008102054193,-0.4035307208441099,-0.04450080300641024,-0.0001324712623951624,0.014179670836928946,-0.6417716291293681,-0.6237300576222883,-0.6164869463296747,-0.4838717190002425,Dynamic tail-risk allocation,"Allocate toward sleeves with lower trailing expected shortfall, with a covariance adjustment.",1.0
"Nested grid: lcb, 260w, top 10, default vol",Direct daily source P&L,1.026453937478127,4719,18.726190476190474,0.33552330092915894,0.2893232007606087,0.3249863628488713,1.013445754018263,-0.50429791819462,-0.1435736419087616,-0.5743300213625497,-0.022208921657403513,-6.507345641464244e-05,0.006957074973006891,-0.6425429757456423,-0.6292224027053708,-0.6446020239413335,-0.6717905821012491,,,1.0
Static grid candidate 157,Direct daily source P&L,1.066076567764371,4719,18.726190476190474,0.33418482659917625,0.28832048857021936,0.32498366050091,1.0102472673721978,-0.4802677839286831,-0.1574411254636191,-0.5375786111459381,-0.0235473959873862,-6.91984887954808e-05,0.007394463578748749,-0.6428578102516077,-0.6442592428703984,-0.6194954956967552,-0.5573458568955877,Static grid search,,1.0
Static grid candidate 268,Direct daily source P&L,1.0423435123304907,4719,18.726190476190474,0.3412406471682776,0.2935950417181618,0.3249813612554703,1.0263487255843287,-0.4292433688072155,-0.12180906225277793,-0.4853111204215835,-0.016491575418284832,-4.843271927586724e-05,0.0051739211899192875,-0.643048949173211,-0.6384380390757836,-0.68843447099584,-0.7025386679741097,Static grid search,,1.0
Static: remove Rates_US5,Direct daily source P&L,1.0468534643727756,4719,18.726190476190474,0.3393420391236248,0.29217847779581085,0.3249846686891614,1.0221968027218764,-0.453056914474146,-0.13247019240651248,-0.5713727330528163,-0.018390183462937637,-5.3787381697680955e-05,0.005684618158790146,-0.6499861377212677,-0.6685561567188102,-0.6554899386709757,-0.5986141021529058,Leave-one-out,Remove Rates_US5 and redistribute its allocation pro rata.,1.0
Static: rates total 0%,Direct daily source P&L,1.0468534643727756,4719,18.726190476190474,0.3393420391236248,0.29217847779581085,0.3249846686891614,1.0221968027218762,-0.453056914474146,-0.13247019240651242,-0.5713727330528163,-0.018390183462937637,-5.37873816976811e-05,0.005684618158790147,-0.6499861377212692,-0.6685561567188119,-0.6554899386709774,-0.5986141021529043,Static risk budgets,Change the government-rates allocation and rescale all other sleeves pro rata.,1.0
"Equity trend filter: 52w, cut 50%, reb 4w",Direct daily source P&L,1.0561953450659292,4719,18.726190476190474,0.33629022312004153,0.2898972843970926,0.324979605229646,1.014931910936224,-0.4743131335707814,-0.1455261093404432,-0.4660279177036982,-0.021441999466520922,-6.315678578632e-05,0.00667107784880527,-0.6503527776708959,-0.6880123341622618,-0.6583365548413918,-0.6466709826753115,Regime allocation,"When QQQ momentum is negative, reallocate part of direct equity to trend, rates and styles.",1.0
Static grid candidate 243,Direct daily source P&L,1.023172754510327,4719,18.726190476190474,0.3309387807041517,0.2858845433921026,0.32498900365935135,1.0024127786844803,-0.5159379862187506,-0.16328926745464462,-0.3919317891649099,-0.02679344188241073,-7.930249206336983e-05,0.008359038158431956,-0.6517116973256115,-0.6466852986487412,-0.6573313777835428,-0.7515737199323157,Static grid search,,1.0
"Momentum tilt relative: 26w, k=0.50, reb 13w",Direct daily source P&L,1.036784790817149,4719,18.726190476190474,0.33856664924469837,0.29159937672043545,0.3249815094829271,1.0202380055828744,-0.4528757490752041,-0.13266765516641313,-0.5004874466064506,-0.019165573341864084,-5.6313608166632066e-05,0.005907950130474207,-0.6547892226038124,-0.6978021075996135,-0.7095981788652094,-0.7651585990756794,Dynamic momentum allocation,Tilt baseline sleeve weights toward stronger trailing risk-adjusted momentum.,1.0
"Momentum tilt relative: 13/26/52w, k=0.50, reb 4w",Direct daily source P&L,1.0582275089254238,4719,18.726190476190474,0.33323942285738606,0.28761163711431,0.32497749179893054,1.0080497046160244,-0.44366931948849986,-0.13999227923128926,-0.5383278008359499,-0.024492799729176395,-7.203264711197398e-05,0.007553159415991674,-0.655127322864812,-0.6953808491019705,-0.6737938765161426,-0.6701594295002805,Dynamic momentum allocation,Tilt baseline sleeve weights toward stronger trailing risk-adjusted momentum.,1.0
"Static: commodities 20%, baseline mix",Direct daily source P&L,1.0696340443789598,4719,18.726190476190474,0.34325153919986895,0.29509319650357546,0.3249856547736344,1.0309379255376467,-0.5016888229075097,-0.14439712662317875,-0.4707284518556379,-0.014480683386693505,-4.2514108224960874e-05,0.004442251422510126,-0.6574381885850252,-0.6224407818898269,-0.6155125656145686,-0.43528024244782393,Static risk budgets,Change static commodity beta and its mix.,1.0
"Nested grid: worst_year, 260w, top 1, fast vol",Direct daily source P&L,1.0142591120172426,4719,18.726190476190474,0.3311512513768533,0.28604417035482177,0.3249943366992493,1.0034489267768485,-0.39439660069595783,-0.1680985561498402,-0.5982635946643693,-0.026580971209709148,-7.796618996011806e-05,0.008139267939451434,-0.6580303956723564,-0.6458910559063487,-0.6440333741555991,-0.7026824920273788,,,1.0
"Equity trend filter: 26w, cut 75%, reb 1w",Direct daily source P&L,1.0691899904610984,4719,18.726190476190474,0.323267480358546,0.2801040418395324,0.3249782339825233,0.9846547506099887,-0.4666484240306935,-0.11564155171686034,-0.42315827526923755,-0.03446474222801643,-0.00010220471081023421,0.010621936680396156,-0.6609858983402398,-0.7014314015910823,-0.7009474714035374,-0.6096000453629593,Regime allocation,"When QQQ momentum is negative, reallocate part of direct equity to trend, rates and styles.",1.0
"Momentum tilt relative: 13/26/52w, k=1.00, reb 13w",Direct daily source P&L,1.04255973469766,4719,18.726190476190474,0.32704365185099227,0.28295364994919736,0.32497787346856183,0.9936228795894427,-0.4421878990987924,-0.12121614045149286,-0.5080556134975273,-0.030688570735570186,-9.063867145181152e-05,0.009364105310881861,-0.6649243395948322,-0.6991747187246156,-0.6827912676897498,-0.7183779321931365,Dynamic momentum allocation,Tilt baseline sleeve weights toward stronger trailing risk-adjusted momentum.,1.0
Static grid candidate 313,Direct daily source P&L,1.0071640369906558,4719,18.726190476190474,0.3385454631566529,0.29158354915165474,0.32498391374652486,1.0200519590224686,-0.48313002450549725,-0.12728569812038623,-0.442470028154652,-0.01918675942990955,-5.655354916715521e-05,0.00570067488447529,-0.6814885769829147,-0.6637646988669244,-0.6505028957113278,-0.8366701921375173,Static grid search,,1.0
Static grid candidate 483,Direct daily source P&L,1.0644724841667415,4719,18.726190476190474,0.3437186599154207,0.29544088976821364,0.3249846674671186,1.0320478911454636,-0.4745531616315768,-0.12253784321585148,-0.491008886765655,-0.014013562671141733,-4.10826049609116e-05,0.004082902262430403,-0.6912163117930727,-0.6866617864772743,-0.6795999067442895,-0.49731258621027646,Static grid search,,1.0
Static grid candidate 298,Direct daily source P&L,1.0870251622037133,4719,18.726190476190474,0.33475168913154585,0.28874527390141924,0.32498342119083345,1.0114945553818222,-0.4789431114978945,-0.12557709966036146,-0.515163825558815,-0.022980533455016605,-6.758988322751285e-05,0.006681356893577912,-0.6949315257517082,-0.6999262409187806,-0.6864809887868342,-0.506020766868508,Static grid search,,1.0
Static grid candidate 207,Direct daily source P&L,1.039976720897643,4719,18.726190476190474,0.3365204040190024,0.2900695232360076,0.3249858388820905,1.015296584869878,-0.4506711762426049,-0.1494973140196843,-0.39623107093264204,-0.021211818567560048,-6.268647218140873e-05,0.006180599482582088,-0.6967359458303007,-0.7099769601353647,-0.7341215778955892,-0.7984918081394977,Static grid search,,1.0
Static grid candidate 500,Direct daily source P&L,1.0220521832683673,4719,18.726190476190474,0.33861947554662897,0.29163884076923446,0.3249839993277948,1.0200552155311844,-0.48813434875016637,-0.11682040402495789,-0.37191852647145573,-0.019112747039933486,-5.6549349304724465e-05,0.005574385270176824,-0.6968761786504349,-0.7036382366408082,-0.7210190813548264,-0.882111507983066,Static grid search,,1.0
Static grid candidate 292,Direct daily source P&L,1.054498604958282,4719,18.726190476190474,0.33653961864679305,0.2900838997390624,0.3249802427090669,1.0155991572088618,-0.4561073282733308,-0.12195863812903228,-0.5117978725409468,-0.021192603939769405,-6.229624991883048e-05,0.006069845713245387,-0.7050326678354639,-0.7063250486914826,-0.696455795378012,-0.682558509703787,Static grid search,,1.0
Static grid candidate 399,Direct daily source P&L,1.0338953158756357,4719,18.726190476190474,0.33761072522920976,0.29088498157961845,0.32498175533994766,1.0178218675797215,-0.45045254783762734,-0.11443171867017025,-0.4083850921768547,-0.02012149735735269,-5.942965916276187e-05,0.005758245074447017,-0.7089866921092229,-0.7231001053238855,-0.7445093732826014,-0.8280543131618957,Static grid search,,1.0
Static grid candidate 315,Direct daily source P&L,1.0334487711866105,4719,18.726190476190474,0.3342191173601319,0.2883461898970629,0.32498905749595347,1.0101457224964432,-0.43714167934489734,-0.12582706055515427,-0.4676336673056155,-0.023513105226430575,-6.932944944873572e-05,0.006685210995462302,-0.7124060866058343,-0.7173327679751124,-0.765321913182738,-0.7897757338237094,Static grid search,,1.0
Static grid candidate 279,Direct daily source P&L,1.0434495219027056,4719,18.726190476190474,0.3433050901038228,0.295133062332851,0.32498273249339016,1.0310301640266084,-0.4387458782679162,-0.11980600998262075,-0.46226947286393577,-0.014427132482739635,-4.2395149856260806e-05,0.00404670045648589,-0.7196811123659684,-0.7435736766875893,-0.8839886683184967,-0.8599881286878601,Static grid search,,1.0
"Momentum tilt absolute+relative: 52w, k=0.50, reb 13w",Direct daily source P&L,1.0240254447129784,4719,18.726190476190474,0.3208196059267161,0.2782524574920451,0.32497288124733986,0.9790867367518433,-0.46437769819313557,-0.1405888049547672,-0.47333355087285883,-0.03691261665984635,-0.00010938568106379492,0.010436988643605956,-0.719963124312564,-0.7249978664466763,-0.7121714681456223,-0.7559251860197718,Dynamic momentum allocation,Tilt baseline sleeve weights toward stronger trailing risk-adjusted momentum.,1.0
Static grid candidate 067,Direct daily source P&L,1.0760710823083914,4719,18.726190476190474,0.3214599383387846,0.2787371393085417,0.32498492105540266,0.9801952738044282,-0.5098456200546977,-0.1286221405064241,-0.3090647634546575,-0.03627228424777784,-0.00010795602018248522,0.010273554625104198,-0.7218569132225969,-0.7540005874476984,-0.7546522528540923,-0.6654888119606092,Static grid search,,1.0
Static grid candidate 133,Direct daily source P&L,1.0541571164517691,4719,18.726190476190474,0.3376200326458332,0.2908919397955377,0.3249836093705434,1.0180656491574562,-0.4352609428361507,-0.12957528161952014,-0.5006982999675516,-0.020112189940729275,-5.911525831846083e-05,0.0056174372928428406,-0.7229135203313299,-0.7292193380653059,-0.7879653738999424,-0.7074786244200089,Static grid search,,1.0
Static grid candidate 026,Direct daily source P&L,1.0624691658853687,4719,18.726190476190474,0.3408661758704359,0.2933158050396983,0.32498199378564074,1.0255259138927144,-0.465451871734196,-0.1300764118347057,-0.49845032054434707,-0.01686604671612657,-4.949388514798923e-05,0.004655630760287896,-0.7302944596691843,-0.7372369254598883,-0.7446057208501197,-0.5962431880774391,Static grid search,,1.0
Static grid candidate 380,Direct daily source P&L,1.0299058556805434,4719,18.726190476190474,0.3431327066644574,0.2950047262591036,0.32498008770099,1.030388993201362,-0.5286039951233995,-0.10039188016570669,-0.35861708446461554,-0.014599515922105066,-4.3222056674534864e-05,0.004059510967360808,-0.7314029338713102,-0.7465657382469952,-0.7197776435310229,-0.871819110399379,Static grid search,,1.0
Static grid candidate 498,Direct daily source P&L,1.0662835063526435,4719,18.726190476190474,0.3182850865608702,0.27633171508855686,0.32498818219137815,0.9728397114981102,-0.5069322098724047,-0.1546632212479119,-0.3242767681154046,-0.039447136025692275,-0.00011744236045849043,0.010985421129033104,-0.7344006452855126,-0.7565759353452145,-0.7433838234042549,-0.7073836703414883,Static grid search,,1.0
Static grid candidate 053,Direct daily source P&L,1.0883190216875653,4719,18.726190476190474,0.3212389659326673,0.27856990693388534,0.3249834052801581,0.9797841300454881,-0.4865960119053463,-0.12262858174064767,-0.3524084676574375,-0.036493256653895134,-0.00010848626510968971,0.010108929336375916,-0.7372157174236182,-0.7661449629274539,-0.7691935351173781,-0.6354160697504948,Static grid search,,1.0
"Momentum tilt absolute+relative: 13w, k=0.50, reb 4w",Direct daily source P&L,1.0616168204527647,4719,18.726190476190474,0.31774546653712554,0.27592229644153204,0.32497430548946404,0.9721193918724945,-0.4604444911624377,-0.14100602002965498,-0.5651196488662651,-0.03998675604943691,-0.0001183713441026376,0.011024402551292582,-0.7375925215940432,-0.7741053702983435,-0.7610349875296155,-0.7500664053722768,Dynamic momentum allocation,Tilt baseline sleeve weights toward stronger trailing risk-adjusted momentum.,1.0
"Momentum tilt relative: 26w, k=0.25, reb 4w",Direct daily source P&L,1.0554168226908955,4719,18.726190476190474,0.3419988207532425,0.2941601598257383,0.3249789759215922,1.0281332730921513,-0.4640657422970834,-0.1298345420654544,-0.5039729393592347,-0.01573340183331995,-4.61312195137951e-05,0.004269889561930197,-0.7421698062298522,-0.7848503389238257,-0.794857355702403,-0.7361481717050931,Dynamic momentum allocation,Tilt baseline sleeve weights toward stronger trailing risk-adjusted momentum.,1.0
"Sleeve drawdown scaling: cut -20%, floor 25%",Direct daily source P&L,1.05147940619167,4719,18.726190476190474,0.3294526573702943,0.28476732171775176,0.3249764912582455,0.9991060710644218,-0.4859285255667719,-0.1285227977840852,-0.4518811850164219,-0.028279565216268177,-8.356709514479506e-05,0.0077347764298040635,-0.742185609774473,-0.7683559921876332,-0.774760209994417,-0.7248060173306545,Drawdown allocation,"Reduce sleeve weights as their own drawdowns deepen, redistributing to stronger sleeves.",1.0
"Momentum tilt absolute+relative: 52w, k=1.00, reb 13w",Direct daily source P&L,1.0275313572449418,4719,18.726190476190474,0.31342833789698243,0.27264077052566976,0.3249727492597647,0.9618176725776374,-0.4831322741215288,-0.1518017583399147,-0.48061216055244027,-0.04430388468958002,-0.00013165729160592563,0.012164741562090851,-0.7434761110152726,-0.7540384379961712,-0.7425201642844134,-0.7631190329510342,Dynamic momentum allocation,Tilt baseline sleeve weights toward stronger trailing risk-adjusted momentum.,1.0
Static grid candidate 453,Direct daily source P&L,1.0592060415977975,4719,18.726190476190474,0.33356981361732774,0.28785941693831324,0.3249792799072956,1.0086771899541,-0.44305074180904813,-0.12716953685649965,-0.47987456263433875,-0.024162408969234717,-7.122339022755145e-05,0.0065370201037721004,-0.7484586471883442,-0.7349449846120546,-0.7673180663249708,-0.7108711581281072,Static grid search,,1.0
Static: Bitcoin total 15.0%,Direct daily source P&L,0.9849995354225759,4719,18.726190476190474,0.3351841710722938,0.2890692381965744,0.32498285889560413,1.0138740329467553,-0.5468387996053805,-0.2615555583018864,-0.8822845924784248,-0.02254805151426864,-6.452111255845251e-05,0.005912485937280913,-0.7496468412134719,-0.825935118231133,-1.187287797374629,-1.3220986676442539,Static risk budgets,Change Bitcoin risk budget; before Bitcoin history the weight is redistributed.,1.0
Static grid candidate 102,Direct daily source P&L,1.0674059085564507,4719,18.726190476190474,0.3245661146735215,0.28108494518749066,0.32498923856305356,0.9875402339359104,-0.49370096406877995,-0.14946759782607769,-0.3572577344290356,-0.033166107913040976,-9.848335334624793e-05,0.008901136292930798,-0.7600503539221881,-0.7518000135859709,-0.7444570753399591,-0.6818543412462714,Static grid search,,1.0
Static grid candidate 239,Direct daily source P&L,1.0004418278609508,4719,18.726190476190474,0.33816941747430107,0.2913025736263591,0.3249830224251036,1.0192982994438349,-0.5186914755534207,-0.16905592607866762,-0.4630517924811985,-0.019562805112261383,-5.75255307665833e-05,0.005182020401428089,-0.7625819204313178,-0.7516021821353417,-0.7568911833674625,-1.0321460140571672,Static grid search,,1.0
Static: Bitcoin total 2.5%,Direct daily source P&L,1.0490967582056423,4719,18.726190476190474,0.3512223194013515,0.3010096045820683,0.324981910349715,1.0490926690592903,-0.46382982669840056,-0.11530148160432531,-0.448423158239177,-0.006509903185210941,-1.9100252492683157e-05,0.001707066989660421,-0.7686232774636583,-0.8171269192319311,-1.059624032764784,-0.894722229760875,Static risk budgets,Change Bitcoin risk budget; before Bitcoin history the weight is redistributed.,1.0
Static grid candidate 309,Direct daily source P&L,1.0949791741435644,4719,18.726190476190474,0.3217577485562779,0.27896247846258154,0.32498459293155385,0.9810882503680411,-0.5126376513609825,-0.1403834970769506,-0.39519349320161457,-0.03597447403028453,-0.00010680436390004797,0.00944291358684136,-0.7769766565226338,-0.7884188643930472,-0.767907030104537,-0.6248517462536413,Static grid search,,1.0
"Nested grid: sharpe, 260w, top 10, default vol",Direct daily source P&L,1.0246322124975362,4719,18.726190476190474,0.3310291394910032,0.28595243210420906,0.3249864169466576,1.0030922995536202,-0.49828775910512624,-0.14283249515791016,-0.584874491777539,-0.026703083095559244,-7.842612586309078e-05,0.006931642190347472,-0.7772301052859891,-0.7611162781466714,-0.7810942971206314,-0.8334493334890326,,,1.0
Static grid candidate 187,Direct daily source P&L,1.0957425738666746,4719,18.726190476190474,0.32024449477396333,0.27781694276016755,0.3249845337669887,0.9776399563799791,-0.5170425221394288,-0.15453420212827548,-0.4286223186947202,-0.037487727812599125,-0.00011125156844814352,0.00981851054141611,-0.7783689809990741,-0.7754987083400425,-0.7442476356456401,-0.6129143691097051,Static grid search,,1.0
Static grid candidate 255,Direct daily source P&L,1.0408736991472478,4719,18.726190476190474,0.3335541338639876,0.2878476591395391,0.3249798824907688,1.008333565261002,-0.48591529614492257,-0.11141898953473149,-0.3514698748432511,-0.024178088722574875,-7.166655699444331e-05,0.00626605370610463,-0.7856831086541967,-0.8077259252011353,-0.8569850275929664,-0.8861843675975586,Static grid search,,1.0
Static grid candidate 083,Direct daily source P&L,1.096223673126415,4719,18.726190476190474,0.32964598919090227,0.28491273326252303,0.324984392470091,0.9995610173323689,-0.5009209205089244,-0.13769251952476358,-0.46003712459306356,-0.028086233395660187,-8.298035888652939e-05,0.007232575761604353,-0.7881471435033899,-0.7882697509659993,-0.7703462430611557,-0.575527741715393,Static grid search,,1.0
Static grid candidate 253,Direct daily source P&L,1.0430870126255305,4719,18.726190476190474,0.33051368994954977,0.285565100709654,0.32498475322072123,1.0015759112928329,-0.40510988350290245,-0.12656723895892896,-0.46626173114729674,-0.027218532637012682,-8.038178532640761e-05,0.006975214176472123,-0.7916351861721542,-0.7784255221703127,-0.7970610173767769,-0.8011124355750918,Static grid search,,1.0
Dynamic cluster inverse-risk: 104w,Direct daily source P&L,1.1084760066587802,4719,18.726190476190474,0.3040778287020489,0.2654961463108684,0.3249945501057902,0.9394895854972105,-0.5578907438969676,-0.13979994580152075,-0.33748031589880223,-0.05365439388451354,-0.00016045343565806352,0.013816832981628967,-0.7977475912449494,-0.7870768636891224,-0.7689537792209331,-0.6094767934979384,Dynamic covariance allocation,"Equalize risk across economic clusters, then inside each cluster.",1.0
Static grid candidate 429,Direct daily source P&L,1.0214222720720132,4719,18.726190476190474,0.3373255050277255,0.2906717277462447,0.3249831753898758,1.0171925284749963,-0.4445887493128198,-0.11724956719415065,-0.4234207405950172,-0.02040671755883694,-6.024130681766508e-05,0.005164965342030109,-0.8012203318760083,-0.7959782050023034,-0.8206238695704949,-0.9910878981316275,Static grid search,,1.0
"Momentum tilt relative: 26w, k=1.00, reb 13w",Direct daily source P&L,1.032428196208629,4719,18.726190476190474,0.3232767967785357,0.28011108228096443,0.32498185785642025,0.9848279120890636,-0.4482079326420111,-0.13413909378611263,-0.488790459213373,-0.03445542580802674,-0.00010198138747412592,0.008738189609710277,-0.8017231806646691,-0.8431692794157154,-0.8432900120379483,-0.8967444726945081,Dynamic momentum allocation,Tilt baseline sleeve weights toward stronger trailing risk-adjusted momentum.,1.0
"Dynamic robust max-Sharpe: mean 260w, haircut 50%, shrink 50%",Direct daily source P&L,1.0550801511991097,4719,18.726190476190474,0.3202984052827029,0.2778577756576347,0.32499376398850377,0.9782961119179093,-0.5200575755863521,-0.1616204479351349,-0.6492460799754577,-0.03743381730385953,-0.00011040533610755896,0.009448548797467014,-0.802693862900883,-0.8034731147206364,-0.805620907427209,-0.7501516463184875,Dynamic expected-return allocation,Optimize a heavily shrunk trailing Sharpe estimate with a baseline-weight anchor.,1.0
"Dynamic robust max-Sharpe: mean 260w, haircut 25%, shrink 50%",Direct daily source P&L,1.0550801511991097,4719,18.726190476190474,0.3202984052827029,0.2778577756576347,0.32499376398850377,0.9782961119179093,-0.5200575755863521,-0.1616204479351349,-0.6492460799754577,-0.03743381730385953,-0.00011040533610755896,0.009448548797467014,-0.802693862900883,-0.8034731147206364,-0.805620907427209,-0.7501516463184875,Dynamic expected-return allocation,Optimize a heavily shrunk trailing Sharpe estimate with a baseline-weight anchor.,1.0
"Nested grid: sharpe, 260w, top 1, fast vol",Direct daily source P&L,1.0094486742249202,4719,18.726190476190474,0.3248276773195393,0.28128239612714184,0.3249895343960823,0.9889981195513424,-0.44815572252250047,-0.17472139950131627,-0.672877225664633,-0.03290454526702313,-9.660314372317115e-05,0.00826252232675176,-0.8031628319606645,-0.8000753562247686,-0.8166393086796009,-0.8995354662926696,,,1.0
"Equity trend filter: 104w, cut 75%, reb 1w",Direct daily source P&L,1.0504350406445107,4719,18.726190476190474,0.3303651003819905,0.28545341612766284,0.32497598078084505,1.0009358175331942,-0.5501825237001188,-0.11387991200737305,-0.3285583278617362,-0.027367122204571936,-8.120730307197344e-05,0.006936034385917046,-0.8042829066511763,-0.851795994488819,-0.8981141815378226,-0.7819964590242137,Regime allocation,"When QQQ momentum is negative, reallocate part of direct equity to trend, rates and styles.",1.0
Static grid candidate 397,Direct daily source P&L,1.0174362831815615,4719,18.726190476190474,0.329595439526321,0.28487471515401985,0.3249866719377337,0.9992763763324095,-0.5150979589784561,-0.12741453918217674,-0.3896005441570816,-0.028136783060241477,-8.33474554142556e-05,0.007080646979592595,-0.8086198381407403,-0.8031624486576328,-0.8231124076152089,-0.9545125954223922,Static grid search,,1.0
Static grid candidate 016,Direct daily source P&L,1.0305342135268012,4719,18.726190476190474,0.32852173122892037,0.2840668438023647,0.32498900482697995,0.9968767361975562,-0.5179676147149632,-0.16331032823930053,-0.41958255357767343,-0.029210491357642088,-8.644222939769681e-05,0.007335258130225357,-0.8095348438733668,-0.7800548679894928,-0.7938255569541689,-0.844787291883398,Static grid search,,1.0
Static grid candidate 181,Direct daily source P&L,1.0268667829663498,4719,18.726190476190474,0.32713381969631494,0.28302159404587107,0.32498804454326796,0.9939918430362579,-0.47511601180439356,-0.14207523563196217,-0.5699360712179895,-0.03059840289024751,-9.01628257366729e-05,0.007635385385883057,-0.8111880430111124,-0.839353028511236,-0.8678478146990997,-0.8832637853605532,Static grid search,,1.0
"Sleeve drawdown scaling: cut -20%, floor 0%",Direct daily source P&L,1.0536097395080328,4719,18.726190476190474,0.32019255093369914,0.2777775978794742,0.3249776675732324,0.9775079608937813,-0.4911446689519129,-0.12820095513426247,-0.41180707626584717,-0.037539671652863316,-0.00011142180072200993,0.009330532794471642,-0.8203302336487096,-0.8484329601834804,-0.8569221443587056,-0.7801216129336209,Drawdown allocation,"Reduce sleeve weights as their own drawdowns deepen, redistributing to stronger sleeves.",1.0
"Momentum tilt absolute+relative: 13w, k=0.25, reb 4w",Direct daily source P&L,1.0613237648634624,4719,18.726190476190474,0.31850839871381464,0.27650109669142053,0.3249758486741287,0.9739048469643163,-0.44949375292430893,-0.13887185812827704,-0.5660113156576341,-0.03922382387274781,-0.00011606867384532776,0.009653946656535468,-0.8259145485179757,-0.8679568933643751,-0.8590700775179755,-0.8347196323290668,Dynamic momentum allocation,Tilt baseline sleeve weights toward stronger trailing risk-adjusted momentum.,1.0
Static: remove Gold,Direct daily source P&L,1.0394967446199956,4719,18.726190476190474,0.35003891655089325,0.3001334191095821,0.3249803246870895,1.0464284302843994,-0.4567516321243501,-0.11284009235594487,-0.4628042095359845,-0.007693306035669201,-2.253627472220488e-05,0.001855005526586456,-0.8345683469178773,-0.8278534642150025,-0.8170308544954353,-0.9160042393587112,Leave-one-out,Remove Gold and redistribute its allocation pro rata.,1.0
"Sleeve drawdown scaling: cut -10%, floor 25%",Direct daily source P&L,1.0447014460222905,4719,18.726190476190474,0.31936818775007403,0.27715297636700353,0.32497716324977804,0.9757233956431278,-0.4543347750668315,-0.13677638803966327,-0.4809880197003999,-0.038364034836488425,-0.00011372332336670175,0.009309323521620911,-0.8391824794374199,-0.8871817605892622,-0.8940837566686922,-0.8767719116757895,Drawdown allocation,"Reduce sleeve weights as their own drawdowns deepen, redistributing to stronger sleeves.",1.0
"Momentum tilt relative: 52w, k=0.50, reb 4w",Direct daily source P&L,1.050497957910591,4719,18.726190476190474,0.32376356381811777,0.2804788643913655,0.3249785860834066,0.9860869875326607,-0.47109944260620285,-0.1337016587920795,-0.5387266536250368,-0.03396865876844468,-0.00010035757985837586,0.008210481175133741,-0.8396659820152397,-0.8802103038477835,-0.8606430900516778,-0.8607256719455005,Dynamic momentum allocation,Tilt baseline sleeve weights toward stronger trailing risk-adjusted momentum.,1.0
Static grid candidate 479,Direct daily source P&L,1.0243159963296848,4719,18.726190476190474,0.33427923404531956,0.2883912464624272,0.3249835023511246,1.0108457684213752,-0.4762381248730365,-0.19257868017855567,-0.6378731914613105,-0.023452988541242892,-6.842661244237463e-05,0.0055901200948291615,-0.8408700627891592,-0.8799085035366702,-1.0086285468390925,-1.0354155771318851,Static grid search,,1.0
Static: equal economic clusters,Direct daily source P&L,0.9993105476148347,4719,18.726190476190474,0.2983986597049768,0.2611317049510577,0.324989010610704,0.9292191669413589,-0.6279395305108715,-0.2949056199418929,-1.1979447240994006,-0.059333562881585644,-0.0001736990151447768,0.014096297360489212,-0.8464811514530818,-0.8695275953787089,-0.9420528670101793,-0.9521409690010296,Alternative allocation,"Equal allocation to equity, trend, rates, styles, commodities and crypto clusters.",1.0
Static grid candidate 461,Direct daily source P&L,1.0176121606914743,4719,18.726190476190474,0.32812451605789295,0.2837678087506386,0.3249835048304487,0.9964063642372605,-0.4763949751333777,-0.13809573171180542,-0.6194659371791188,-0.02960770652866951,-8.704885990204652e-05,0.007062166673538231,-0.8467400715376506,-0.8663195441303664,-0.8442820757599946,-0.9062123007634854,Static grid search,,1.0
Static grid candidate 165,Direct daily source P&L,1.0325179463617753,4719,18.726190476190474,0.32721051485378294,0.2830793824469386,0.32498220455547505,0.9938773662227703,-0.4540535612889325,-0.12252405188415419,-0.4487849649552277,-0.030521707732779513,-9.031046448422638e-05,0.007307737069196106,-0.848946166313715,-0.8481022365670696,-0.8539159678329733,-0.9111556760877276,Static grid search,,1.0
"Equity trend filter: 52w, cut 50%, reb 1w",Direct daily source P&L,1.0568898516968335,4719,18.726190476190474,0.3289189521191067,0.28436579376247745,0.32497938510066954,0.9979012514485872,-0.49629475011314594,-0.14893078525424847,-0.4673948480058731,-0.028813270467455743,-8.512092996680395e-05,0.006868753868999909,-0.8513014909880428,-0.8962693562282154,-0.8479177844587574,-0.8584771733000911,Regime allocation,"When QQQ momentum is negative, reallocate part of direct equity to trend, rates and styles.",1.0
"Dynamic HRP: 104w, shrink 25%, reb 13w",Direct daily source P&L,1.0991065489776477,4719,18.726190476190474,0.3009946317922374,0.26312907330528146,0.3249987347067684,0.9323673673172185,-0.5247384275164712,-0.16808743751045155,-0.40402455285730143,-0.056737590794325055,-0.00016963883608860905,0.013631177163453571,-0.854903136414926,-0.8275435209676014,-0.8083649231736333,-0.6330340260540493,Dynamic covariance allocation,Hierarchical risk-parity allocation based on the trailing correlation tree.,1.0
Static grid candidate 400,Direct daily source P&L,1.0544092222130745,4719,18.726190476190474,0.32249825875080673,0.27952256811490006,0.32498304586707927,0.9829529810762175,-0.5062530933528804,-0.1513274153347321,-0.450118864135205,-0.03523396383575572,-0.00010439945326450282,0.008357954814736316,-0.8580709398826822,-0.8400880280479072,-0.8287134301196635,-0.7872850371890836,Static grid search,,1.0
Static grid candidate 119,Direct daily source P&L,1.0687013633611537,4719,18.726190476190474,0.31133365923257994,0.27104467982382596,0.32498685769670094,0.9566910013297969,-0.5010282246294653,-0.17139331777393674,-0.37794138023437374,-0.046398563353982514,-0.00013826907000095767,0.011068015313473676,-0.8581837348740732,-0.8735454215011811,-0.8516585094610154,-0.8160216217179771,Static grid search,,1.0
Static grid candidate 367,Direct daily source P&L,1.0555450384294163,4719,18.726190476190474,0.31328070719363965,0.2725283631741406,0.32498946793583566,0.9614444111239673,-0.48636432968868204,-0.1897146068509351,-0.45063979093076445,-0.0444515153929228,-0.00013213868038546044,0.010576718134248597,-0.8582306557179652,-0.8456660069969568,-0.8354415805076713,-0.8199508361615874,Static grid search,,1.0
Static grid candidate 346,Direct daily source P&L,1.0439749786414834,4719,18.726190476190474,0.32761067079259654,0.2833808384877507,0.3249895315043489,0.9947232049453141,-0.4817837587861724,-0.15725205220088426,-0.40630031323986243,-0.030121551793965917,-8.921960105237412e-05,0.007138801202464922,-0.858538899748819,-0.8387042062806689,-0.860596603871279,-0.8859109884356262,Static grid search,,1.0
Static grid candidate 212,Direct daily source P&L,1.0534985198351938,4719,18.726190476190474,0.32602834734516306,0.2821882696235213,0.32498674144938644,0.9914108652038401,-0.46558871719257866,-0.17372247331713603,-0.5519792497523663,-0.03170387524139939,-9.349146778245004e-05,0.007384534961233045,-0.8697087026565621,-0.9146153492113345,-0.95763086603974,-0.9035085049301428,Static grid search,,1.0
"Dynamic Minimum variance: 104w, shrink 50%, reb 13w",Direct daily source P&L,1.093267095916291,4719,18.726190476190474,0.30027522421657404,0.26257595299572,0.3249952325625323,0.930704195664989,-0.5090521319448786,-0.15467159617473064,-0.42387742592775923,-0.05745699836998841,-0.00017178379952898415,0.013501414686447461,-0.8740331735917218,-0.8464583117375081,-0.8316825469093689,-0.6842811463525715,Dynamic covariance allocation,Long-only minimum variance with covariance shrinkage.,1.0
Static grid candidate 060,Direct daily source P&L,1.0259315948145842,4719,18.726190476190474,0.3353217388636134,0.289172265709773,0.3249770132129789,1.0126786933549274,-0.45798091301306365,-0.11264397431109917,-0.4651779254603733,-0.02241048372294907,-6.606272115902364e-05,0.005181728424539321,-0.8758037480281224,-0.8699706633981618,-0.8593397190184884,-0.9674010769011852,Static grid search,,1.0
Static grid candidate 280,Direct daily source P&L,1.0259315948145842,4719,18.726190476190474,0.3353217388636134,0.28917226570977295,0.3249770132129789,1.0126786933549274,-0.4579809130130639,-0.11264397431109917,-0.46517792546037334,-0.02241048372294907,-6.606272115902367e-05,0.005181728424539321,-0.8758037480281229,-0.8699706633981623,-0.8593397190184889,-0.9674010769011847,Static grid search,,1.0
Static grid candidate 316,Direct daily source P&L,1.0218862430588784,4719,18.726190476190474,0.3308467757054889,0.28581541310587155,0.3249860265610408,1.0025063302117176,-0.4605517571352732,-0.1560031335271083,-0.5243533741868516,-0.026885446881073527,-7.918184029213176e-05,0.006209290263813659,-0.876009099972677,-0.8836528034160473,-0.9280015489022221,-0.9819829506188262,Static grid search,,1.0
Static grid candidate 337,Direct daily source P&L,1.040464136947545,4719,18.726190476190474,0.3247296845341885,0.2812084269526628,0.32499038476575576,0.9881596865799492,-0.47181354636712936,-0.1685705717507094,-0.455754227867266,-0.033002538052373964,-9.76844560870712e-05,0.00763250824457757,-0.8791908695139249,-0.8599014122965979,-0.8953418194093791,-0.9044658426456619,Static grid search,,1.0
"Momentum tilt relative: 13/26/52w, k=1.00, reb 4w",Direct daily source P&L,1.062357643028538,4719,18.726190476190474,0.31105855475709454,0.2708348679772019,0.32497309973577543,0.9563956068080008,-0.4430820907282681,-0.1480614515477107,-0.5432320871352618,-0.04667366782946791,-0.00013865003515803608,0.010808049531641736,-0.8812469895288366,-0.9389959722294287,-0.9061052275644641,-0.9194410304138412,Dynamic momentum allocation,Tilt baseline sleeve weights toward stronger trailing risk-adjusted momentum.,1.0
"Momentum tilt absolute+relative: 13/26/52w, k=0.25, reb 13w",Direct daily source P&L,1.037864033736706,4719,18.726190476190474,0.31840486234681986,0.276422568232729,0.3249753278101529,0.9735288422481747,-0.46101908187372875,-0.1315056106257749,-0.5059832757355098,-0.03932736023974259,-0.00011655360056257408,0.008932949577712972,-0.8963049611731148,-0.9158619509228559,-0.8863580361402079,-0.9499048650863353,Dynamic momentum allocation,Tilt baseline sleeve weights toward stronger trailing risk-adjusted momentum.,1.0
"Momentum tilt absolute+relative: 13w, k=1.00, reb 4w",Direct daily source P&L,1.0599146209859451,4719,18.726190476190474,0.30273298804360604,0.2644643562253638,0.3249728621724999,0.9367702802955659,-0.46798211706629633,-0.13960341478591376,-0.5373827795739854,-0.05499923454295641,-0.00016396047609669264,0.01255770417253515,-0.8969204195841003,-0.9433788755637993,-0.9322862562362457,-0.9206013218948051,Dynamic momentum allocation,Tilt baseline sleeve weights toward stronger trailing risk-adjusted momentum.,1.0
Static grid candidate 325,Direct daily source P&L,0.9930881249985167,4719,18.726190476190474,0.32969812206315896,0.2849519405783746,0.32498166259914085,0.9999345474761397,-0.5302919371066483,-0.18624777556228692,-0.5208644819828021,-0.028034100523403493,-8.249862358206373e-05,0.006276304258393394,-0.9029583170649885,-0.9103119636212398,-0.9879593383630859,-1.1866076336383509,Static grid search,,1.0
Static grid candidate 368,Direct daily source P&L,1.0619771706163543,4719,18.726190476190474,0.32738828574009005,0.2832133167247163,0.32497968773730357,0.9943382817358716,-0.43608905214452875,-0.12834320392701298,-0.4655712919279415,-0.030343936846472408,-8.971602979471125e-05,0.0068176192966141,-0.9039872165457026,-0.8924137140903234,-0.9496704508615076,-0.8642862933755697,Static grid search,,1.0
Static grid candidate 145,Direct daily source P&L,1.0577211381936904,4719,18.726190476190474,0.32956384248498716,0.28485095046903114,0.3249837541283877,0.9994140355497143,-0.43144640518311694,-0.13022617016006227,-0.4806218574096065,-0.028168380101575297,-8.316991872527116e-05,0.006316036692570065,-0.9045792502044833,-0.9027709077411329,-0.9571635935927757,-0.8681271727455263,Static grid search,,1.0
Static grid candidate 347,Direct daily source P&L,0.9912116997912958,4719,18.726190476190474,0.32814974171772704,0.28378680201517925,0.3249846515915948,0.9963781858429419,-0.45877170880006646,-0.16969094576190896,-0.5552265202839115,-0.029582480868835415,-8.70852010851959e-05,0.00660872236274413,-0.9052152054175334,-0.8999350108600922,-0.9250977988874814,-1.123658194688653,Static grid search,,1.0
Static grid candidate 129,Direct daily source P&L,1.0606333612262815,4719,18.726190476190474,0.33428777415602773,0.288397646984267,0.32498014667767944,1.0103692929906793,-0.4586118905168777,-0.12396824075110591,-0.4964617982278371,-0.023444448430534726,-6.904111448593132e-05,0.005207369362474985,-0.9107819148891758,-0.9146543699397269,-0.9558328829853636,-0.8932193997226907,Static grid search,,1.0
Static grid candidate 432,Direct daily source P&L,1.0085653671010195,4719,18.726190476190474,0.32615270548177766,0.28228204763808995,0.32498329644350205,0.9913763867707094,-0.4714243053237742,-0.12860508258063869,-0.4308144897175407,-0.03157951710478479,-9.353593401565437e-05,0.007037950864606556,-0.912971552569393,-0.915874365531469,-0.9298982398147426,-1.0821014374500835,Static grid search,,1.0
"Equity trend filter: 52w, cut 75%, reb 4w",Direct daily source P&L,1.0559715926164939,4719,18.726190476190474,0.3171667479469853,0.2754830267032355,0.32497919008038173,0.9705405994679644,-0.48964999535390397,-0.15361034652953462,-0.46291421369825864,-0.04056547463957716,-0.00012040748510054334,0.009041655156545397,-0.9148092240509824,-0.9773103288814472,-0.9413820320982031,-0.9639837527290309,Regime allocation,"When QQQ momentum is negative, reallocate part of direct equity to trend, rates and styles.",1.0
"Momentum tilt relative: 26/52/104w, k=0.50, reb 13w",Direct daily source P&L,1.0388248233741715,4719,18.726190476190474,0.32750274789861855,0.28329954411194125,0.32498002517448976,0.9947384482773202,-0.4587819511203367,-0.13121859594521249,-0.5266792376451563,-0.030229474687943902,-8.919994199324008e-05,0.006647046981938494,-0.9218511720927253,-0.9508828480439806,-0.9365461847729175,-0.9709059604969753,Dynamic momentum allocation,Tilt baseline sleeve weights toward stronger trailing risk-adjusted momentum.,1.0
Static grid candidate 118,Direct daily source P&L,1.0438989172901512,4719,18.726190476190474,0.33994395943579603,0.2926277917717143,0.3249838904396502,1.0234922878093033,-0.4625330248507641,-0.12360342792110438,-0.5373670786434696,-0.017788263150766426,-5.2116617200006984e-05,0.0038753231765025387,-0.9238325961505486,-0.9496031332957335,-0.946257989928112,-0.8919594206514728,Static grid search,,1.0
Static grid candidate 126,Direct daily source P&L,1.0278837856259968,4719,18.726190476190474,0.33221088730412296,0.2868398833882011,0.3249869752436511,1.0055206783552895,-0.43212324770182275,-0.1297878029211183,-0.47565172546469014,-0.025521335282439495,-7.52942881228428e-05,0.005585261635055129,-0.9260693236525147,-0.9333080022216974,-1.0010588276346921,-1.0698251083814232,Static grid search,,1.0
"Momentum tilt absolute+relative: 13/26/52w, k=0.25, reb 4w",Direct daily source P&L,1.0514652955798274,4719,18.726190476190474,0.30906711762012695,0.2693147595782539,0.3249769515933382,0.9516623908977859,-0.45235147284844757,-0.14594934020972403,-0.5149246118496871,-0.0486651049664355,-0.00014475438107398804,0.010669709525984335,-0.9319746705863224,-0.9700841726921667,-0.9357149171713636,-0.9681114489299782,Dynamic momentum allocation,Tilt baseline sleeve weights toward stronger trailing risk-adjusted momentum.,1.0
"Momentum tilt absolute+relative: 52w, k=0.25, reb 4w",Direct daily source P&L,1.0439521653508659,4719,18.726190476190474,0.30865187550753337,0.26899750465733446,0.3249754124699464,0.9506928412816263,-0.5002077854884428,-0.15873866280906204,-0.5146343161686006,-0.049080347079029085,-0.00014600479228530505,0.010730597723829415,-0.9346912678580988,-0.9687258859216766,-0.9362579078505717,-0.9648451278495163,Dynamic momentum allocation,Tilt baseline sleeve weights toward stronger trailing risk-adjusted momentum.,1.0
Static grid candidate 469,Direct daily source P&L,1.0233126817898994,4719,18.726190476190474,0.3298056584375402,0.28503281008134596,0.32498442183712734,1.000333407765953,-0.4628843911338,-0.172311044507955,-0.5944401154049689,-0.02792656414902228,-8.198422043051871e-05,0.00602463106009829,-0.9348131298326148,-0.9918528663455557,-1.0970689658256831,-1.1200446484997488,Static grid search,,1.0
Static grid candidate 303,Direct daily source P&L,1.0315953131889524,4719,18.726190476190474,0.3245996620904965,0.28111027196565636,0.3249860573722307,0.9885768659713349,-0.481505310946549,-0.19322773477597754,-0.6960328422698663,-0.033132560496065944,-9.714642711008543e-05,0.007069570414109219,-0.9439713137414595,-0.9839462357686078,-1.0736834060561986,-1.0443222871904911,Static grid search,,1.0
"Equity trend filter: 26w, cut 100%, reb 4w",Direct daily source P&L,1.0584624048579487,4719,18.726190476190474,0.2991265310054796,0.2616921394154916,0.3249762255675637,0.9278627140529476,-0.4572469675714459,-0.11397886296100988,-0.380347207404689,-0.058605691581082864,-0.00017544840875086267,0.012692928223116358,-0.9495385433784036,-1.0302356243450417,-1.061288101482504,-0.9643344963449626,Regime allocation,"When QQQ momentum is negative, reallocate part of direct equity to trend, rates and styles.",1.0
Static grid candidate 213,Direct daily source P&L,1.0063548666287196,4719,18.726190476190474,0.33312311411917617,0.2875243956108234,0.32497809255389387,1.0080782937763542,-0.44214055972141675,-0.17662630733719298,-0.623279282300491,-0.024609108467386287,-7.19957761710727e-05,0.0051663567990690345,-0.9572990119047879,-0.9540007075962598,-1.0260345277448037,-1.2105569192355343,Static grid search,,1.0
"Nested grid: sharpe, 156w, top 10, fast vol",Direct daily source P&L,1.0322960983385987,4719,18.726190476190474,0.322544365113796,0.27955743058749555,0.3249895564915386,0.983212095778984,-0.570569044237486,-0.13693506549129594,-0.5162230061278474,-0.035187857472766426,-0.00010406527755657032,0.00737265408984166,-0.9696320840996681,-0.9226865877872584,-0.887094195336599,-0.9750449179148839,,,1.0
Static grid candidate 317,Direct daily source P&L,1.023759561734028,4719,18.726190476190474,0.33130720425948135,0.28616131988816024,0.32498445277848753,1.003624391044382,-0.49659036546176427,-0.18880871586135872,-0.5031516435788059,-0.026425018327081107,-7.773989675794124e-05,0.005502246947842737,-0.9705744847081496,-0.9850905242107652,-1.0951226369823592,-1.1522628483058934,Static grid search,,1.0
Static grid candidate 134,Direct daily source P&L,1.0814867187677948,4719,18.726190476190474,0.3320396968283903,0.2867113740978304,0.32498273814717754,1.0051230090646082,-0.4855662728881187,-0.11750036269139626,-0.47290932640828326,-0.025692525758172158,-7.580715526360217e-05,0.005308248306307009,-0.9810337725823423,-0.9881176154602335,-1.0092008743388097,-0.8234447926722092,Static grid search,,1.0
"Nested grid: log, 260w, top 1, fast vol",Direct daily source P&L,1.0148726761428877,4719,18.726190476190474,0.3149480360563113,0.2737971485419504,0.3249885911742015,0.9660367836778988,-0.46594216680034417,-0.18227543640995778,-0.7061606653119719,-0.04278418653025118,-0.00012621597768693756,0.008818917154562594,-0.983159684604054,-0.9677867734314601,-0.9800029448936924,-1.0479786163216553,,,1.0
"Momentum tilt relative: 26w, k=0.50, reb 4w",Direct daily source P&L,1.0583317731991124,4719,18.726190476190474,0.3223195815124664,0.2793874531471375,0.32497831559503015,0.9827081651379587,-0.4623555013791262,-0.13759633758407713,-0.5327029046523395,-0.03541264107409603,-0.00010471518810551165,0.007299000607412761,-0.9855332158793946,-1.0526723881497375,-1.0640953327572407,-1.029872103915264,Dynamic momentum allocation,Tilt baseline sleeve weights toward stronger trailing risk-adjusted momentum.,1.0
Static grid candidate 266,Direct daily source P&L,1.0347068135642628,4719,18.726190476190474,0.31816400440139003,0.2762398626344509,0.32498854995405296,0.9728491943165566,-0.47650090331958717,-0.18239853600428818,-0.4466074558644333,-0.03956821818517242,-0.00011743013063311296,0.008125236262307246,-0.9928154674999335,-0.9948618443093755,-1.0217293624920514,-1.0842795974070982,Static grid search,,1.0
"Equity trend filter: 26w, cut 100%, reb 1w",Direct daily source P&L,1.067689274046509,4719,18.726190476190474,0.29521592609297764,0.25867741954795187,0.32497839858738453,0.9186296203521214,-0.47130704106983046,-0.1137059491961895,-0.40281289923013275,-0.06251629649358481,-0.00018735616848407097,0.012960192753300017,-0.9930738002025178,-1.060470335218264,-1.07072448593401,-0.9702594099945334,Regime allocation,"When QQQ momentum is negative, reallocate part of direct equity to trend, rates and styles.",1.0
"Equity trend filter: 104w, cut 25%, reb 4w",Direct daily source P&L,1.0472762396539093,4719,18.726190476190474,0.346276579150095,0.29734269239484606,0.3249804511998916,1.0378378497128204,-0.4675163589411625,-0.11386906767372822,-0.4640442085881852,-0.011455643436467433,-3.361539649110612e-05,0.0023108343456234542,-0.999296607391636,-1.0544037311626004,-1.2121544444133725,-0.9993779120571016,Regime allocation,"When QQQ momentum is negative, reallocate part of direct equity to trend, rates and styles.",1.0
"Equity trend filter: 104w, cut 100%, reb 1w",Direct daily source P&L,1.0488535784390491,4719,18.726190476190474,0.31591907634576133,0.27453533887392756,0.32497482192298677,0.9671583710670222,-0.6077894097330733,-0.11343242408811197,-0.24909229268736488,-0.041813146240801125,-0.00012476948601445717,0.008575622259998377,-0.9994653256378301,-1.047114507954851,-1.0991881591706856,-0.9623479581595701,Regime allocation,"When QQQ momentum is negative, reallocate part of direct equity to trend, rates and styles.",1.0
"Momentum tilt relative: 26/52/104w, k=0.50, reb 4w",Direct daily source P&L,1.053849127205936,4719,18.726190476190474,0.3197355531321975,0.27743137799162054,0.3249789209678657,0.976746223012954,-0.46025634211708966,-0.1407525613294779,-0.5588083519792736,-0.03799666945436497,-0.000112404200766728,0.0076972054025470586,-1.0031698120258732,-1.0526839793082585,-1.0305736308450713,-1.0227884577065758,Dynamic momentum allocation,Tilt baseline sleeve weights toward stronger trailing risk-adjusted momentum.,1.0
"Momentum tilt absolute+relative: 13/26/52w, k=0.50, reb 13w",Direct daily source P&L,1.038492622727425,4719,18.726190476190474,0.3081012197609534,0.2685766351792752,0.3249750750575689,0.9493921628312546,-0.4489904115279424,-0.1323232030723295,-0.5221365609246376,-0.04963100282560906,-0.0001476822545724904,0.010005646553465902,-1.0139304014023596,-1.0441677771438151,-1.0149094100956093,-1.0687158242137975,Dynamic momentum allocation,Tilt baseline sleeve weights toward stronger trailing risk-adjusted momentum.,1.0
Static grid candidate 324,Direct daily source P&L,1.0527356114026092,4719,18.726190476190474,0.32928957183978835,0.2846446430098126,0.324978501298196,0.9986606237976487,-0.44303797036030723,-0.1182263815208873,-0.4331773063686826,-0.0284426507467741,-8.414158070710147e-05,0.005691846042474845,-1.0155060398583735,-1.017387398216664,-1.1135227748635932,-1.0600912538156357,Static grid search,,1.0
Static grid candidate 413,Direct daily source P&L,1.0502846498598777,4719,18.726190476190474,0.32108411803084125,0.27845270105323905,0.32498860594882945,0.9799391009750757,-0.478807217078164,-0.17521760755333407,-0.566123968402575,-0.036648104555721206,-0.0001082864018076418,0.0073171503797079315,-1.0166159777987627,-1.01550904977809,-1.0572112690964475,-1.006071411675977,Static grid search,,1.0
Static grid candidate 231,Direct daily source P&L,1.0195911721196196,4719,18.726190476190474,0.3197069805005106,0.2774097274867701,0.3249888738117764,0.9766823777326596,-0.5165430018074768,-0.1948638975979168,-0.4949094919640263,-0.03802524208605185,-0.00011248654090996449,0.007586027624107552,-1.0186174944272537,-1.0093791884949392,-1.0922903201589789,-1.1272107645476883,Static grid search,,1.0
"Momentum tilt relative: 52w, k=1.00, reb 4w",Direct daily source P&L,1.0499735589517054,4719,18.726190476190474,0.30035994285212686,0.2626411052605633,0.32497589203127797,0.9311258651971477,-0.4767299689674269,-0.13206433695165176,-0.5284262114192041,-0.057372279734435594,-0.000171239979695843,0.011463462511177878,-1.0261582504796671,-1.080358301253833,-1.0577748675367873,-1.065654160775355,Dynamic momentum allocation,Tilt baseline sleeve weights toward stronger trailing risk-adjusted momentum.,1.0
Static grid candidate 457,Direct daily source P&L,1.0289268755636114,4719,18.726190476190474,0.3286342015419481,0.284151498460157,0.32497872179164494,0.997520147173789,-0.46494065968581477,-0.12826313424723496,-0.5937310326716663,-0.02909802104461434,-8.561243349580954e-05,0.005730332583852063,-1.0263181321422308,-1.015922565578046,-0.9611396241706447,-1.0457977719205787,Static grid search,,1.0
"Vol forecast: fast 13w, slow 26w, floor 1%",Direct daily source P&L,1.0397412749105048,4719,18.726190476190474,0.35417498237425393,0.3031923997991101,0.32498150760227523,1.0558095024392606,-0.46020791774490255,-0.11163922756672835,-0.4441985579035408,-0.003557240212308521,-1.043766976057822e-05,0.0006972597151117771,-1.0283334586099746,-1.1105572648398576,-1.1092026530819734,-1.3376410904258549,Volatility targeting,Change the speed and floor of the no-lookahead volatility estimator.,1.0
"Vol forecast: fast 13w, slow 26w, floor 2%",Direct daily source P&L,1.0397412749105048,4719,18.726190476190474,0.35417498237425393,0.3031923997991101,0.32498150760227523,1.0558095024392606,-0.46020791774490255,-0.11163922756672835,-0.4441985579035408,-0.003557240212308521,-1.043766976057822e-05,0.0006972597151117771,-1.0283334586099746,-1.1105572648398576,-1.1092026530819734,-1.3376410904258549,Volatility targeting,Change the speed and floor of the no-lookahead volatility estimator.,1.0
Dynamic cluster inverse-risk: 260w,Direct daily source P&L,1.1126390546161324,4719,18.726190476190474,0.2890415261939696,0.2538989392596757,0.32499380707545256,0.9038145079231675,-0.5705997635071514,-0.15015244946108916,-0.3527751488013278,-0.06869069639259284,-0.00020646296030712652,0.013774795433184528,-1.029631879563721,-1.0108915118567219,-0.9868254327606079,-0.8281808447198931,Dynamic covariance allocation,"Equalize risk across economic clusters, then inside each cluster.",1.0
"Momentum tilt relative: 26/52/104w, k=1.00, reb 13w",Direct daily source P&L,1.0409514509323177,4719,18.726190476190474,0.3090483400579045,0.2693004152435393,0.3249776379308809,0.9516619431700236,-0.4616382447858214,-0.13998742613522275,-0.5419280082214496,-0.04868388252865796,-0.00014475495850066553,0.009601309231913357,-1.035685701486594,-1.073348752037391,-1.0510174444037976,-1.0689802830023014,Dynamic momentum allocation,Tilt baseline sleeve weights toward stronger trailing risk-adjusted momentum.,1.0
Static grid candidate 289,Direct daily source P&L,1.0392157414406817,4719,18.726190476190474,0.3293393572885013,0.2846820949822738,0.32498320884707244,0.9985891976161396,-0.49360729941210435,-0.11090995578890882,-0.3530311099837685,-0.028392865298061176,-8.423369780626982e-05,0.005577731867630505,-1.0374166692660525,-1.0577787917510661,-1.0791213639310424,-1.1752564880010046,Static grid search,,1.0
"Nested grid: log, 156w, top 10, fast vol",Direct daily source P&L,1.036128917644781,4719,18.726190476190474,0.32016818982040784,0.27775914501209475,0.32498979785958654,0.9776788538606955,-0.567721270288571,-0.13845638389454262,-0.5190343142390893,-0.03756403276615461,-0.00011120140304642579,0.007352851782734686,-1.0389136296506642,-0.9866001603455145,-0.9544895460574161,-1.001697398854284,,,1.0
Static grid candidate 039,Direct daily source P&L,1.026714233484452,4719,18.726190476190474,0.3224287469058187,0.2794700057229282,0.3249878994929193,0.9828416675391183,-0.4561207037352707,-0.12309532185208372,-0.4844423469874084,-0.03530347568074377,-0.0001045430123897305,0.006870372509700547,-1.0452970234415255,-1.038846139316435,-1.0805704976463548,-1.1372908419848005,Static grid search,,1.0
Static grid candidate 031,Direct daily source P&L,1.00254563035094,4719,18.726190476190474,0.32307049189445336,0.2799551655686089,0.32498222280528527,0.9848010043195107,-0.4352726708525294,-0.15618858695068527,-0.6579308222892523,-0.034661730692109094,-0.00010201608995470015,0.0066985060812050695,-1.0462023872681356,-1.052853046566735,-1.05000372154337,-1.188253815826153,Static grid search,,1.0
"Nested grid: lcb, 156w, top 10, fast vol",Direct daily source P&L,1.0356899038803202,4719,18.726190476190474,0.319356809463081,0.2771443522875675,0.3249900746042198,0.9757621404213186,-0.5817572188041789,-0.13836553053500739,-0.5091642213005568,-0.03837541312348147,-0.00011367335490276539,0.00735873920031428,-1.0611584946366228,-1.0085438250203123,-0.971554369808779,-1.0226543316637715,,,1.0
Static grid candidate 287,Direct daily source P&L,1.0177958850066668,4719,18.726190476190474,0.3264246140302174,0.28248706224587705,0.3249825556422298,0.9918566173789586,-0.5144351127194613,-0.11078664658217761,-0.36923340550453043,-0.03130760855634507,-9.291658898517377e-05,0.0060062562115024195,-1.062709083623649,-1.049961101897891,-1.0353034028969776,-1.2403410859133177,Static grid search,,1.0
Static grid candidate 182,Direct daily source P&L,1.0192394139718486,4719,18.726190476190474,0.32484007680429894,0.281291755402274,0.3249844350211759,0.9884438970157181,-0.4148485760283328,-0.12145795753961265,-0.4824880433180052,-0.032892145782263515,-9.731791485046412e-05,0.006254063240931447,-1.0689453816505268,-1.0583067301642703,-1.0723844735927786,-1.2064882537969541,Static grid search,,1.0
Static grid candidate 188,Direct daily source P&L,1.0020041179185837,4719,18.726190476190474,0.32586416836640986,0.2820644493872253,0.3249840680094026,0.9909350697626816,-0.4792170336339022,-0.15836526990566896,-0.5087201315957406,-0.0318680542201526,-9.410509285537292e-05,0.006044878836321485,-1.0694254519853685,-1.0449892394845157,-1.0336072500939548,-1.2481284984757683,Static grid search,,1.0
Static grid candidate 343,Direct daily source P&L,1.0122501438852185,4719,18.726190476190474,0.3191946230063445,0.2770214163046304,0.32498621178606973,0.9754086592549538,-0.4507744926183792,-0.13754560625288584,-0.5283249517715922,-0.03853759958021796,-0.00011412923339113246,0.007319530298089214,-1.0711213500949246,-1.0860014389007444,-1.118014056115125,-1.2136010203944574,Static grid search,,1.0
Static grid candidate 491,Direct daily source P&L,0.9846036917010735,4719,18.726190476190474,0.3184112733840405,0.27642743094358213,0.324981718169289,0.9734279353768837,-0.5561419546647711,-0.16358591404566478,-0.44250921772252994,-0.03932094920252194,-0.00011668373839261218,0.007442154426311708,-1.0770519369288394,-1.0496349931189088,-1.033276617741903,-1.2803720563435286,Static grid search,,1.0
"Momentum tilt absolute+relative: 13/26/52w, k=0.50, reb 4w",Direct daily source P&L,1.0528166695870436,4719,18.726190476190474,0.29567053775782126,0.2590283509190114,0.3249762250036971,0.9200308142971024,-0.4532416543619824,-0.14857375838738016,-0.5374427742624086,-0.06206168482874119,-0.0001855490731185203,0.011792086318271926,-1.080918944154754,-1.1312525709815902,-1.0897236201983014,-1.1329333449608534,Dynamic momentum allocation,Tilt baseline sleeve weights toward stronger trailing risk-adjusted momentum.,1.0
"Static: commodities 16%, equal mix",Direct daily source P&L,1.0653753250706202,4719,18.726190476190474,0.3428207912812524,0.2947724695317651,0.3249837743750709,1.0299207659435898,-0.49732659416418934,-0.11574090799969954,-0.463017105210947,-0.01491143130531003,-4.382592119348676e-05,0.002784050777895875,-1.0813813869154931,-1.03835429459018,-1.0388493997005215,-0.7667636374596277,Static risk budgets,Change static commodity beta and its mix.,1.0
Static grid candidate 192,Direct daily source P&L,1.0138368711881471,4719,18.726190476190474,0.31662985475972905,0.2750753314437446,0.3249884710335114,0.969941834519317,-0.4685418725370175,-0.194865985954445,-0.6758234489395774,-0.04110236782683341,-0.00012117970180018806,0.00761153182836527,-1.0936611886786818,-1.1247298730287005,-1.2601858351366328,-1.2537026853778612,Static grid search,,1.0
Static grid candidate 191,Direct daily source P&L,0.9929304089131238,4719,18.726190476190474,0.3147333257895346,0.27363385098782944,0.3249855953716164,0.9651513023010769,-0.4794169756671286,-0.1557906861821223,-0.5828769442336462,-0.04299889679702784,-0.00012735796755783887,0.007982674448570102,-1.0959801547254444,-1.0894998839858594,-1.0989921373705467,-1.2375638255407342,Static grid search,,1.0
Static grid candidate 079,Direct daily source P&L,1.0285523829540535,4719,18.726190476190474,0.3338557756949494,0.2880738274769713,0.3249804059659142,1.0094999807350429,-0.48219044440269454,-0.1793119302412443,-0.5100808415246044,-0.023876446891613057,-7.016225132355729e-05,0.004387249105911403,-1.098591439308046,-1.1560357922103697,-1.3282796266114834,-1.362787935516793,Static grid search,,1.0
"Dynamic Maximum diversification: 104w, shrink 50%, reb 13w",Direct daily source P&L,1.0998881075714173,4719,18.726190476190474,0.2888535790580291,0.2537531248424087,0.3249951179124301,0.9035603768874455,-0.5252910328231073,-0.16383757677177296,-0.43304105798247416,-0.06887864352853335,-0.00020679070866668864,0.012913133437683954,-1.1000802591696337,-1.0630739227048631,-1.039915708822807,-0.8908021032146026,Dynamic covariance allocation,Long-only maximum diversification with covariance shrinkage.,1.0
Static grid candidate 042,Direct daily source P&L,1.081346347550804,4719,18.726190476190474,0.30324540641588493,0.2648576199454104,0.3249855464763867,0.9375265595165383,-0.5365183505102349,-0.13684752082787108,-0.3408731026556273,-0.05448681617067752,-0.00016298511599028,0.010175139028404924,-1.1003543954684885,-1.1302165988956905,-1.1132341807160002,-1.0261033091857101,Static grid search,,1.0
"Nested grid: sharpe, 260w, top 1, default vol",Direct daily source P&L,1.0097100974328796,4719,18.726190476190474,0.3134553794501296,0.2726613588394725,0.3249866138673451,0.9625461346789529,-0.44847065905897654,-0.18453110060052974,-0.703750868960708,-0.044276843136432875,-0.00013071780675303856,0.008147076224119164,-1.102193794409497,-1.1085884761625617,-1.177720716078479,-1.2300522869728243,,,1.0
"Nested grid: worst_year, 260w, top 1, default vol",Direct daily source P&L,1.022196961726462,4719,18.726190476190474,0.3144301401028966,0.27340321817103036,0.32499029857565986,0.9646279183935073,-0.45147195200606416,-0.1747796628151016,-0.6382306828038837,-0.04330208248366585,-0.0001280329666449824,0.007931797034471047,-1.1088561377040704,-1.10893783768304,-1.1271728323617134,-1.1711295352652333,,,1.0
"Momentum tilt absolute+relative: 13/26/52w, k=1.00, reb 13w",Direct daily source P&L,1.036478197047833,4719,18.726190476190474,0.29558660358179534,0.2589635683278004,0.3249737644713799,0.9197549536860169,-0.453432749031467,-0.12411497249748946,-0.5126537166442234,-0.062145619004767116,-0.00018590484573202331,0.011506256784928998,-1.10989434036504,-1.1548727585739464,-1.1264574109773005,-1.1771262645142473,Dynamic momentum allocation,Tilt baseline sleeve weights toward stronger trailing risk-adjusted momentum.,1.0
Static grid candidate 070,Direct daily source P&L,1.0489239026741428,4719,18.726190476190474,0.32104319711138674,0.2784217253169654,0.3249852028529416,0.9796092125979418,-0.49698034232731325,-0.1762326280653267,-0.4656314676015806,-0.03668902547517572,-0.00010871185308767626,0.006700396493348538,-1.1145546926507002,-1.0901905020145783,-1.089182594111865,-1.0842039331496423,Static grid search,,1.0
Static grid candidate 148,Direct daily source P&L,1.0404063671457535,4719,18.726190476190474,0.32953303321865146,0.28482777773950857,0.32498065093332523,0.9991641978579459,-0.4300638180718923,-0.11448720702724999,-0.4097552860291272,-0.028199189367910993,-8.349213003409935e-05,0.00513353702364441,-1.117258920696926,-1.1146211390669307,-1.2080891586781528,-1.23707509306324,Static grid search,,1.0
"Equity trend filter: 52w, cut 100%, reb 4w",Direct daily source P&L,1.0510678352514522,4719,18.726190476190474,0.2986475789658285,0.26132339908257307,0.32497888851321166,0.9269098916527226,-0.502837043251762,-0.155779419599226,-0.44750306444192395,-0.059084643620733956,-0.00017667724716385156,0.01085739026051906,-1.117841333201602,-1.1999963075590083,-1.164305795789544,-1.210410524636561,Regime allocation,"When QQQ momentum is negative, reallocate part of direct equity to trend, rates and styles.",1.0
Static: Bitcoin total 0.0%,Direct daily source P&L,1.049717643737539,4719,18.726190476190474,0.3387654514752181,0.2917478844313994,0.3249827898314421,1.0205775228572456,-0.45829871963907054,-0.11672405083279272,-0.451994612544565,-0.01896677111134437,-5.587573866595463e-05,0.00341831709360241,-1.122886652204055,-1.177850934601159,-1.454651112040338,-1.3949069598214954,Static risk budgets,Change Bitcoin risk budget; before Bitcoin history the weight is redistributed.,1.0
Static: remove Bitcoin,Direct daily source P&L,1.049717643737539,4719,18.726190476190474,0.3387654514752181,0.2917478844313994,0.3249827898314421,1.0205775228572456,-0.45829871963907054,-0.11672405083279272,-0.451994612544565,-0.01896677111134437,-5.587573866595463e-05,0.00341831709360241,-1.122886652204055,-1.177850934601159,-1.454651112040338,-1.3949069598214954,Leave-one-out,Remove Bitcoin and redistribute its allocation pro rata.,1.0
Static grid candidate 379,Direct daily source P&L,1.0002711601025063,4719,18.726190476190474,0.30868405662744425,0.2690220954020823,0.3249852700086437,0.9509101335878818,-0.556215029601344,-0.18439745786468523,-0.5203182271786311,-0.049048165959118206,-0.00014572455419192007,0.008905780131483212,-1.1240503239371162,-1.1291651261739426,-1.1891038047788074,-1.304310076085244,Static grid search,,1.0
Static grid candidate 166,Direct daily source P&L,0.9991997031205262,4719,18.726190476190474,0.32407321324584637,0.2807127529994719,0.3249804500149005,0.9872258513954985,-0.45104122423806425,-0.1876769890071999,-0.6585453209716021,-0.033659009340716084,-9.888880701939835e-05,0.005972325287541435,-1.1374404597607077,-1.154735769161579,-1.2726457419755295,-1.4063397549822951,Static grid search,,1.0
"Nested grid: lcb, 260w, top 1, fast vol",Direct daily source P&L,1.0085987565202486,4719,18.726190476190474,0.309281965177864,0.2694788687565376,0.32498775312510614,0.9527017245656643,-0.4681883657973078,-0.18121943690208303,-0.6922931304336774,-0.04845025740869846,-0.00014341397058962097,0.008640864621809519,-1.1401427962606985,-1.1202717068631791,-1.1466302488419073,-1.2242572590908,,,1.0
Static grid candidate 197,Direct daily source P&L,1.0302731788898738,4719,18.726190476190474,0.32028911106074,0.2778507361469914,0.3249862533673743,0.9778562478539542,-0.4304103235612702,-0.12049953327241039,-0.4861585665648163,-0.03744311152582247,-0.00011097262111067562,0.006648984655149773,-1.1465302086297875,-1.134427000526073,-1.1584544705828248,-1.2177077327934964,Static grid search,,1.0
Static grid candidate 351,Direct daily source P&L,1.0205567919738987,4719,18.726190476190474,0.33358322128012863,0.2878694708517007,0.32497759806809,1.0088106687121678,-0.4843647293868325,-0.15955589201146614,-0.5046232366077825,-0.024149001306433826,-7.105124500385277e-05,0.0042533664839708996,-1.1475295461969686,-1.1505135240792392,-1.2518416407336346,-1.3730256914490522,Static grid search,,1.0
"Momentum tilt relative: 26w, k=1.00, reb 4w",Direct daily source P&L,1.0544361124546047,4719,18.726190476190474,0.2986394793367986,0.2613171620907833,0.32497384139327956,0.9270624228485895,-0.465272989699251,-0.14387719683221042,-0.533635103861866,-0.05909274324976388,-0.0001764805303437851,0.010557375544535928,-1.1483276402495723,-1.22945514885267,-1.2205548557599248,-1.2129657448991364,Dynamic momentum allocation,Tilt baseline sleeve weights toward stronger trailing risk-adjusted momentum.,1.0
Static grid candidate 427,Direct daily source P&L,1.0549840677469506,4719,18.726190476190474,0.3212825030972801,0.2786028581625708,0.32497906656536585,0.9800141212061452,-0.44333682146483877,-0.11977109142502186,-0.41519884026866366,-0.03644971948928233,-0.00010818964952550855,0.006461783000763007,-1.1501601943610449,-1.1550023259648823,-1.2525985725553819,-1.1776287874154285,Static grid search,,1.0
Static grid candidate 412,Direct daily source P&L,1.0140672109559334,4719,18.726190476190474,0.31556690847677604,0.27426768183670974,0.3249877752880396,0.9668753957748677,-0.4626601331979484,-0.13580287086255624,-0.5045669317145437,-0.04216531410978641,-0.00012513443430791052,0.0074713648705591355,-1.1505404110957949,-1.1504195381234021,-1.20061437634127,-1.289017396242208,Static grid search,,1.0
"Momentum tilt absolute+relative: 13/26/52w, k=1.00, reb 4w",Direct daily source P&L,1.0534872630123653,4719,18.726190476190474,0.2838866642179405,0.2498919336289062,0.32497282019461465,0.891887260286271,-0.47035812131263255,-0.14647830337150677,-0.5361882139006504,-0.07384555836862194,-0.00022184532333090228,0.013198034367145011,-1.1546916137488028,-1.2181119246916656,-1.1778985401330833,-1.2198701548871334,Dynamic momentum allocation,Tilt baseline sleeve weights toward stronger trailing risk-adjusted momentum.,1.0
"Dynamic tail-risk parity proxy: 260w, tail 10%, reb 13w",Direct daily source P&L,1.0897364756132126,4719,18.726190476190474,0.2837928783871526,0.2498188825886393,0.3249952298933332,0.8913890746221432,-0.5261348400090262,-0.15805255209756927,-0.40941814752986,-0.07393934419940984,-0.00022248782468344797,0.013189759110985013,-1.1587623465578374,-1.1139628956707783,-1.0780689508695012,-0.9649470980218148,Dynamic tail-risk allocation,"Allocate toward sleeves with lower trailing expected shortfall, with a covariance adjustment.",1.0
"Static: commodities 12%, equal mix",Direct daily source P&L,1.0553946499455378,4719,18.726190476190474,0.3494709351696941,0.29971261576321245,0.324982484512317,1.0451235481854115,-0.4828752859127685,-0.11494839870059687,-0.4582560837588677,-0.00826128741686838,-2.4219158381614003e-05,0.0014349530749543096,-1.1594348141522193,-1.1447505915060414,-1.155536090429008,-0.8488677166413251,Static risk budgets,Change static commodity beta and its mix.,1.0
"Static: commodities 20%, equal mix",Direct daily source P&L,1.0755837755607205,4719,18.726190476190474,0.3335355852191204,0.28783374986252075,0.32498526283137197,1.0085687640264331,-0.5113366325859479,-0.12676686269712306,-0.46976285652027566,-0.024196637367442042,-7.136322525331218e-05,0.004226317513010929,-1.1599448390794385,-1.108743649594398,-1.105933742800064,-0.8448983949375253,Static risk budgets,Change static commodity beta and its mix.,1.0
"Equity trend filter: 52w, cut 75%, reb 1w",Direct daily source P&L,1.0567717928946143,4719,18.726190476190474,0.30456343036145883,0.2658684486834778,0.3249787698129418,0.9409425273662371,-0.5214693991795252,-0.15852375664944307,-0.4663647900679933,-0.05316879222510362,-0.0001585796018984064,0.00937243204684189,-1.1623047472013068,-1.2347243297897426,-1.1732485816521872,-1.2283036304471142,Regime allocation,"When QQQ momentum is negative, reallocate part of direct equity to trend, rates and styles.",1.0
Static grid candidate 103,Direct daily source P&L,1.006148111651632,4719,18.726190476190474,0.3326034319810671,0.2871344965452552,0.32497973948093956,1.0065186407892346,-0.5092392274778529,-0.15949553778349873,-0.49504861462871896,-0.025128790605495332,-7.400723339652437e-05,0.004359723002718739,-1.1661119904959378,-1.1394595975270765,-1.145587271975342,-1.4354695125240304,Static grid search,,1.0
Static grid candidate 003,Direct daily source P&L,1.0018007541602798,4719,18.726190476190474,0.31486870968142733,0.2737368200988856,0.32498525686271734,0.965353861566431,-0.48401813136902616,-0.14653281893844552,-0.5425413051934546,-0.042863512905135126,-0.00012709673041006082,0.007428008756303706,-1.1754034470870163,-1.1519403690934973,-1.1384837548812219,-1.2890414570574864,Static grid search,,1.0
Static grid candidate 069,Direct daily source P&L,1.0120306207832217,4719,18.726190476190474,0.319706615832142,0.27740945116147625,0.324983827979174,0.9764327756878641,-0.4541182560236362,-0.1256063094869342,-0.45946852207874445,-0.03802560675442046,-0.00011280844830900597,0.006525995645155951,-1.1874623113740526,-1.1748481730271814,-1.1751366701211452,-1.3525769749325927,Static grid search,,1.0
Static grid candidate 331,Direct daily source P&L,1.0334484586990187,4719,18.726190476190474,0.3276441768770204,0.28340607605351964,0.3249812593909007,0.9951107815052173,-0.4838091683417082,-0.13483792086647894,-0.5389884553503377,-0.030088045709542044,-8.871975033027697e-05,0.0051104001238045284,-1.1925878889897183,-1.1856623041001626,-1.179543045886719,-1.2092703494189423,Static grid search,,1.0
Static grid candidate 013,Direct daily source P&L,1.0048279564983236,4719,18.726190476190474,0.3163499125867193,0.2748626885837148,0.3249840456674021,0.9685436645126738,-0.5059182602422394,-0.125226119658369,-0.43909951468551883,-0.04138230999984316,-0.00012298289724526322,0.007065885894716263,-1.1956473037288131,-1.15202523658751,-1.1172731781577756,-1.301371075691793,Static grid search,,1.0
Static grid candidate 329,Direct daily source P&L,1.0265650392178904,4719,18.726190476190474,0.3266848936058804,0.2826832694327635,0.32498429661981604,0.9925512347481134,-0.46995622951284133,-0.1160676556326962,-0.4078724584239187,-0.031047328980682076,-9.202075309241471e-05,0.005281297585927456,-1.196933803626135,-1.1786787939363452,-1.191404811280473,-1.36278360046007,Static grid search,,1.0
Static grid candidate 092,Direct daily source P&L,1.0552425575482025,4719,18.726190476190474,0.32336190790698627,0.2801753986746822,0.32498207323631173,0.9851326532546728,-0.44655183920734665,-0.1333685800500995,-0.5305962776580838,-0.034370314679576186,-0.00010158836811371723,0.00580057410850536,-1.2030896563506104,-1.2233997981984852,-1.328993187406489,-1.2276538622570226,Static grid search,,1.0
Static grid candidate 493,Direct daily source P&L,1.022172271427721,4719,18.726190476190474,0.32005923879275544,0.27767661346459743,0.32498182104865714,0.9773077502002062,-0.5197264467637335,-0.14725342259810392,-0.4688716886052132,-0.03767298379380701,-0.00011168000895777127,0.006357900768203832,-1.2066649097126028,-1.2040129436086002,-1.2190314033216951,-1.3003362737864792,Static grid search,,1.0
"Momentum tilt absolute+relative: 26w, k=0.50, reb 13w",Direct daily source P&L,1.0271861557837647,4719,18.726190476190474,0.301353793831423,0.26340510247795446,0.3249815034931723,0.9334534538830899,-0.4518123113178577,-0.14436605114530413,-0.5144520901771547,-0.05637842875513943,-0.00016823812920802093,0.009569046977567098,-1.2077602512387877,-1.2625256105661722,-1.259779715921963,-1.3215256520211294,Dynamic momentum allocation,Tilt baseline sleeve weights toward stronger trailing risk-adjusted momentum.,1.0
"Momentum tilt absolute+relative: 26w, k=1.00, reb 13w",Direct daily source P&L,1.0250876494509535,4719,18.726190476190474,0.29358052285724745,0.2574139726253929,0.3249807969534955,0.9149541583426722,-0.454359589173544,-0.13670386563226697,-0.49675295590529844,-0.064151699729315,-0.00019209634766292422,0.010923845566670691,-1.2080044790694044,-1.2557013642236827,-1.2500434387876622,-1.3029973976983789,Dynamic momentum allocation,Tilt baseline sleeve weights toward stronger trailing risk-adjusted momentum.,1.0
Static grid candidate 219,Direct daily source P&L,0.9964896700055917,4719,18.726190476190474,0.31545985714816127,0.274186305751851,0.3249859950586019,0.9667175571351686,-0.48194988018064167,-0.1678213834939751,-0.5168756999294476,-0.04227236543840118,-0.00012533799604561778,0.007126528622804994,-1.2081746014682702,-1.189279973447852,-1.2261499156810463,-1.3952150238683088,Static grid search,,1.0
Static grid candidate 339,Direct daily source P&L,1.0339517182873257,4719,18.726190476190474,0.33247503042550997,0.2870381379896117,0.324978525240911,1.006320815534179,-0.4516538260372931,-0.12325890642770362,-0.5569207317946373,-0.02525719216105249,-7.426236517387801e-05,0.004198227076323838,-1.2151442615643975,-1.1971937325609394,-1.1558219211002867,-1.2338014410368372,Static grid search,,1.0
Static grid candidate 431,Direct daily source P&L,1.0462971172785869,4719,18.726190476190474,0.3125431854190659,0.27196661811877554,0.3249871079789963,0.960064157444121,-0.49426285760761624,-0.1446140117227875,-0.6179080263896284,-0.04518903716749656,-0.0001339187694566909,0.0075191445859564675,-1.223483178716519,-1.262422347030981,-1.2775894366058091,-1.2361676947125426,Static grid search,,1.0
Static grid candidate 132,Direct daily source P&L,1.0512483183765313,4719,18.726190476190474,0.3127386476086951,0.27211552570464365,0.3249846777841433,0.9605118015401136,-0.48433831715301656,-0.15962397004880474,-0.6082035216954741,-0.04499357497786738,-0.00013334145068209747,0.007475957085231549,-1.2252462011640757,-1.2417184294575005,-1.2286726504815157,-1.2141266591037103,Static grid search,,1.0
Static grid candidate 216,Direct daily source P&L,1.029634484273616,4719,18.726190476190474,0.31614188871841553,0.2747046452662517,0.32498773906022066,0.9681889006971318,-0.4627047854693681,-0.12324252010287935,-0.494945567291615,-0.04159033386814692,-0.0001234404299438794,0.006874006211295067,-1.2335946981248107,-1.2235028799101364,-1.265920097188361,-1.3106222561845946,Static grid search,,1.0
"Momentum tilt relative: 26/52/104w, k=1.00, reb 4w",Direct daily source P&L,1.058417061352092,4719,18.726190476190474,0.29284984289617033,0.25684896226192766,0.32497473951030265,0.9134588665715357,-0.46340143106809184,-0.15490493621314455,-0.5995550440012675,-0.06488237969039212,-0.00019402479935188983,0.010789068205462944,-1.2353735341820766,-1.305144969856328,-1.272959816683455,-1.2639722909594024,Dynamic momentum allocation,Tilt baseline sleeve weights toward stronger trailing risk-adjusted momentum.,1.0
Static grid candidate 327,Direct daily source P&L,1.0478454813539897,4719,18.726190476190474,0.3314276004783212,0.2862517503874406,0.3249840429147819,1.0036494818047799,-0.44956623776277427,-0.11745754772631221,-0.4516073189314642,-0.02630462210824125,-7.770753764234959e-05,0.004313776763832993,-1.2374580048187722,-1.2512226473189851,-1.4256291814564628,-1.3703747222337954,Static grid search,,1.0
"Equity trend filter: 104w, cut 50%, reb 4w",Direct daily source P&L,1.0479887775326033,4719,18.726190476190474,0.3298962133534995,0.2851009041162107,0.3249797226910886,1.0001211156426622,-0.467704820448573,-0.11392618700336798,-0.4579416983294476,-0.027836009233062953,-8.225800987523892e-05,0.004534491796050638,-1.2461621790066255,-1.3151063900702562,-1.5101821835601728,-1.2779508218947337,Regime allocation,"When QQQ momentum is negative, reallocate part of direct equity to trend, rates and styles.",1.0
"Momentum tilt absolute+relative: 52w, k=0.50, reb 4w",Direct daily source P&L,1.0427416755869274,4719,18.726190476190474,0.28568320140608683,0.25129025130449084,0.32497641532567256,0.896202289792008,-0.49491763214926177,-0.1512289148004215,-0.5349854138795835,-0.07204902118047563,-0.00021628030511913803,0.011855734063727265,-1.2531801673620873,-1.3108423696241884,-1.2835948754911852,-1.3148153911804674,Dynamic momentum allocation,Tilt baseline sleeve weights toward stronger trailing risk-adjusted momentum.,1.0
"Momentum tilt absolute+relative: 26/52/104w, k=0.25, reb 13w",Direct daily source P&L,1.0360104685498186,4719,18.726190476190474,0.30924197002024423,0.2694483208916998,0.32497437580655875,0.9521157561489184,-0.49354682805458294,-0.1310136236693932,-0.5393943187087273,-0.048490252566318226,-0.00014416968382550372,0.007873123946132432,-1.2579165937029464,-1.2556280155506756,-1.2395719525208613,-1.2728305707070355,Dynamic momentum allocation,Tilt baseline sleeve weights toward stronger trailing risk-adjusted momentum.,1.0
Static grid candidate 094,Direct daily source P&L,1.0030434721003842,4719,18.726190476190474,0.3113601345893311,0.2710648692617347,0.3249851841665598,0.9571335650960634,-0.48855213066919434,-0.14561358005462788,-0.5466884725841333,-0.04637208799723136,-0.0001376983032389082,0.007517971444405895,-1.2582093426607475,-1.2347529042643293,-1.2179399720135355,-1.3635578069752654,Static grid search,,1.0
"Nested grid: log, 260w, top 1, default vol",Direct daily source P&L,1.0166384716386676,4719,18.726190476190474,0.3041044475685586,0.26551655812545066,0.324986113991281,0.9406206193123097,-0.4661060523035455,-0.1870457759149925,-0.7360888501305912,-0.053627775018003865,-0.0001589947610949394,0.008679245521462858,-1.2584206295030722,-1.2504592348906551,-1.3121298337367207,-1.3453788427762061,,,1.0
Static grid candidate 117,Direct daily source P&L,1.0638608134526415,4719,18.726190476190474,0.3089182786299811,0.2692010545969198,0.3249837953501681,0.9513567280005192,-0.5008075629650925,-0.15036580570191857,-0.5371457911161828,-0.04881394395658134,-0.00014514858917562167,0.007872350918119114,-1.2665821482428903,-1.2451469031906752,-1.2057560459160046,-1.174587162369013,Static grid search,,1.0
Static grid candidate 084,Direct daily source P&L,1.0174202954013782,4719,18.726190476190474,0.3130994319869769,0.27239032130864993,0.32498900520730656,0.9613000070897386,-0.4733576552017028,-0.1900432397511295,-0.5360417120257372,-0.04463279059958558,-0.00013232491574706505,0.00716791584512336,-1.2681590256042965,-1.264053030866032,-1.3951867419341062,-1.4066834078464816,Static grid search,,1.0
Static: trend total 20%,Direct daily source P&L,1.0332236985415573,4719,18.726190476190474,0.3425397495649418,0.29456315557703844,0.3249821961208732,1.029315756863901,-0.46740045015769116,-0.12219222900830255,-0.47889030905244523,-0.015192473021620634,-4.460619083991112e-05,0.0023761298781577937,-1.2895849363256704,-1.280901894269696,-1.2901147281728742,-1.386552756440428,Static risk budgets,Change the trend-following allocation and rescale all other sleeves pro rata.,1.0
Static grid candidate 205,Direct daily source P&L,1.0190923702668164,4719,18.726190476190474,0.30725656883888,0.267930719002818,0.32498365321594347,0.9476243044770951,-0.4575501785628441,-0.1339285149634085,-0.6171973975252079,-0.05047565374768248,-0.00014996223062448222,0.007962406869033614,-1.2937862006275562,-1.3241859321616722,-1.3288577572336895,-1.3971863877150688,Static grid search,,1.0
Static grid candidate 497,Direct daily source P&L,1.027047317582248,4719,18.726190476190474,0.3191346608937753,0.27697596169595373,0.3249865000702593,0.9750110776613392,-0.5106824904789833,-0.12239851887265238,-0.4183118952584122,-0.03859756169278716,-0.00011464198743051625,0.006085729380598308,-1.2940649032970346,-1.2464032433483738,-1.2577251942755934,-1.3362853043583955,Static grid search,,1.0
"Dynamic ERC: 104w, shrink 50%, reb 13w",Direct daily source P&L,1.110530043172524,4719,18.726190476190474,0.27968010605009863,0.2466101295486708,0.32499671579478806,0.8816332957887199,-0.5415903814133305,-0.17774798628751098,-0.4596311744799926,-0.07805211653646382,-0.00023506968230591863,0.012475217532599496,-1.2944148355035439,-1.2480647733920662,-1.2235707232444435,-1.0443353870599559,Dynamic covariance allocation,Long-only erc with covariance shrinkage.,1.0
Static grid candidate 295,Direct daily source P&L,1.0235330634385371,4719,18.726190476190474,0.33476415489411515,0.28875461324480367,0.32497969121723697,1.0118021214554735,-0.45961190077678726,-0.17039803824728222,-0.6044872279455821,-0.022968067692447303,-6.719322063252578e-05,0.0035592795639015798,-1.2968458164204928,-1.359421701554483,-1.6170146633015412,-1.6607470701346272,Static grid search,,1.0
Static grid candidate 442,Direct daily source P&L,1.0455854966710165,4719,18.726190476190474,0.3222820283033472,0.279359053248278,0.32497955722658456,0.9826010976329209,-0.44409851593999616,-0.1261466810059414,-0.5262776073563297,-0.035450194283215275,-0.00010485327119732567,0.005499854988849155,-1.3096514673359163,-1.310179791117525,-1.38482174359984,-1.395873327082953,Static grid search,,1.0
"Momentum tilt absolute+relative: 52w, k=1.00, reb 4w",Direct daily source P&L,1.0426543486991606,4719,18.726190476190474,0.2739105622395972,0.24209135236196638,0.32497487581575535,0.867830023115881,-0.5003394524618394,-0.1370425532694824,-0.520716457694102,-0.08382166034696525,-0.0002528715220625559,0.013263689160760286,-1.309666068762356,-1.3769320374509093,-1.362265044397776,-1.3801150321095066,Dynamic momentum allocation,Tilt baseline sleeve weights toward stronger trailing risk-adjusted momentum.,1.0
Static grid candidate 167,Direct daily source P&L,1.0729426538995017,4719,18.726190476190474,0.300155299316899,0.2624837183455915,0.32498579480170975,0.9304070061807064,-0.5141144899172657,-0.16080723984680828,-0.42056978372396914,-0.05757692326966346,-0.00017216707961784021,0.008727805745573615,-1.3550958956249437,-1.341360807250937,-1.3145988782616258,-1.2580915298309938,Static grid search,,1.0
Static grid candidate 172,Direct daily source P&L,1.049789810942448,4719,18.726190476190474,0.31702400602419756,0.27537465040382564,0.3249858818340345,0.9702800238955638,-0.4862148969986575,-0.13643612283968823,-0.5010535976283479,-0.040708216562364896,-0.00012074354486653665,0.006060017027093591,-1.3687214275204105,-1.3618115426242485,-1.4148949577316763,-1.3727296562365185,Static grid search,,1.0
"Momentum tilt absolute+relative: 26/52/104w, k=0.50, reb 13w",Direct daily source P&L,1.0352025999998014,4719,18.726190476190474,0.2958928832192349,0.2591999426772212,0.3249745847930947,0.9205884510081668,-0.4817022363117409,-0.1421141665700605,-0.5529997638799242,-0.06183933936732755,-0.00018482989878877457,0.009260484976439795,-1.3710821690315151,-1.3827310510158406,-1.358649668992013,-1.39399006945102,Dynamic momentum allocation,Tilt baseline sleeve weights toward stronger trailing risk-adjusted momentum.,1.0
"Dynamic robust max-Sharpe: mean 156w, haircut 50%, shrink 50%",Direct daily source P&L,1.057944701515789,4719,18.726190476190474,0.2876580515874103,0.2528251045360379,0.3249917409260216,0.9011770188534401,-0.5387466600340517,-0.15497040719109081,-0.6370047787903699,-0.07007417099915214,-0.00020986448390895786,0.01051175602245041,-1.3714774268561476,-1.375745962890544,-1.4094468989671445,-1.3409106482460755,Dynamic expected-return allocation,Optimize a heavily shrunk trailing Sharpe estimate with a baseline-weight anchor.,1.0
"Dynamic robust max-Sharpe: mean 156w, haircut 25%, shrink 50%",Direct daily source P&L,1.057944701515789,4719,18.726190476190474,0.2876580515874103,0.2528251045360379,0.3249917409260216,0.9011770188534401,-0.5387466600340517,-0.15497040719109081,-0.6370047787903699,-0.07007417099915214,-0.00020986448390895786,0.01051175602245041,-1.3714774268561476,-1.375745962890544,-1.4094468989671445,-1.3409106482460755,Dynamic expected-return allocation,Optimize a heavily shrunk trailing Sharpe estimate with a baseline-weight anchor.,1.0
Static grid candidate 485,Direct daily source P&L,0.9928018916809174,4719,18.726190476190474,0.3020062954982372,0.2639063790267899,0.3249825490077445,0.9354114632456529,-0.4722204095482797,-0.15029742256429987,-0.6753261472375495,-0.055725927088325244,-0.00016571291872058834,0.008255638650856715,-1.3788933581444747,-1.383910216739373,-1.380177727884776,-1.4998107120030315,Static grid search,,1.0
"Momentum tilt absolute+relative: 26/52/104w, k=0.25, reb 4w",Direct daily source P&L,1.0515669648891013,4719,18.726190476190474,0.29383780304845164,0.2576128428192657,0.3249770330327672,0.9155920566573555,-0.5503335364262821,-0.13858235769840005,-0.5028848490299133,-0.06389441953811081,-0.0001912736613443844,0.00952361394269802,-1.37968002837164,-1.4068282838326251,-1.3874461653360013,-1.362177384080304,Dynamic momentum allocation,Tilt baseline sleeve weights toward stronger trailing risk-adjusted momentum.,1.0
Static grid candidate 116,Direct daily source P&L,1.0756581810603347,4719,18.726190476190474,0.30189021357509294,0.2638172188602349,0.32498601813092687,0.9349474784688805,-0.5092241348835462,-0.16728236894077184,-0.6047015666977498,-0.05584200901146952,-0.0001663113117858699,0.008252221128807006,-1.3844456811112016,-1.3580624686149392,-1.309633228696589,-1.2380763616212278,Static grid search,,1.0
"Momentum tilt absolute+relative: 26w, k=0.25, reb 13w",Direct daily source P&L,1.0287608698578488,4719,18.726190476190474,0.3009379588623209,0.2630855111237486,0.32498152909814293,0.932498417500938,-0.4567464589654926,-0.14635669374308716,-0.523422248920953,-0.05679426372424157,-0.00016946982295484384,0.0083608799180439,-1.3924043725872481,-1.4523016251974368,-1.4583603053157914,-1.5260353817576178,Dynamic momentum allocation,Tilt baseline sleeve weights toward stronger trailing risk-adjusted momentum.,1.0
"Dynamic Minimum variance: 260w, shrink 50%, reb 13w",Direct daily source P&L,1.0945225260703153,4719,18.726190476190474,0.27303901031114974,0.24140696349784474,0.32499434968085766,0.8655619842401066,-0.5385959081636497,-0.16259625008568826,-0.44195107977626,-0.08469321227541271,-0.0002557965721999636,0.012602758161310441,-1.3942931912468155,-1.337491761321578,-1.2971342458748765,-1.1695510805356455,Dynamic covariance allocation,Long-only minimum variance with covariance shrinkage.,1.0
Static grid candidate 150,Direct daily source P&L,1.019069941303432,4719,18.726190476190474,0.30346306294407577,0.26502461716144315,0.3249864849857447,0.9386785258151135,-0.47064621476854374,-0.14186465782133964,-0.6154423396970681,-0.054269159642486686,-0.00016149944516870472,0.007939805711806936,-1.3972887036182062,-1.442785802486577,-1.5078280771396626,-1.5233304850994906,Static grid search,,1.0
Static grid candidate 055,Direct daily source P&L,1.0224841949171959,4719,18.726190476190474,0.3132157928852237,0.27247893283343577,0.3249865427799508,0.9612690646154128,-0.4661425953133407,-0.13301635917912796,-0.46524815916605167,-0.04451642970133873,-0.00013236482171593723,0.006505670406409779,-1.3976727908717146,-1.3987733449793684,-1.4556691462335498,-1.54820210077993,Static grid search,,1.0
"Momentum tilt absolute+relative: 26/52/104w, k=1.00, reb 13w",Direct daily source P&L,1.0388908809256068,4719,18.726190476190474,0.28276166263896996,0.24901530270191524,0.3249728338401593,0.8892186771912719,-0.5017065530237208,-0.14118299541038723,-0.5526261573665276,-0.0749705599475925,-0.00022528694835421444,0.011022574069001295,-1.4040351972262224,-1.435776609307363,-1.4098897360811637,-1.42274211087098,Dynamic momentum allocation,Tilt baseline sleeve weights toward stronger trailing risk-adjusted momentum.,1.0
Static grid candidate 356,Direct daily source P&L,0.9955935647454873,4719,18.726190476190474,0.3182581767066517,0.27631130210721555,0.3249819202405763,0.9734314434532584,-0.4897314744074056,-0.1793312348759309,-0.5764913042043317,-0.03947404587991077,-0.0001166792140877635,0.005669528373775402,-1.413746526048891,-1.4275723032968404,-1.5317331932795886,-1.7188238473924558,Static grid search,,1.0
Static: styles total 5%,Direct daily source P&L,1.0398798601882882,4719,18.726190476190474,0.3430654148228385,0.294954624339148,0.3249816897619715,1.030402450970948,-0.4626274959229807,-0.11058267041859421,-0.4309252694717659,-0.014666807763723977,-4.320470042407668e-05,0.00209545669487266,-1.4163718828595189,-1.3363276499365626,-1.2715241784534683,-1.4046685333626898,Static risk budgets,Change the market-neutral style allocation and rescale all other sleeves pro rata.,1.0
Static grid candidate 421,Direct daily source P&L,1.0564797965844017,4719,18.726190476190474,0.32244029753146575,0.279478740087808,0.3249798534681409,0.9827158396162928,-0.4558759698906317,-0.11653930930561095,-0.4195213004115899,-0.03529192505509671,-0.00010470529046480266,0.005071325400668384,-1.418313173548397,-1.4510009277859761,-1.6162322298801488,-1.508226383047945,Static grid search,,1.0
Static grid candidate 036,Direct daily source P&L,1.0117792672106558,4719,18.726190476190474,0.3025253642206245,0.26430496794570196,0.3249829164893745,0.9364308516686661,-0.46904731128416277,-0.13894143317969979,-0.6057438745399417,-0.05520685836593797,-0.00016439823127027334,0.007962392676708889,-1.4183340782085025,-1.4517071230814793,-1.4558482438240685,-1.547315469933724,Static grid search,,1.0
"Nested grid: lcb, 260w, top 1, default vol",Direct daily source P&L,1.0110835790625003,4719,18.726190476190474,0.29868177722942924,0.26134973248809307,0.3249851217190989,0.9277476275690733,-0.4674638074051912,-0.18597640273013585,-0.7209183103134198,-0.05905044535713322,-0.0001755968337796689,0.008490814252711166,-1.420667119931254,-1.4082818285804313,-1.495827878029679,-1.5247075587454582,,,1.0
Static grid candidate 478,Direct daily source P&L,1.0034131344284458,4719,18.726190476190474,0.29754929254106544,0.26047732573402826,0.3249870128304575,0.9248655689062082,-0.46934670489670816,-0.18632540480362877,-0.6296907898353415,-0.06018293004549702,-0.00017931377451550702,0.008657913851985123,-1.4227394731418264,-1.4526648900697832,-1.5930029409158801,-1.6299803339916359,Static grid search,,1.0
"Equity trend filter: 52w, cut 100%, reb 1w",Direct daily source P&L,1.0518100955589915,4719,18.726190476190474,0.2798561821779586,0.2467477139454594,0.3249781078464193,0.882043928311626,-0.5433953481596381,-0.161655241635651,-0.4539304068010476,-0.07787604040860385,-0.00023454009671090056,0.011323070707669337,-1.4229114341420088,-1.5173290139354925,-1.4480590970186356,-1.5379504163160769,Regime allocation,"When QQQ momentum is negative, reallocate part of direct equity to trend, rates and styles.",1.0
"Equity trend filter: 104w, cut 75%, reb 4w",Direct daily source P&L,1.046696730060786,4719,18.726190476190474,0.31265698747143333,0.27205331783304065,0.3249791133666368,0.9599109053123778,-0.5198868637248001,-0.11364075845564707,-0.44610472848980326,-0.04507523511512912,-0.00013411641605516934,0.006455738512715106,-1.4271216577065333,-1.5074512015617396,-1.7585132149552747,-1.4915815879447556,Regime allocation,"When QQQ momentum is negative, reallocate part of direct equity to trend, rates and styles.",1.0
Static grid candidate 489,Direct daily source P&L,1.0400781869206044,4719,18.726190476190474,0.3166386282493556,0.2750819950176899,0.3249796417298995,0.9692703064515896,-0.4714051811822991,-0.11688729181824575,-0.45924001483489096,-0.04109359433720683,-0.00012204575982404276,0.005860204202390357,-1.4306550581524053,-1.470345280838971,-1.487115660602642,-1.5573246588038514,Static grid search,,1.0
"Dynamic Maximum diversification: 260w, shrink 50%, reb 13w",Direct daily source P&L,1.0976881970090204,4719,18.726190476190474,0.2731899151875279,0.24152549555522845,0.3249930560824334,0.8659412946576309,-0.5539079453494267,-0.16445046682620953,-0.4484809068513618,-0.08454230739903457,-0.00025530738217736227,0.012185237389560713,-1.4393100796246248,-1.3856428203844622,-1.3489363499785902,-1.2011585697825597,Dynamic covariance allocation,Long-only maximum diversification with covariance shrinkage.,1.0
Static grid candidate 420,Direct daily source P&L,1.0237255444187783,4719,18.726190476190474,0.3063275338285074,0.2672197910104467,0.32498801575593905,0.9457312243134745,-0.48286274918830274,-0.193300993384478,-0.6752678547783603,-0.05140468875805504,-0.00015240370305772267,0.007207376055215796,-1.4525909215472923,-1.4864097065458772,-1.6648081795946765,-1.578427014468509,Static grid search,,1.0
Static: trend total 15%,Direct daily source P&L,1.0225780255541024,4719,18.726190476190474,0.3241180537379984,0.28074661799458406,0.3249828763337149,0.9868472391355759,-0.4673680645130447,-0.12993475636487611,-0.5114926050060743,-0.03361416884856405,-9.937709664033023e-05,0.004669668563983877,-1.4619254818882563,-1.4617488004995314,-1.483557796306169,-1.562442236844977,Static risk budgets,Change the trend-following allocation and rescale all other sleeves pro rata.,1.0
Static grid candidate 481,Direct daily source P&L,0.9997504044864687,4719,18.726190476190474,0.29749146925585057,0.26043276128165,0.3249806498498647,0.9249215737431752,-0.4751638615888162,-0.16451715990044,-0.7541253727445936,-0.06024075333071188,-0.0001792415460551328,0.008422386584165949,-1.4619364638205876,-1.479097116780727,-1.462286134924737,-1.5616184126036543,Static grid search,,1.0
Static grid candidate 304,Direct daily source P&L,1.0335836884345697,4719,18.726190476190474,0.3114198866704434,0.27111043319057254,0.3249873207786558,0.9574840206016728,-0.4836440603513984,-0.18072844397789697,-0.6009269128684135,-0.04631233591611905,-0.0001372463268923877,0.006411160557379019,-1.4705813900080822,-1.4886117990591965,-1.6445767407513618,-1.5512440324018935,Static grid search,,1.0
Static grid candidate 297,Direct daily source P&L,1.0196008653205342,4719,18.726190476190474,0.3155572184723785,0.2742603161603453,0.3249841189662652,0.9669517482482791,-0.47326996624112405,-0.13327865888810628,-0.5465054562278505,-0.042175004114183956,-0.00012503596385608995,0.005825533747343912,-1.474430182129882,-1.4750637781320877,-1.4972681208261909,-1.561566540169559,Static grid search,,1.0
"Momentum tilt absolute+relative: 26w, k=1.00, reb 4w",Direct daily source P&L,1.0471537491800684,4719,18.726190476190474,0.26574771047389323,0.23566302303661332,0.3249714923362625,0.848135947528627,-0.5195232430795385,-0.1477956656365891,-0.5600355257029427,-0.09198451211266923,-0.0002782706274826258,0.012783979736207377,-1.4952929387021847,-1.5936816907064297,-1.5927116891804354,-1.5783165733828457,Dynamic momentum allocation,Tilt baseline sleeve weights toward stronger trailing risk-adjusted momentum.,1.0
Static grid candidate 047,Direct daily source P&L,1.040669043099092,4719,18.726190476190474,0.3268988380933715,0.28284451890486395,0.3249817675705248,0.9930643944721016,-0.44363178131992453,-0.11062809788623491,-0.4142656234040388,-0.030833384493190952,-9.135893995631874e-05,0.004180972764589195,-1.501062246075108,-1.5212405024702154,-1.6837057117432328,-1.7417594177156008,Static grid search,,1.0
Static grid candidate 097,Direct daily source P&L,1.0084361788251424,4719,18.726190476190474,0.3052064131904575,0.26636119929410906,0.3249833471113046,0.9432005700958359,-0.4704169965754271,-0.1766579347177614,-0.7426086305851112,-0.05252580939610496,-0.00015566744361618557,0.007083620417186384,-1.5096195140330668,-1.5658384794113214,-1.6565996850257736,-1.6822054536756201,Static grid search,,1.0
Static grid candidate 015,Direct daily source P&L,1.056229438935206,4719,18.726190476190474,0.29968284240889065,0.2621202673248323,0.32498403775144463,0.9294213191824863,-0.504853849972867,-0.1498030829297388,-0.480510057465767,-0.058049380177671805,-0.0001734383029290373,0.007885529997836612,-1.510911809894918,-1.4955081481303365,-1.4829770050664053,-1.4652801355496887,Static grid search,,1.0
"Momentum tilt absolute+relative: 26w, k=0.50, reb 4w",Direct daily source P&L,1.0534591356212455,4719,18.726190476190474,0.2746328955018307,0.24265821205539775,0.3249754618631406,0.8696968273915512,-0.48768661924795464,-0.14829571240112704,-0.5672414323118948,-0.08309932708473178,-0.0002504639371832191,0.011369441599302352,-1.5133209929358187,-1.610520127951337,-1.6360256944763725,-1.5746730899510009,Dynamic momentum allocation,Tilt baseline sleeve weights toward stronger trailing risk-adjusted momentum.,1.0
"Momentum tilt absolute+relative: 26w, k=0.25, reb 4w",Direct daily source P&L,1.055852731120044,4719,18.726190476190474,0.2829632022741535,0.2491724042199726,0.32497650613336015,0.8897374551912421,-0.48724280298643163,-0.14772434019703368,-0.5585985424704227,-0.07476902031240895,-0.00022461788942568125,0.010186620528431242,-1.5147438667691924,-1.603815488888181,-1.6371232650634036,-1.5567887628506722,Dynamic momentum allocation,Tilt baseline sleeve weights toward stronger trailing risk-adjusted momentum.,1.0
Static grid candidate 177,Direct daily source P&L,1.0273945393165185,4719,18.726190476190474,0.3092432933831242,0.2694493316767511,0.3249848137545322,0.9521713650511516,-0.45146013772589166,-0.1268703389995537,-0.5643071644451078,-0.04848892920343828,-0.0001440979659952427,0.006482855270515678,-1.5269208070045168,-1.5544501579184546,-1.6319735296293043,-1.6559671184196882,Static grid search,,1.0
Static grid candidate 256,Direct daily source P&L,1.031458950329677,4719,18.726190476190474,0.31484109175243624,0.27371581555383895,0.3249839625033999,0.965236862077255,-0.4740574790582903,-0.15192016891768195,-0.5251015730947974,-0.04289113083412621,-0.00012724762260840305,0.005724337686811295,-1.5270365082644206,-1.529995695256832,-1.6082538819093368,-1.6126093754675752,Static grid search,,1.0
"Momentum tilt absolute+relative: 26/52/104w, k=0.50, reb 4w",Direct daily source P&L,1.0530670968680802,4719,18.726190476190474,0.27789767393135456,0.24521628540342427,0.32497694029702084,0.877532592237707,-0.5408852448710302,-0.1458405642608341,-0.5529782042262237,-0.0798345486552079,-0.0002403582880760736,0.010803260748943415,-1.5283725618567388,-1.5738973568159014,-1.5522615000011575,-1.535812746016283,Dynamic momentum allocation,Tilt baseline sleeve weights toward stronger trailing risk-adjusted momentum.,1.0
Static: equity total 45%,Direct daily source P&L,1.0353269431045458,4719,18.726190476190474,0.33929648622899267,0.2921444658197966,0.3249821622825988,1.0218792635711174,-0.4604435368283094,-0.12065349516399035,-0.4869621570608642,-0.018435736357569787,-5.419690639608045e-05,0.0024168060766360344,-1.5404857375955157,-1.530473905903993,-1.5001785246705266,-1.6038138613634343,Static risk budgets,Change total direct-equity risk while rescaling all other sleeves pro rata.,1.0
Static grid candidate 012,Direct daily source P&L,1.0295207798929207,4719,18.726190476190474,0.307134171283693,0.26783708529046035,0.324983550326319,0.9471969347187743,-0.4224331938301785,-0.12808870766476804,-0.5604063396086951,-0.05059805130286943,-0.00015051340193977702,0.0067034179916237386,-1.5424243043214971,-1.5470846629702966,-1.5995837112747366,-1.6409134095993527,Static grid search,,1.0
"Dynamic inverse-vol: 104w, reb 4w",Direct daily source P&L,1.1178470723739589,4719,18.726190476190474,0.26425657985507,0.23448426551657264,0.32499849892806226,0.8444061858687502,-0.5666294397632954,-0.19132081088424055,-0.5019372353447273,-0.09347564273149245,-0.00028308083597254624,0.01249789856611983,-1.5559601233350266,-1.4978574314899349,-1.477063228723236,-1.278649455411352,Dynamic covariance allocation,Allocate inversely to trailing sleeve volatility.,1.0
Static grid candidate 077,Direct daily source P&L,1.012974562943579,4719,18.726190476190474,0.3111969811164843,0.2709404460626512,0.32498147737340305,0.9567393819333884,-0.4644631908528619,-0.1254747287150421,-0.5566682982750232,-0.04653524147007815,-0.00013820667438124677,0.0060840298844083065,-1.5604960254992852,-1.5400537759555788,-1.4852099234504648,-1.6359958998449706,Static grid search,,1.0
"Momentum tilt absolute+relative: 26/52/104w, k=1.00, reb 4w",Direct daily source P&L,1.0565796425782552,4719,18.726190476190474,0.264300892971268,0.23451931563244252,0.32497309666894264,0.8446840204851656,-0.516145942522285,-0.15495740267431485,-0.5926454609912827,-0.09343132961529443,-0.0002827225175188359,0.012375143243505627,-1.5694054391065295,-1.6401635952960152,-1.6185728943784488,-1.591739345108435,Dynamic momentum allocation,Tilt baseline sleeve weights toward stronger trailing risk-adjusted momentum.,1.0
Static grid candidate 437,Direct daily source P&L,1.0110416637267563,4719,18.726190476190474,0.3243128457440725,0.28089371792946577,0.32497945588587107,0.9875831405502261,-0.46931182722756004,-0.1792821641811083,-0.5918554155556788,-0.03341937684248997,-9.842801743492831e-05,0.004229516688695815,-1.5986484953738018,-1.6566417217942184,-1.941978489268325,-2.0303142090748127,Static grid search,,1.0
"Equity trend filter: 104w, cut 100%, reb 4w",Direct daily source P&L,1.0433929018433332,4719,18.726190476190474,0.2945493300033595,0.25816262686334795,0.3249787586361298,0.9171220928099999,-0.5723955399564359,-0.11320054039256833,-0.44097860250755466,-0.06318289258320298,-0.00018930040043323612,0.00810640102695182,-1.604162784024898,-1.6955786013269094,-1.9955080177073334,-1.6933115353803134,Regime allocation,"When QQQ momentum is negative, reallocate part of direct equity to trend, rates and styles.",1.0
Static: styles total 0%,Direct daily source P&L,1.0374310067098245,4719,18.726190476190474,0.32679658482792884,0.2827674540958356,0.32498210573207365,0.9928204949971876,-0.4917752875732361,-0.1097760261518341,-0.41206457989506057,-0.030935637758633616,-9.167349285055331e-05,0.00392402100827182,-1.6048610748162988,-1.5116057106563698,-1.4418839501808358,-1.566539672332261,Static risk budgets,Change the market-neutral style allocation and rescale all other sleeves pro rata.,1.0
Static: remove Styles,Direct daily source P&L,1.0374310067098245,4719,18.726190476190474,0.32679658482792884,0.2827674540958356,0.32498210573207365,0.9928204949971876,-0.4917752875732361,-0.1097760261518341,-0.41206457989506057,-0.030935637758633616,-9.167349285055331e-05,0.00392402100827182,-1.6048610748162988,-1.5116057106563698,-1.4418839501808358,-1.566539672332261,Leave-one-out,Remove Styles and redistribute its allocation pro rata.,1.0
"Nested grid: sharpe, 156w, top 10, default vol",Direct daily source P&L,1.0375820463721894,4719,18.726190476190474,0.30216987454621735,0.2640320072773493,0.3249866430176558,0.9355828535341895,-0.5561619193073662,-0.13559330745984602,-0.5931077727934527,-0.0555623480403451,-0.00016549187965799177,0.00705788499516069,-1.6107461423873752,-1.5544946226852685,-1.533115021191888,-1.605351925369009,,,1.0
Static grid candidate 051,Direct daily source P&L,1.0045630240123513,4719,18.726190476190474,0.29944480127071604,0.2619370972989829,0.3249849711162187,0.9293203393884925,-0.4961305469706092,-0.1655136713369277,-0.6527644869539243,-0.05828742131584641,-0.00017356853480621185,0.007345212839866667,-1.6232731354267371,-1.6516171498360221,-1.725808808839316,-1.7809837321825401,Static grid search,,1.0
Static grid candidate 054,Direct daily source P&L,1.0122831290035632,4719,18.726190476190474,0.2897596245452383,0.25445586344874976,0.3249806202525133,0.9063241083084854,-0.4786263784750229,-0.13683409445502728,-0.698639547577524,-0.06797259804132416,-0.00020322637250860172,0.008592859471653027,-1.6246781680734501,-1.6528726143230525,-1.6016834810728873,-1.665767239168055,Static grid search,,1.0
Static grid candidate 151,Direct daily source P&L,1.0122831290035632,4719,18.726190476190474,0.2897596245452383,0.25445586344874976,0.3249806202525133,0.9063241083084854,-0.4786263784750229,-0.13683409445502728,-0.698639547577524,-0.06797259804132416,-0.00020322637250860177,0.008592859471653027,-1.6246781680734508,-1.652872614323053,-1.601683481072888,-1.6657672391680534,Static grid search,,1.0
"Dynamic inverse-vol: 52w, reb 4w",Direct daily source P&L,1.1212226284164233,4719,18.726190476190474,0.2597716149158029,0.2309304465308383,0.32499910802792753,0.8335956697760726,-0.581937317225215,-0.20293178939139794,-0.5518031639244682,-0.09796060767075954,-0.0002970229698222295,0.0125511400774077,-1.6256679669225795,-1.5730392076549093,-1.544176565124003,-1.351882950299969,Dynamic covariance allocation,Allocate inversely to trailing sleeve volatility.,1.0
Static grid candidate 073,Direct daily source P&L,1.035217686683336,4719,18.726190476190474,0.31521273879612943,0.2739984310971785,0.3249852314678872,0.966127923537829,-0.48251566961149717,-0.13267112342827098,-0.537731277193105,-0.04251948379043302,-0.00012609843620091688,0.005328331244979837,-1.6257114845470937,-1.6157099599445015,-1.6802526704741083,-1.6343927398098628,Static grid search,,1.0
Static grid candidate 391,Direct daily source P&L,1.0226675259552782,4719,18.726190476190474,0.30809816574383797,0.2685743004817497,0.3249858947370806,0.949624403657062,-0.4741466760069022,-0.1685002426670617,-0.5952647610115837,-0.04963405684272448,-0.00014738273763444568,0.006198958433130653,-1.6332508156000562,-1.6503473505451642,-1.776761794253609,-1.7604439084691959,Static grid search,,1.0
"Nested grid: log, 156w, top 10, default vol",Direct daily source P&L,1.0414764616056165,4719,18.726190476190474,0.3014188523238286,0.26345509416087437,0.32498704139010226,0.9338107850254055,-0.5553070959366759,-0.1364482125259681,-0.5967240667890145,-0.056313370262733864,-0.00016777728547289134,0.0070037183898661185,-1.6456196965572845,-1.5798633871876477,-1.562900800178785,-1.6042803840648838,,,1.0
Static: trend total 10%,Direct daily source P&L,1.010941474422192,4719,18.726190476190474,0.30263311860726794,0.2643876918086953,0.3249835574429586,0.936557764132398,-0.4834705691958495,-0.1355322148192295,-0.544850444820029,-0.05509910397929452,-0.00016423455448173033,0.006833193690665019,-1.6510711703491685,-1.6570607272217022,-1.6929711180478557,-1.754371705012674,Static risk budgets,Change the trend-following allocation and rescale all other sleeves pro rata.,1.0
Static: growth-heavy prior,Direct daily source P&L,1.0208174555737235,4719,18.726190476190474,0.30544000309407027,0.26654015106848883,0.3249839288091276,0.9431822796512231,-0.49389461373345755,-0.12604710070336764,-0.5535922575648597,-0.05229221949249219,-0.00015569103248324524,0.006421125702548578,-1.6656257086270614,-1.6488109452025155,-1.620162712369734,-1.7115490253122514,Alternative allocation,Pre-specified multi-sleeve composition hypothesis.,1.0
Static grid candidate 021,Direct daily source P&L,1.0399069356754305,4719,18.726190476190474,0.2981751141670663,0.26095951994271166,0.3249861026120786,0.9262277851945375,-0.49069753618245215,-0.16128938166796244,-0.636224729014875,-0.05955710841949613,-0.00017755694795317743,0.007312901438313561,-1.6679112569956047,-1.6766251270783488,-1.746045659879338,-1.6579385963209918,Static grid search,,1.0
"Dynamic ERC: 260w, shrink 50%, reb 13w",Direct daily source P&L,1.1113052846623783,4719,18.726190476190474,0.25961612424352865,0.2308070112453087,0.3249957719025337,0.8330736703639656,-0.5633695839924132,-0.18755216845781233,-0.49992847671007484,-0.09811609834303381,-0.0002976961833497485,0.012237402104655605,-1.6711253406366486,-1.6064225092903541,-1.5728554584157761,-1.3917793878182663,Dynamic covariance allocation,Long-only erc with covariance shrinkage.,1.0
Static grid candidate 044,Direct daily source P&L,1.0293009814672935,4719,18.726190476190474,0.3063193547647902,0.26721352987829533,0.32498143457997963,0.9454907980812148,-0.46429225661207807,-0.13218539508573812,-0.6494695963357469,-0.051412867821772235,-0.00015271377657155022,0.006270021975577375,-1.6731471691888404,-1.7195178603520072,-1.671420723574991,-1.7018097308869162,Static grid search,,1.0
Static grid candidate 125,Direct daily source P&L,1.0293424122550876,4719,18.726190476190474,0.3038851752452789,0.2653484038338243,0.3249851918151231,0.9395895407022257,-0.4719156204680809,-0.14091604807648972,-0.5817218648258544,-0.05384704734128354,-0.00016032452517540495,0.006580876659563834,-1.6735596633549887,-1.7342758213012177,-1.8127609564139335,-1.8242638341077129,Static grid search,,1.0
"Nested grid: lcb, 156w, top 10, default vol",Direct daily source P&L,1.0412253645789018,4719,18.726190476190474,0.30028402595516535,0.2625827221078565,0.32498709090016376,0.9310930804627848,-0.5670848907131022,-0.1357239220175937,-0.5845451961188316,-0.05744819663139711,-0.00017128226159531882,0.0069939419126668675,-1.682346141273068,-1.6177931284763694,-1.5914361259407868,-1.6386759823620767,,,1.0
Static grid candidate 161,Direct daily source P&L,1.010002341013764,4719,18.726190476190474,0.29801479540654685,0.2608360168352291,0.3249820635850798,0.9256319038572242,-0.4542661164707089,-0.13603561538988276,-0.5581078683303885,-0.0597174271800156,-0.00017832544570963298,0.007273132362092366,-1.6842897883406058,-1.7147810180358916,-1.727352055106922,-1.854844181023299,Static grid search,,1.0
"Nested grid: log, 156w, top 1, fast vol",Direct daily source P&L,1.0240481760456615,4719,18.726190476190474,0.28639396521789795,0.25184292821413073,0.324987607984118,0.898101678897968,-0.6093508551269837,-0.1617837351075164,-0.6023977993198865,-0.0713382573686645,-0.0002138306961531183,0.008709859426104678,-1.686490475399714,-1.6542820809541656,-1.6146368252638095,-1.7076936214781318,,,1.0
Static: equity total 50%,Direct daily source P&L,1.0276322535567157,4719,18.726190476190474,0.3200263232142655,0.27765167822843284,0.3249828139682664,0.977328646285422,-0.4575011659949353,-0.12576234061724434,-0.5231440496965795,-0.03770589937229696,-0.00011165305964152133,0.004531591085923615,-1.6925632362472216,-1.6824418663565048,-1.6553853239805887,-1.75628122651442,Static risk budgets,Change total direct-equity risk while rescaling all other sleeves pro rata.,1.0
Static grid candidate 388,Direct daily source P&L,1.0229237514529332,4719,18.726190476190474,0.282203437282855,0.24858003333708398,0.3249894790872993,0.8879552084742377,-0.5045385626052199,-0.15514111545023776,-0.575569015816313,-0.07552878530370744,-0.0002269164218980087,0.009189049173536516,-1.6963690488256975,-1.700013305608255,-1.818746677074556,-1.7989316720521542,Static grid search,,1.0
Static: equal-weight all sleeves,Direct daily source P&L,1.0591910929088564,4719,18.726190476190474,0.25052107620180175,0.22356032541325913,0.32499488359568035,0.8117218895365723,-0.5265476704459875,-0.2346036775204639,-0.7438395021789007,-0.1072111463847607,-0.00032523320227396594,0.012933104311078567,-1.7274961317842015,-1.7135985310109518,-1.7812836208972687,-1.6454682603671535,Alternative allocation,Equal-weight all normalized sleeves.,1.0
Static grid candidate 375,Direct daily source P&L,1.0397143116721945,4719,18.726190476190474,0.3085602916626835,0.26892751885638505,0.3249805139673707,0.9505511434953613,-0.4442194705400805,-0.13449041928819563,-0.5589728673910148,-0.04917193092387895,-0.00014618753744616243,0.005802974402088125,-1.7305521221236508,-1.692336784918079,-1.7020010283930487,-1.6847093638895243,Static grid search,,1.0
Static grid candidate 086,Direct daily source P&L,1.005759667457806,4719,18.726190476190474,0.3082661041305217,0.2687026758680426,0.3249824514600523,0.9499106561335173,-0.4742765694759161,-0.156896120495077,-0.5618710797465365,-0.049466118456040764,-0.00014701356281362024,0.005835401684207432,-1.7306595170517207,-1.7050672872847943,-1.720524176463171,-1.9015783650851648,Static grid search,,1.0
Static grid candidate 499,Direct daily source P&L,1.052390131753563,4719,18.726190476190474,0.3159728766875993,0.2745762222709707,0.32498111347041986,0.9677673451556571,-0.45215376206404023,-0.12593155477476056,-0.48305219293972895,-0.04175934589896313,-0.00012398410276522612,0.004902649395897108,-1.7372413407229073,-1.7454844882127443,-1.9772389115682663,-1.8451793829458074,Static grid search,,1.0
Static grid candidate 490,Direct daily source P&L,1.0229027120667553,4719,18.726190476190474,0.3058285171319941,0.26683771835257436,0.32498263871466426,0.9440642419854848,-0.4369642761483855,-0.12363948096066374,-0.5391015441532411,-0.05190370545456835,-0.00015455358106009065,0.006087542723858333,-1.7440624780193912,-1.7489426375463955,-1.797053883499023,-1.9032736404807027,Static grid search,,1.0
Static grid candidate 232,Direct daily source P&L,1.0229027120667553,4719,18.726190476190474,0.3058285171319943,0.26683771835257436,0.32498263871466426,0.9440642419854848,-0.4369642761483855,-0.1236394809606637,-0.5391015441532411,-0.05190370545456813,-0.00015455358106009068,0.006087542723858333,-1.7440624780193914,-1.7489426375463955,-1.797053883499023,-1.9032736404807,Static grid search,,1.0
Static grid candidate 366,Direct daily source P&L,1.0145661226974387,4719,18.726190476190474,0.30376299146535457,0.2652546919737864,0.32498039510773014,0.9395230009897244,-0.4473293889329778,-0.14564365811208088,-0.6631488835382382,-0.05396923112120788,-0.00016041034028081336,0.006267962522814476,-1.7580489279615146,-1.759197740270502,-1.7634016346777468,-1.844706887815481,Static grid search,,1.0
Static grid candidate 454,Direct daily source P&L,0.9921967212920929,4719,18.726190476190474,0.3006858545980384,0.2628917058058796,0.324978305485598,0.9321284142767635,-0.5264897609880137,-0.17408827224060544,-0.5911226176781024,-0.05704636798852403,-0.00016994700965268766,0.006594405318197253,-1.770365260086049,-1.7761755545882463,-1.836169711074602,-2.0126637882512184,Static grid search,,1.0
"Sleeve drawdown scaling: cut -10%, floor 0%",Direct daily source P&L,1.0266287200143793,4719,18.726190476190474,0.23786956511776203,0.21339180935611357,0.32497585010178515,0.7794356398965122,-0.5729083561553532,-0.1506185509060677,-0.4888698539121499,-0.11986265746880043,-0.0003668722147065834,0.014078571291996059,-1.7901162120011849,-1.8851199542816373,-1.8552832135688588,-1.8896499797072541,Drawdown allocation,"Reduce sleeve weights as their own drawdowns deepen, redistributing to stronger sleeves.",1.0
Static grid candidate 486,Direct daily source P&L,1.0491587728857215,4719,18.726190476190474,0.31376955666436146,0.27290052923665553,0.32498599836347847,0.9627035407211284,-0.4753794970178731,-0.13098597733844955,-0.5224889315151362,-0.043962665922200994,-0.00013051480292880402,0.004999942801797662,-1.7931628158517465,-1.8158181615398117,-2.018731857823438,-1.9108124237237143,Static grid search,,1.0
Static grid candidate 085,Direct daily source P&L,1.0515853677551472,4719,18.726190476190474,0.2970125724477688,0.26006359877057034,0.32498616642932626,0.9231228658900305,-0.48987974005405965,-0.16981924858996175,-0.49131561493642945,-0.06071965013879366,-0.0001815613081673237,0.006937702751127132,-1.797763685534167,-1.7663616808388884,-1.8391311742697727,-1.8253656160557508,Static grid search,,1.0
Static grid candidate 300,Direct daily source P&L,1.0429993940447546,4719,18.726190476190474,0.29839543914970457,0.261129224542408,0.32498414523056046,0.9262520821784688,-0.5097712068372906,-0.1494669946761601,-0.4310359941309281,-0.05933678343685789,-0.00017752561255723466,0.006753834713220588,-1.8056583502193673,-1.7951380497633154,-1.8354722529058776,-1.886944845179122,Static grid search,,1.0
Static grid candidate 108,Direct daily source P&L,1.018057968677028,4719,18.726190476190474,0.2994013239066138,0.26190363832372,0.3249818314650554,0.9287181159061688,-0.5472794623450994,-0.1378407533649256,-0.46585124810857387,-0.05833089867994867,-0.00017434521191635131,0.006576310447852789,-1.8211793054626857,-1.795847311361861,-1.814678129965551,-1.9094204072369538,Static grid search,,1.0
Simple four-strategy ensemble,Hybrid: genuine weekly meta path bridged over baseline daily shape,0.6333594736291437,4719,18.726190476190474,0.19998399711832882,0.18230822097030702,0.3249914728097171,0.6875117335732387,-0.6750321426024031,-0.482364630904581,1.7970439967804255,-0.15774822546823364,-0.0004854248716711225,0.018297683314835493,-1.8224302113979591,-2.883990636616932,-3.6349632950047193,-4.211317096971909,Equal-weight strategy ensemble,,1.0
Static grid candidate 214,Direct daily source P&L,1.0033255344492442,4719,18.726190476190474,0.31325970005255077,0.2725123671201438,0.3249784133524445,0.9617704549324274,-0.479103547256822,-0.16678995473719557,-0.6056005480270132,-0.04447252253401168,-0.0001317181873785177,0.004945989045498552,-1.8294375298064416,-1.8290687644586503,-1.9133549173783937,-2.103279060811096,Static grid search,,1.0
Static grid candidate 414,Direct daily source P&L,1.0308971453071927,4719,18.726190476190474,0.32237842489250923,0.2794319522770269,0.3249826469212988,0.982626969976583,-0.49149969295350204,-0.11849805709937287,-0.44382297393480263,-0.035353797694053224,-0.00010481990408744384,0.003920394554711234,-1.836703143756092,-1.7601303005936322,-1.7292306451606316,-1.8716620119942504,Static grid search,,1.0
Static: equity total 55%,Direct daily source P&L,1.0204871793180084,4719,18.726190476190474,0.3006872559513487,0.26289278320097104,0.32498331816004367,0.931959732591328,-0.4942421463048109,-0.12884092262643385,-0.5578362487279721,-0.057044966635213745,-0.0001701645554771578,0.006343661082980471,-1.842697811086896,-1.8312979056370118,-1.810304783985627,-1.9052422386643033,Static risk budgets,Change total direct-equity risk while rescaling all other sleeves pro rata.,1.0
Static grid candidate 245,Direct daily source P&L,1.0091440838426482,4719,18.726190476190474,0.3058992994105487,0.26689192176391197,0.3249817796044454,0.9445883702957096,-0.48268244038653885,-0.18881595572096133,-0.6294036631560145,-0.051832923176013734,-0.00015387762192984054,0.005686399535240765,-1.8589302044187423,-1.8998371247314225,-2.1567765254774733,-2.1610760881690965,Static grid search,,1.0
Static grid candidate 446,Direct daily source P&L,1.025633570436358,4719,18.726190476190474,0.29446676620936163,0.25809884680871903,0.3249848731451353,0.9172257036601423,-0.5127168372985507,-0.1261040289500516,-0.569385463591481,-0.06326545637720082,-0.0001891667753288857,0.006966625523649286,-1.865294384218471,-1.8474167010411828,-1.8469676296220592,-1.8840317022933097,Static grid search,,1.0
Static grid candidate 301,Direct daily source P&L,1.0158820936480075,4719,18.726190476190474,0.30017629465642326,0.2624998665472852,0.324981938041666,0.9306619038347574,-0.44607656578209276,-0.12792106202884537,-0.520693652147592,-0.057555927930139195,-0.000171838342564005,0.00631497563478917,-1.8692758043170987,-1.8776880881098907,-1.8953132161792496,-2.0565845397883873,Static grid search,,1.0
"Annual selector log, trailing 260w, simple candidate set",Hybrid: genuine weekly meta path bridged over baseline daily shape,0.6115763532297186,4719,18.726190476190474,0.19212081666912062,0.17573391977299946,0.324993521959479,0.6651090078072202,-0.5775341192212899,-0.39339797664944487,1.1766016518608005,-0.16561140591744183,-0.0005143172759328527,0.018844149206273354,-1.8749062936948222,-2.8347682360361315,-3.5605453754592813,-4.4154460546906975,Annual walk-forward strategy selection,,1.0
"Dynamic HRP: 260w, shrink 25%, reb 13w",Direct daily source P&L,1.1146946673695461,4719,18.726190476190474,0.23985523042706847,0.2149946231455842,0.3249999399309416,0.7843698524744402,-0.5292299886044556,-0.19243633818381986,-0.48787363125334404,-0.11787699215949399,-0.0003605086468977475,0.013117470429078617,-1.8879504013365445,-1.7986713358324555,-1.7441676731653994,-1.5860275271212096,Dynamic covariance allocation,Hierarchical risk-parity allocation based on the trailing correlation tree.,1.0
Static grid candidate 271,Direct daily source P&L,1.000235593193415,4719,18.726190476190474,0.3043101689140535,0.26567429481701915,0.3249780268341488,0.9405129622264146,-0.5491245074581658,-0.16515813661208395,-0.5248289594819295,-0.05342205367250896,-0.00015913360455889188,0.005733010489952988,-1.9067956496133787,-1.8970167919378842,-1.9362107549705707,-2.146329611092456,Static grid search,,1.0
Static grid candidate 234,Direct daily source P&L,1.0553879541295974,4719,18.726190476190474,0.32089220235259996,0.2783074191465859,0.32498110081515696,0.9792132280632596,-0.4806022199583919,-0.11537868415281517,-0.46415808146265586,-0.03684002023396249,-0.00010922254742803973,0.00393235649480401,-1.9080265231962033,-1.9845540777470334,-2.19738422544336,-2.1837355868508657,Static grid search,,1.0
"Dynamic inverse-vol: 260w, reb 4w",Direct daily source P&L,1.117498372842539,4719,18.726190476190474,0.2437349231776551,0.21811888734897583,0.32499861374619754,0.7941086857130331,-0.5780813985634483,-0.20117220457448118,-0.5371977112015818,-0.11399729940890735,-0.00034794864371305427,0.012464688790426616,-1.917602983977107,-1.843139213007423,-1.813225093691899,-1.6210335867941412,Dynamic covariance allocation,Allocate inversely to trailing sleeve volatility.,1.0
Static grid candidate 352,Direct daily source P&L,1.0314150841153198,4719,18.726190476190474,0.30954721845317046,0.26968144269902383,0.3249784983554898,0.9526191212499796,-0.46761748294311234,-0.11290241725623808,-0.4529440302448445,-0.048185004133391995,-0.00014352050264357976,0.005077796627297776,-1.9416172983611295,-2.012509172928062,-2.131950631659385,-2.2189294078337287,Static grid search,,1.0
Static grid candidate 028,Direct daily source P&L,1.0215329314371182,4719,18.726190476190474,0.29291585592056557,0.2569000210445854,0.3249819629209946,0.913704953556268,-0.49490308274025796,-0.13007818503681598,-0.6395672890450921,-0.06481636666599688,-0.00019370742526443778,0.006850609303778397,-1.9424151522150472,-1.9653432011511074,-1.9626913929671104,-1.983331430204897,Static grid search,,1.0
Static grid candidate 153,Direct daily source P&L,1.0359319109925762,4719,18.726190476190474,0.32054744261118673,0.27804637987277275,0.32498174252636974,0.9786414422912962,-0.47753581145611534,-0.1271351035175925,-0.559568749107787,-0.037184779975375726,-0.00010995996955457963,0.003883913920016924,-1.9448674309090688,-1.9731658417184397,-2.0133594224777247,-1.9811411009599613,Static grid search,,1.0
Conservative three-strategy ensemble,Hybrid: genuine weekly meta path bridged over baseline daily shape,0.5897994487267003,4719,18.726190476190474,0.1818251516339866,0.1670599821822258,0.32499210114131877,0.6399928258671522,-0.6694321948050409,-0.4769353268466218,2.4437329174553977,-0.17590707095257585,-0.0005467091772444482,0.019222344614973998,-1.9537770051379637,-2.975369257055447,-3.742080797156058,-4.288459375397939,Equal-weight strategy ensemble,,1.0
"Nested grid: lcb, 156w, top 1, fast vol",Direct daily source P&L,1.0319456200674355,4719,18.726190476190474,0.27520841619943615,0.24310962893748916,0.32499034829594753,0.8712760033956674,-0.6500754967563716,-0.1620145226942824,-0.6286236888425404,-0.08252380638712631,-0.0002484273014636251,0.008718362466542954,-1.9574441954847255,-1.9112606514727992,-1.858422701022306,-1.9491464137168708,,,1.0
"Nested grid: sharpe, 156w, top 1, fast vol",Direct daily source P&L,1.0299682179948153,4719,18.726190476190474,0.2752581129008249,0.2431485996127187,0.32499022832472163,0.8714821609791534,-0.6476365111060536,-0.16191983900521761,-0.6580176406484661,-0.08247410968573754,-0.00024816142362778026,0.008699086599562757,-1.9596820122521703,-1.906056057993491,-1.8537649732489705,-2.0183985099269526,,,1.0
"Annual selector log, trailing 156w, simple candidate set",Hybrid: genuine weekly meta path bridged over baseline daily shape,0.5868406089199056,4719,18.726190476190474,0.18223870223139316,0.1674098463375013,0.3249938345363846,0.6388805401290647,-0.5592458826102288,-0.3778539262939051,0.9630392005027971,-0.1754935203551693,-0.0005481436727399976,0.01910845758592148,-1.9705785964534979,-2.9521497626194795,-3.6363759816103265,-4.538968688645044,Annual walk-forward strategy selection,,1.0
"Annual selector sharpe, trailing 156w, simple candidate set",Hybrid: genuine weekly meta path bridged over baseline daily shape,0.5868406089199056,4719,18.726190476190474,0.18223870223139316,0.1674098463375013,0.3249938345363846,0.6388805401290647,-0.5592458826102288,-0.3778539262939051,0.9630392005027971,-0.1754935203551693,-0.0005481436727399976,0.01910845758592148,-1.9705785964534979,-2.9521497626194795,-3.6363759816103265,-4.538968688645044,Annual walk-forward strategy selection,,1.0
Static grid candidate 467,Direct daily source P&L,1.0301736067229563,4719,18.726190476190474,0.2734776636013818,0.24175147590498033,0.3249892620398714,0.8669495001945453,-0.519267417512802,-0.1393031787579853,-0.5883402755767603,-0.08425455898518064,-0.00025400711709999273,0.00883650579503578,-1.9746508089605992,-1.9653939207996436,-2.0945829430770146,-2.0449626444073616,Static grid search,,1.0
Static: equity total 60%,Direct daily source P&L,1.0139991898598257,4719,18.726190476190474,0.28212194414608627,0.24851647421359244,0.3249837809574642,0.8877572127185748,-0.5166726547746754,-0.13036309062299758,-0.5858479114943691,-0.07561027844047619,-0.00022717177356701835,0.007882057577746468,-1.9798840378259217,-1.965698816491713,-1.9515947925549377,-2.0388016553122625,Static risk budgets,Change total direct-equity risk while rescaling all other sleeves pro rata.,1.0
Static: remove Trend,Direct daily source P&L,0.9866375983687614,4719,18.726190476190474,0.25678067740377064,0.22855343340105622,0.32498500931611307,0.826295938255326,-0.513618940733993,-0.1395582835707021,-0.5691419529444186,-0.10095154518279181,-0.0003064373061089068,0.010606151641792076,-1.9847636265339192,-1.9916910640590333,-2.060692384693387,-2.0814583219367337,Leave-one-out,Remove Trend and redistribute its allocation pro rata.,1.0
Static grid candidate 080,Direct daily source P&L,1.0053728982419354,4719,18.726190476190474,0.28362695539365856,0.2496896298723191,0.3249807052320924,0.8916473842892325,-0.4937051360239143,-0.13930621451312564,-0.6891403604817453,-0.07410526719290389,-0.0002221546872159716,0.0076657852722625455,-1.9907825232469598,-1.9918475531218856,-1.986695311659894,-2.0682187995129278,Static grid search,,1.0
Static grid candidate 201,Direct daily source P&L,1.0335079835711924,4719,18.726190476190474,0.3238128001456766,0.2805160579002929,0.32497786262798467,0.9859983260375476,-0.4684322970549245,-0.11602111755706873,-0.45949431386143186,-0.03391942244088586,-0.00010047192504056523,0.0034597251180183983,-1.994932095201356,-1.9188709848663443,-1.9343959092999021,-1.9998589752414473,Static grid search,,1.0
"Annual selector sharpe, trailing 260w, simple candidate set",Hybrid: genuine weekly meta path bridged over baseline daily shape,0.5825086874694462,4719,18.726190476190474,0.1758054838589176,0.16195343091366654,0.32499306371356934,0.6229357765656058,-0.5549488377828184,-0.37424696811910685,0.7648082272715944,-0.18192673872764487,-0.0005687073559071567,0.019467901779729145,-2.0067565438993378,-2.9892909694261824,-3.722409205332975,-4.652936072198631,Annual walk-forward strategy selection,,1.0
Static grid candidate 419,Direct daily source P&L,1.0434818604102356,4719,18.726190476190474,0.30670725276355104,0.26751042544031717,0.3249828451057568,0.946130065531162,-0.5061356224387417,-0.13911641115167395,-0.5277556604447351,-0.05102496982301141,-0.00015188932450316598,0.0051581052115260715,-2.022842376147833,-1.9757603282663017,-2.020469153640688,-1.9466521444834026,Static grid search,,1.0
Static grid candidate 114,Direct daily source P&L,1.0271339712957879,4719,18.726190476190474,0.3109054875786692,0.27071811032825793,0.32497927734334725,0.9560993079779503,-0.4513597949320579,-0.12319000370287937,-0.5751453198531806,-0.04682673500789325,-0.00013903216658568072,0.004658980661564006,-2.04997880786225,-2.0297879844177356,-1.984033236588662,-2.0709184145624024,Static grid search,,1.0
Static grid candidate 398,Direct daily source P&L,1.0141479362038115,4719,18.726190476190474,0.30434906342320645,0.26570411435701385,0.32498231432332503,0.9407955872413973,-0.46745574852487615,-0.16828922931272322,-0.5993284561874477,-0.05338315916335601,-0.0001587691080117908,0.005304531258305855,-2.0560988045974464,-2.0692491810165636,-2.2799049810048286,-2.2981719672782894,Static grid search,,1.0
Static grid candidate 106,Direct daily source P&L,1.0311424065050203,4719,18.726190476190474,0.2885688193606477,0.25353216013075336,0.32498308028677725,0.9032893690771536,-0.46899396568098495,-0.12980624246762346,-0.6206218051431998,-0.06916340322591474,-0.00020714022270774003,0.0068050834912706856,-2.0910093250769166,-2.141284891449236,-2.2514123315246843,-2.2208695624071777,Static grid search,,1.0
Static grid candidate 484,Direct daily source P&L,1.0236599464459042,4719,18.726190476190474,0.2857883268865775,0.25137201420125455,0.32498184252125667,0.8967074071598905,-0.5024193751246486,-0.12970913805245513,-0.6509153713977346,-0.07194389569998494,-0.00021562886406928952,0.00704573814790305,-2.102351770483337,-2.127731184378696,-2.1107692879953652,-2.1325667751991104,Static grid search,,1.0
Static grid candidate 011,Direct daily source P&L,1.0293949004299061,4719,18.726190476190474,0.291111487962771,0.25550346596916756,0.32498092837189035,0.909298372599175,-0.46701541821377446,-0.13244178812103738,-0.59738655601955,-0.06662073462379148,-0.00019939051578449812,0.006479581225406216,-2.1138907925107873,-2.079278822078778,-2.068881992969403,-2.0911984102800574,Static grid search,,1.0
Static grid candidate 285,Direct daily source P&L,1.042486368263868,4719,18.726190476190474,0.32708228027565545,0.2829827581570618,0.3249804765124874,0.9936793722676344,-0.4897780141335967,-0.11925996875148162,-0.4906749659801035,-0.030649942310907008,-9.056581383112837e-05,0.0029228507272800854,-2.1285440713817647,-2.107407155305964,-2.092531756731403,-2.0823882323857523,Static grid search,,1.0
Static grid candidate 123,Direct daily source P&L,1.058987348461922,4719,18.726190476190474,0.3035783540289936,0.26511306307890575,0.3249847239135405,0.9387431354060907,-0.5106059635390066,-0.14282027482195914,-0.528187109584477,-0.054153868557568874,-0.00016141611930732487,0.005105958082265076,-2.171674068444229,-2.0694386589099754,-2.144901963634282,-1.9810036144635828,Static grid search,,1.0
"Nested grid: log, 156w, top 1, default vol",Direct daily source P&L,1.0262674535772693,4719,18.726190476190474,0.26772526217431647,0.23722416232912374,0.32498571736521564,0.8532763259131225,-0.608888585054564,-0.16118152873446195,-0.6755698269810306,-0.09000696041224598,-0.0002716411712327801,0.008512906593202276,-2.1920109274833437,-2.163922805163977,-2.1693380847088326,-2.244571223780965,,,1.0
Static grid candidate 210,Direct daily source P&L,1.0516256372213306,4719,18.726190476190474,0.30934465599506167,0.26952674944078847,0.32498228405898705,0.9523581727477828,-0.47552501343285103,-0.12487725267701884,-0.5428767104664123,-0.048387566591500786,-0.00014385704337061887,0.004305907507048575,-2.2950461455055606,-2.3877934066410385,-2.7103428745194873,-2.5875467905668117,Static grid search,,1.0
Research four-strategy ensemble,Hybrid: genuine weekly meta path bridged over baseline daily shape,0.42560672096711366,4719,18.726190476190474,0.11809949794988572,0.11163036715032217,0.3249952842664585,0.4774857335057064,-0.7685845334473117,-0.5807003664526352,3.102388696397358,-0.23963272463667673,-0.0007562917368375827,0.022563951603065544,-2.3024975910361847,-3.353362402742581,-3.968847483419013,-4.317421081241336,Equal-weight strategy ensemble,,1.0
Static grid candidate 078,Direct daily source P&L,1.0228251432931104,4719,18.726190476190474,0.2891569848652147,0.25398850464482836,0.32497993549597703,0.9045817339909819,-0.4812256452187954,-0.12286097134889842,-0.5771884788494743,-0.06857523772134777,-0.00020547348224347745,0.005947289349462095,-2.3733495226620778,-2.318620773255132,-2.272218098991646,-2.3677060757957222,Static grid search,,1.0
Static: QQQ share of equity 40%,Direct daily source P&L,1.0482880131306576,4719,18.726190476190474,0.3398646390406983,0.2925685932191265,0.3249797467383251,1.0232012498577112,-0.47947940845141857,-0.11585927817748265,-0.4920439345885676,-0.017867583545864152,-5.2491963764560775e-05,0.0015146651267717948,-2.380680872176573,-2.397805575670842,-2.3499526455234028,-2.2807056907147247,Static risk budgets,Change the QQQ versus broad-US mix while holding total direct-equity risk fixed.,1.0
"Nested grid: sharpe, 156w, top 1, default vol",Direct daily source P&L,1.0295201235953024,4719,18.726190476190474,0.2594544739608182,0.23067867003641368,0.32498785784116907,0.8332647488884196,-0.6302351430101654,-0.16889215941507102,-0.7232708659489372,-0.09827774862574423,-0.00029744975271305197,0.008567868528905998,-2.3848760219126808,-2.356672626490623,-2.3740151629274395,-2.4832264435029625,,,1.0
Static grid candidate 322,Direct daily source P&L,1.0260311476114121,4719,18.726190476190474,0.28031972444994624,0.24710983146703566,0.32498223053416897,0.8834973879957809,-0.4849498771196732,-0.13329803860301778,-0.614689018917314,-0.07741249813661621,-0.0002326655951341142,0.006683983575382668,-2.3912323773298354,-2.4457825972279297,-2.536036223878191,-2.5622319031945247,Static grid search,,1.0
Static grid candidate 451,Direct daily source P&L,1.0160458860827863,4719,18.726190476190474,0.2813864758587197,0.24794267597536054,0.32497973778568384,0.8858085192784257,-0.5412611683873436,-0.12444678077170354,-0.5074069097638159,-0.07634574672784278,-0.0002296849694719725,0.006471385000020582,-2.438149471977195,-2.415346225546434,-2.368389172912044,-2.501162066621654,Static grid search,,1.0
Static grid candidate 105,Direct daily source P&L,1.0329042506657802,4719,18.726190476190474,0.2573986200828229,0.22904499952930615,0.3249856651581829,0.8280321606167621,-0.5241391071146739,-0.14050530173184753,-0.6779697199082674,-0.10033360250373957,-0.0003041981304443564,0.00853336755247717,-2.4488437588851713,-2.500939420337171,-2.6078337676207575,-2.5411899746249142,Static grid search,,1.0
Static grid candidate 425,Direct daily source P&L,1.033809977386885,4719,18.726190476190474,0.297384387792178,0.2603502282668681,0.3249795766490822,0.9239643217965632,-0.44627657546493893,-0.11736370200863108,-0.48871392880554654,-0.060347834794384436,-0.00018047609717675555,0.0050544943427562146,-2.4528272624681597,-2.4475363368846383,-2.632016816006847,-2.6664476650272513,Static grid search,,1.0
"Nested grid: lcb, 156w, top 1, default vol",Direct daily source P&L,1.0335861913726112,4719,18.726190476190474,0.25682451628620107,0.22858831468038013,0.3249880902292472,0.8267386851609091,-0.6333915538161692,-0.15770216902712741,-0.6971371817423351,-0.10090770630036139,-0.00030586630315527754,0.008553795930963361,-2.456392358478687,-2.429202446003186,-2.4358744599466085,-2.492280564680654,,,1.0
Static grid candidate 372,Direct daily source P&L,1.020138610607694,4719,18.726190476190474,0.27921041668076696,0.2462430256257522,0.3249801782348485,0.8807493488249137,-0.4649491195989095,-0.12982555490506165,-0.5829473124078722,-0.0785218059057955,-0.00023620969327114462,0.0065597354073726345,-2.473639357503557,-2.5140296824504103,-2.5476439059845517,-2.66014986865649,Static grid search,,1.0
Static grid candidate 449,Direct daily source P&L,1.0317477326200022,4719,18.726190476190474,0.2693929502229173,0.23853879424547253,0.3249848538956452,0.8569726871903696,-0.49623456595516613,-0.141214701629315,-0.5528687015445478,-0.08833927236364514,-0.00026687403863315587,0.007390802951287109,-2.480502636696792,-2.4693140137357257,-2.62192872392923,-2.5966978299429897,Static grid search,,1.0
Static: QQQ share of equity 25%,Direct daily source P&L,1.0513019295050763,4719,18.726190476190474,0.32511886517906663,0.28150216498362957,0.3249785374032085,0.9891974038633419,-0.4886227699009845,-0.11873160277897174,-0.5250707025331917,-0.032613357407495824,-9.63461302255529e-05,0.0026335627693253316,-2.513133680207529,-2.533203209475105,-2.485004394304833,-2.414932109972957,Static risk budgets,Change the QQQ versus broad-US mix while holding total direct-equity risk fixed.,1.0
Static grid candidate 048,Direct daily source P&L,1.0325198154690802,4719,18.726190476190474,0.30150897580725844,0.2635243419383134,0.32498059653494665,0.9338887639820275,-0.4643307532168022,-0.12171464755112474,-0.5519413075482656,-0.056223246779304015,-0.00016767671737407343,0.0045714691958745205,-2.51966007308218,-2.464036460406087,-2.4487140383467976,-2.488672409140955,Static grid search,,1.0
Static grid candidate 072,Direct daily source P&L,1.0358026244548995,4719,18.726190476190474,0.28469015670350917,0.2505175660843822,0.32498316123987925,0.893787700955843,-0.5038759908195318,-0.12975453473466037,-0.5247589583556509,-0.07304206588305329,-0.00021939435818165234,0.005980172286928585,-2.520210101252473,-2.4621545190818312,-2.539584015635249,-2.4954037277531596,Static grid search,,1.0
Static: QQQ share of equity 0%,Direct daily source P&L,1.0557960678607115,4719,18.726190476190474,0.2986002527102005,0.26128695569426336,0.324976700273141,0.9270706296967719,-0.500631381810426,-0.1225485796061092,-0.578489631625789,-0.059131969876361934,-0.00017646994611497863,0.0044415568746660194,-2.7293580618242594,-2.752706468143065,-2.7053462439809945,-2.633187590576068,Static risk budgets,Change the QQQ versus broad-US mix while holding total direct-equity risk fixed.,1.0
Static grid candidate 138,Direct daily source P&L,1.0489075634853564,4719,18.726190476190474,0.28408562662293657,0.2500468904453049,0.3249838822180752,0.8922907397038888,-0.49232463898482737,-0.12469190132262226,-0.5079553230853217,-0.07364659596362588,-0.00022132496297087924,0.00553993159286851,-2.744422598612583,-2.71156198188832,-2.912513999914388,-2.8480243621038186,Static grid search,,1.0
Static grid candidate 423,Direct daily source P&L,1.034366426580505,4719,18.726190476190474,0.31684497515190024,0.2752387052418969,0.3249792870548572,0.9697836822386932,-0.4782407025132558,-0.11279382527381797,-0.4752441686651656,-0.04088724743466221,-0.00012138366803511973,0.003023944382767621,-2.757474129025389,-2.666007041341571,-2.62719839561989,-2.725082629298425,Static grid search,,1.0
"Added all sleeves ex existing trend TSMOM long-flat [26, 52, 104], weight 5%",Hybrid daily source P&L; derived/modified weekly sleeves bridged,0.183557761846787,4719,18.726190476190474,-0.46348701199532527,-0.6226645084352137,0.3249985447316605,0.18405655307622193,-0.9999991659271554,-1.0972349413226117,-24.704926189923608,-0.8212192345818877,-0.0011347222274708463,0.026296932088159773,-2.9642133983882717,-3.217112680956156,-4.1499146030105685,-3.8418074251611065,Additional systematic sleeve,"Add a separately constructed time-series-momentum sleeve, funded from the existing aggregate trend budget.",1.0
"Added all sleeves ex existing trend TSMOM long-flat [13, 26, 52], weight 5%",Hybrid daily source P&L; derived/modified weekly sleeves bridged,0.13573805875398856,4719,18.726190476190474,0.007245234328667749,0.0072191137092191705,0.32499947580119093,0.13624072865330475,-0.8340656541802209,-0.6321389532309285,25.612833813979705,-0.3504869882578947,-0.0011963894613496086,0.02705486961623944,-3.037750647906812,-3.262628575012515,-4.123165105530151,-4.447958612989768,Additional systematic sleeve,"Add a separately constructed time-series-momentum sleeve, funded from the existing aggregate trend budget.",1.0
Combined: QQQ 75% + all-sleeve TSMOM 5% + fast 4/26,Hybrid daily source P&L; derived/modified weekly sleeves bridged,0.09907005277415748,4719,18.726190476190474,-0.4761679512973811,-0.6465841637809788,0.3250004956914602,0.10735315295714579,-0.9999991645620924,-1.105483623957374,-25.241552204744135,-0.8339001738839436,-0.0012336452633387024,0.02756876992687092,-3.073957758286575,-3.3128467788233427,-4.180739265246282,-3.8992860313363162,Combined candidate,,1.0
"Added equities TSMOM long-flat [26, 52, 104], weight 5%",Hybrid daily source P&L; derived/modified weekly sleeves bridged,0.07058371140279993,4719,18.726190476190474,-0.0709895349316565,-0.07363527535731867,0.3250007078613332,0.06966606553870762,-0.9416942883859882,-0.9193378298222837,-4.760425541139631,-0.42872175751821895,-0.0012822496419537515,0.028617226707690336,-3.0780100329659033,-3.7970535126371816,-4.393931279468194,-4.414114309066471,Additional systematic sleeve,"Add a separately constructed time-series-momentum sleeve, funded from the existing aggregate trend budget.",1.0
"Added equities TSMOM long-flat [13, 26, 52], weight 5%",Hybrid daily source P&L; derived/modified weekly sleeves bridged,0.0715922812387113,4719,18.726190476190474,-0.07975780720545667,-0.08311839054650506,0.325000732753196,0.07080158565125243,-0.9536216249006486,-0.9353611540014026,-5.082475226475777,-0.4374900297920191,-0.0012807851814911446,0.02858288583331504,-3.078188478090824,-3.8050829102167523,-4.39474299425457,-4.374832716503153,Additional systematic sleeve,"Add a separately constructed time-series-momentum sleeve, funded from the existing aggregate trend budget.",1.0
"Added equities TSMOM long-short [26, 52, 104], weight 5%",Hybrid daily source P&L; derived/modified weekly sleeves bridged,0.07028762406603518,4719,18.726190476190474,-0.07089312770022715,-0.0735315066344541,0.32500067780046593,0.06981446236740821,-0.9416093134331683,-0.9192244870624245,-4.754367430557398,-0.4286253502867896,-0.0012820582571548323,0.028596625821659147,-3.079767672474058,-3.796598227454513,-4.391372740273719,-4.4128921409619455,Additional systematic sleeve,"Add a separately constructed time-series-momentum sleeve, funded from the existing aggregate trend budget.",1.0
"Added equities TSMOM long-short [13, 26, 52], weight 5%",Hybrid daily source P&L; derived/modified weekly sleeves bridged,0.07183651684733121,4719,18.726190476190474,-0.08663976226070003,-0.09062491132319521,0.325000738615604,0.07153756992975169,-0.9609799093619361,-0.9453622117336578,-5.29388234648903,-0.4443719848472625,-0.0012798359954176827,0.028528143955539955,-3.081809516360249,-3.8116277125209646,-4.392483381276189,-4.34836841476998,Additional systematic sleeve,"Add a separately constructed time-series-momentum sleeve, funded from the existing aggregate trend budget.",1.0
Combined: QQQ 75% + styles 15% + TSMOM 5% + fast 4/26,Hybrid daily source P&L; derived/modified weekly sleeves bridged,0.08919374420433702,4719,18.726190476190474,-0.4773481910553805,-0.6488397939080627,0.3250006381452866,0.09924199746763762,-0.9999991648941899,-1.1085367963595465,-25.447404308140623,-0.835080413641943,-0.0012441060789501713,0.027718844187953184,-3.0832396589744286,-3.31850436206289,-4.176174434913245,-3.894471349323432,Combined candidate,,1.0
Combined: QQQ 75% + all-sleeve TSMOM 5%,Hybrid daily source P&L; derived/modified weekly sleeves bridged,0.09361079656452666,4719,18.726190476190474,-0.47764414869493044,-0.6494062158755188,0.3250003787698293,0.09739293904548765,-0.9999991648761167,-1.1088409782564925,-25.47706305744791,-0.8353763712814929,-0.001246490777312071,0.027633291431856943,-3.098713619181097,-3.3369328339477544,-4.204840313319744,-3.9114148719892117,Combined candidate,,1.0
"Added all sleeves ex existing trend TSMOM long-short [26, 52, 104], weight 5%",Hybrid daily source P&L; derived/modified weekly sleeves bridged,0.09205756335159838,4719,18.726190476190474,-0.4783334698445264,-0.6507267263588251,0.3250002889956512,0.09287429377487831,-0.9999991653444982,-1.1100300194430661,-25.558662374222102,-0.8360656924310889,-0.0012523183952205948,0.027656863860816193,-3.1105473498206098,-3.3486882648661966,-4.218823084804261,-3.9193306736795184,Additional systematic sleeve,"Add a separately constructed time-series-momentum sleeve, funded from the existing aggregate trend budget.",1.0
"Added all sleeves ex existing trend TSMOM long-flat [26, 52, 104], weight 10%",Hybrid daily source P&L; derived/modified weekly sleeves bridged,0.09083662932490238,4719,18.726190476190474,-0.4790500378518825,-0.6521012837832857,0.3250003932459521,0.08891778205398317,-0.9999991646637869,-1.1092906930386714,-25.499147023267696,-0.836782260438445,-0.0012574210393050827,0.027689641655819053,-3.119524321886425,-3.357589953621364,-4.228838891184597,-3.9288158007743648,Additional systematic sleeve,"Add a separately constructed time-series-momentum sleeve, funded from the existing aggregate trend budget.",1.0
"Added equities TSMOM long-flat [26, 52, 104], weight 10%",Hybrid daily source P&L; derived/modified weekly sleeves bridged,0.03545471923103874,4719,18.726190476190474,-0.08150889458609656,-0.08502305819104371,0.3250014059734258,0.03356221136755287,-0.9411313876603422,-0.9187410856298495,-4.66934492288256,-0.439241117172659,-0.0013288121522935345,0.029112800847052693,-3.1354840100782586,-3.829353559654949,-4.408426545940625,-4.4332230250788704,Additional systematic sleeve,"Add a separately constructed time-series-momentum sleeve, funded from the existing aggregate trend budget.",1.0
"Added equities TSMOM long-flat [13, 26, 52], weight 10%",Hybrid daily source P&L; derived/modified weekly sleeves bridged,0.035857402212379805,4719,18.726190476190474,-0.09051361277943848,-0.09487524845805897,0.3250014406714336,0.03408348973233823,-0.9533744925664721,-0.9351538019462017,-4.996994132878811,-0.44824583536600093,-0.0013281398686881567,0.029087542282182615,-3.13661904302391,-3.8377442390241288,-4.409514868009636,-4.39552639710043,Additional systematic sleeve,"Add a separately constructed time-series-momentum sleeve, funded from the existing aggregate trend budget.",1.0
"Added equities TSMOM long-short [26, 52, 104], weight 10%",Hybrid daily source P&L; derived/modified weekly sleeves bridged,0.035109007257650975,4719,18.726190476190474,-0.08067049404791182,-0.08411067251949324,0.32500137368841586,0.03371534162182739,-0.9398914782325545,-0.9170920294116384,-4.632265027406747,-0.4384027166344743,-0.0013286146628782994,0.029092795682925117,-3.137173752849818,-3.82811882244939,-4.405854373026135,-4.435396570462697,Additional systematic sleeve,"Add a separately constructed time-series-momentum sleeve, funded from the existing aggregate trend budget.",1.0
"Added equities TSMOM long-short [13, 26, 52], weight 10%",Hybrid daily source P&L; derived/modified weekly sleeves bridged,0.03570057475956503,4719,18.726190476190474,-0.09733977536819993,-0.10240907031437407,0.32500144981896156,0.034484819021796564,-0.9607072171064602,-0.9450996722598676,-5.206179869380139,-0.4550719979547624,-0.001327622281310879,0.029038327625189694,-3.1407106001675373,-3.844065273602917,-4.407306557801221,-4.370706190306211,Additional systematic sleeve,"Add a separately constructed time-series-momentum sleeve, funded from the existing aggregate trend budget.",1.0
"Added all sleeves ex existing trend TSMOM long-short [13, 26, 52], weight 5%",Hybrid daily source P&L; derived/modified weekly sleeves bridged,0.06764051961435663,4719,18.726190476190474,-0.014784610658274078,-0.014894992332250312,0.3250007746940959,0.06837986414183926,-0.8370464665233338,-0.6362798500935983,26.140597378474535,-0.37251683324483653,-0.0012839084334378078,0.028046482041151535,-3.1447103218505483,-3.357960753945929,-4.173957760101921,-4.457627226443806,Additional systematic sleeve,"Add a separately constructed time-series-momentum sleeve, funded from the existing aggregate trend budget.",1.0
"Added all sleeves ex existing trend TSMOM long-flat [13, 26, 52], weight 10%",Hybrid daily source P&L; derived/modified weekly sleeves bridged,0.06671352955318363,4719,18.726190476190474,-0.015712246100246796,-0.01583699185507536,0.3250008516460865,0.06544215830473685,-0.8368039899049732,-0.6358770521072069,26.117573236505763,-0.37344446868680925,-0.0012876971413626423,0.028069308302609695,-3.151425244264362,-3.36429521907617,-4.180990609456885,-4.462815227377787,Additional systematic sleeve,"Add a separately constructed time-series-momentum sleeve, funded from the existing aggregate trend budget.",1.0
"Added equities TSMOM long-flat [26, 52, 104], weight 15%",Hybrid daily source P&L; derived/modified weekly sleeves bridged,0.02391669955136482,4719,18.726190476190474,-0.08458933807910207,-0.08838250354956562,0.3250016312992408,0.021558794093314685,-0.9403361619485563,-0.9177348341755583,-4.6236600390551,-0.4423215606656645,-0.0013442927499686434,0.02927700078230412,-3.1542220307207476,-3.8391935252743665,-4.412564814695586,-4.440138008055238,Additional systematic sleeve,"Add a separately constructed time-series-momentum sleeve, funded from the existing aggregate trend budget.",1.0
"Added equities TSMOM long-flat [13, 26, 52], weight 15%",Hybrid daily source P&L; derived/modified weekly sleeves bridged,0.02410097889065476,4719,18.726190476190474,-0.09351310973433002,-0.09817871081605298,0.3250016705159956,0.021882678373121973,-0.9526479905065971,-0.9342159149744841,-4.952027124686345,-0.4512453323208925,-0.0013438750420680982,0.02925517486402008,-3.15559441551926,-3.8475858153846847,-4.413661903450359,-4.403159619498457,Additional systematic sleeve,"Add a separately constructed time-series-momentum sleeve, funded from the existing aggregate trend budget.",1.0
"Added equities TSMOM long-short [26, 52, 104], weight 15%",Hybrid daily source P&L; derived/modified weekly sleeves bridged,0.0235499957127593,4719,18.726190476190474,-0.08289937828638971,-0.08653808350490684,0.32500160275584905,0.021689261545159218,-0.9376720386264709,-0.9141996097805272,-4.548793973995116,-0.44063160087295217,-0.0013441244883740024,0.029257748739581976,-3.155902491209661,-3.8371653996126667,-4.410029829880205,-4.446364228140265,Additional systematic sleeve,"Add a separately constructed time-series-momentum sleeve, funded from the existing aggregate trend budget.",1.0
"Added equities TSMOM long-short [13, 26, 52], weight 15%",Hybrid daily source P&L; derived/modified weekly sleeves bridged,0.023807381883586408,4719,18.726190476190474,-0.09989789295385743,-0.1052470698195571,0.32500168166932913,0.022124622216728108,-0.9596562020835704,-0.9437059166865317,-5.151909558669194,-0.4576301155404199,-0.0013435630113174158,0.02920807271954927,-3.1599493868220394,-3.8537223418368356,-4.411673727435028,-4.380195570030584,Additional systematic sleeve,"Add a separately constructed time-series-momentum sleeve, funded from the existing aggregate trend budget.",1.0
"Growth sleeve via 3x QQQ daily-reset wrapper, replace 25%",Hybrid daily source P&L; derived/modified weekly sleeves bridged,0.03198650227913459,4719,18.726190476190474,-0.027420302593593626,-0.027803255786768094,0.32500146471018676,0.03232248899676513,-0.8171158979633689,-0.5583121043080995,17.04237089753686,-0.3851525251801561,-0.0013304110005891933,0.028903137608186642,-3.162028829946391,-3.462885946853088,-4.219253063726374,-4.632474584230692,Leveraged wrapper,Test whether a daily-reset leveraged implementation improves same-volatility portfolio growth after its embedded drag.,1.0
"Growth sleeve via 55% 3x QQQ plus cash wrapper, replace 25%",Hybrid daily source P&L; derived/modified weekly sleeves bridged,0.03198662902449669,4719,18.726190476190474,-0.027420275542766936,-0.02780322797328769,0.3250014647041339,0.03232253418425924,-0.8171158331112367,-0.5583124058491945,17.042402951470475,-0.3851524981293294,-0.0013304109423116712,0.028903134589537874,-3.162029021679275,-3.4628857963074764,-4.219253333894406,-4.632474531775473,Leveraged wrapper,Test whether a daily-reset leveraged implementation improves same-volatility portfolio growth after its embedded drag.,1.0
"Added equities TSMOM long-flat [26, 52, 104], weight 20%",Hybrid daily source P&L; derived/modified weekly sleeves bridged,0.018269895475347932,4719,18.726190476190474,-0.08618122062088451,-0.09012299920057842,0.32500174049418185,0.015603614110937735,-0.9400430952832691,-0.91737130432343,-4.603735989943919,-0.44391344320744697,-0.0013519730416125817,0.029358699547681458,-3.163415265567693,-3.843925961191596,-4.414370721269402,-4.442881207624025,Additional systematic sleeve,"Add a separately constructed time-series-momentum sleeve, funded from the existing aggregate trend budget.",1.0
"Added equities TSMOM long-flat [13, 26, 52], weight 20%",Hybrid daily source P&L; derived/modified weekly sleeves bridged,0.01833923984625977,4719,18.726190476190474,-0.09495545510434822,-0.099771115614346,0.3250017792023684,0.015809129822187188,-0.9522247290224197,-0.9336668157564798,-4.928128000317633,-0.4526876776909107,-0.001351707991588153,0.02933898020662922,-3.1649208686461954,-3.852257815676326,-4.415508239768775,-4.406787268929884,Additional systematic sleeve,"Add a separately constructed time-series-momentum sleeve, funded from the existing aggregate trend budget.",1.0
"Added equities TSMOM long-short [26, 52, 104], weight 20%",Hybrid daily source P&L; derived/modified weekly sleeves bridged,0.017894249947579682,4719,18.726190476190474,-0.08359741727107917,-0.0872995100644278,0.32500171330918165,0.01572844067770896,-0.9358433473046555,-0.9118065684466075,-4.488292894100447,-0.4413296398576416,-0.0013518120549689287,0.029340621662707858,-3.164987450502414,-3.8409361037064618,-4.411719419077626,-4.453264507441687,Additional systematic sleeve,"Add a separately constructed time-series-momentum sleeve, funded from the existing aggregate trend budget.",1.0
"Added equities TSMOM long-short [13, 26, 52], weight 20%",Hybrid daily source P&L; derived/modified weekly sleeves bridged,0.01796992195698302,4719,18.726190476190474,-0.10075348259300487,-0.10619806918899856,0.3250017921486896,0.01596817032513291,-0.9586996703512022,-0.9424248839538584,-5.113325003569406,-0.4584857051795673,-0.0013515028798284014,0.029293793863397803,-3.1693218367642904,-3.8579356027377645,-4.413502382673935,-4.385863581948758,Additional systematic sleeve,"Add a separately constructed time-series-momentum sleeve, funded from the existing aggregate trend budget.",1.0
"Added all sleeves ex existing trend TSMOM long-flat [26, 52, 104], weight 15%",Hybrid daily source P&L; derived/modified weekly sleeves bridged,0.059693963039721104,4719,18.726190476190474,-0.48440086969889595,-0.662425694689078,0.3250010122333366,0.05652394228588134,-0.9999991640370818,-1.1109368275314002,-25.60254118244087,-0.8421330922854584,-0.0012991988088472775,0.02815003891251915,-3.1704550692045315,-3.40295562207332,-4.2527199928832085,-3.959951726113549,Additional systematic sleeve,"Add a separately constructed time-series-momentum sleeve, funded from the existing aggregate trend budget.",1.0
Combined: QQQ 75% + all-sleeve TSMOM 10% + fast 4/26,Hybrid daily source P&L; derived/modified weekly sleeves bridged,0.04771612023789853,4719,18.726190476190474,-0.4854017240414903,-0.6643687293956246,0.32500134577542616,0.050802438460898325,-0.9999991638662827,-1.1102876235445764,-25.55944836742812,-0.8431339466280527,-0.0013065777324310851,0.02830662757289325,-3.1708238055025393,-3.4011416565070545,-4.238514109117309,-3.957950397016671,Combined candidate,,1.0
Combined: QQQ 75% + all-sleeve TSMOM 10%,Hybrid daily source P&L; derived/modified weekly sleeves bridged,0.045462831301326175,4719,18.726190476190474,-0.48602793123087606,-0.6655863559195939,0.3250012752701258,0.04656544048889709,-0.9999991640055026,-1.1115747527591024,-25.65027366364328,-0.8437601538174385,-0.0013120421147362453,0.028330857635857843,-3.181361656686595,-3.4113360001069775,-4.248931434647749,-3.9631497673327356,Combined candidate,,1.0
"Added all sleeves ex existing trend TSMOM long-short [26, 52, 104], weight 10%",Hybrid daily source P&L; derived/modified weekly sleeves bridged,0.044719533076399885,4719,18.726190476190474,-0.48633021522201125,-0.6661746620474737,0.3250012297980758,0.044327358923572924,-0.9999991642281081,-1.1126932171899333,-25.72902904730009,-0.8440624378085737,-0.0013149285294534294,0.028341219970035622,-3.187194710556288,-3.4168365008243398,-4.2554676162381115,-3.965270952432342,Additional systematic sleeve,"Add a separately constructed time-series-momentum sleeve, funded from the existing aggregate trend budget.",1.0
"Growth sleeve via 3x QQQ daily-reset wrapper, replace 50%",Hybrid daily source P&L; derived/modified weekly sleeves bridged,0.01601756327760369,4719,18.726190476190474,-0.03255587262043669,-0.033097605224253306,0.3250017800050872,0.016048589138573724,-0.8295253078618118,-0.5581459859606206,17.039863459039285,-0.39028809520699914,-0.0013513991650888448,0.029124309207703755,-3.1875206113603634,-3.4841525592896687,-4.230651888833023,-4.632736639831801,Leveraged wrapper,Test whether a daily-reset leveraged implementation improves same-volatility portfolio growth after its embedded drag.,1.0
"Growth sleeve via 55% 3x QQQ plus cash wrapper, replace 50%",Hybrid daily source P&L; derived/modified weekly sleeves bridged,0.016017808074638866,4719,18.726190476190474,-0.03255584474808415,-0.03309757641395683,0.3250017799897161,0.016048636885545756,-0.8295252405293116,-0.558146288666355,17.039895626861266,-0.3902880673346466,-0.0013513991035104089,0.029124304116664536,-3.187521023307138,-3.484152720846743,-4.230652744317226,-4.6327370609184815,Leveraged wrapper,Test whether a daily-reset leveraged implementation improves same-volatility portfolio growth after its embedded drag.,1.0
"Added all sleeves ex existing trend TSMOM long-flat [13, 26, 52], weight 15%",Hybrid daily source P&L; derived/modified weekly sleeves bridged,0.043718511821358566,4719,18.726190476190474,-0.02333057002165817,-0.023607036313776412,0.32500130797220134,0.041546915078228525,-0.8389169786913137,-0.6363281579377238,26.189416533069597,-0.3810627926082206,-0.0013185144193333378,0.028404509168463574,-3.1887655043910987,-3.3974198783446043,-4.199036974475245,-4.467263694110724,Additional systematic sleeve,"Add a separately constructed time-series-momentum sleeve, funded from the existing aggregate trend budget.",1.0
"Added all sleeves ex existing trend TSMOM long-flat [26, 52, 104], weight 20%",Hybrid daily source P&L; derived/modified weekly sleeves bridged,0.04435554922022299,4719,18.726190476190474,-0.4871061623628622,-0.6676863994043877,0.32500132419656663,0.04026593446723912,-0.9999991636294915,-1.111123128655292,-25.609620754097744,-0.8448383849494246,-0.0013201664776610026,0.0283796391159568,-3.1955588563143844,-3.4251745661974202,-4.263888088935421,-3.9761333402797465,Additional systematic sleeve,"Add a separately constructed time-series-momentum sleeve, funded from the existing aggregate trend budget.",1.0
"Added commodities TSMOM long-short [26, 52, 104], weight 5%",Hybrid daily source P&L; derived/modified weekly sleeves bridged,0.06254549453849267,4719,18.726190476190474,-0.15858192620284917,-0.1726666274322824,0.32500088016516127,0.06256995289600496,-0.9894371627533067,-0.9876213051176792,-17.38382428534008,-0.5163141487894116,-0.0012914013745286659,0.027745638087257135,-3.197359841236038,-3.5609347665748188,-4.341126113733437,-4.297261574329476,Additional systematic sleeve,"Add a separately constructed time-series-momentum sleeve, funded from the existing aggregate trend budget.",1.0
"Added commodities TSMOM long-short [13, 26, 52], weight 5%",Hybrid daily source P&L; derived/modified weekly sleeves bridged,0.07708519298491195,4719,18.726190476190474,-0.03621145727728026,-0.03688336245527867,0.3250005673471761,0.07680303964117818,-0.8095518962762568,-0.8059734931272914,2.2685484885998872,-0.3939436798638427,-0.0012730452110676289,0.027333738663966763,-3.199409119256458,-3.9786112991768308,-4.539233775545547,-4.550771246474925,Additional systematic sleeve,"Add a separately constructed time-series-momentum sleeve, funded from the existing aggregate trend budget.",1.0
"Growth sleeve via 3x QQQ daily-reset wrapper, replace 100%",Hybrid daily source P&L; derived/modified weekly sleeves bridged,0.008033765912521178,4719,18.726190476190474,-0.03511994419967246,-0.035751479875786266,0.32500193768559915,0.007908844309031184,-0.835394166648343,-0.5578296170870419,17.015112729619805,-0.3928521667862349,-0.001361896851872977,0.029234583436983305,-3.2001644372786706,-3.494862355025015,-4.236350887055676,-4.633078212486174,Leveraged wrapper,Test whether a daily-reset leveraged implementation improves same-volatility portfolio growth after its embedded drag.,1.0
"Growth sleeve via 55% 3x QQQ plus cash wrapper, replace 100%",Hybrid daily source P&L; derived/modified weekly sleeves bridged,0.008034247989123429,4719,18.726190476190474,-0.03511992015737997,-0.035751454958396316,0.32500193765253876,0.007908879130579811,-0.8353941088762373,-0.5578299180342832,17.015144761585073,-0.3928521427439424,-0.0013618968069642342,0.029234575506993928,-3.200165199809493,-3.494863190330665,-4.236352965086118,-4.633079650583068,Leveraged wrapper,Test whether a daily-reset leveraged implementation improves same-volatility portfolio growth after its embedded drag.,1.0
"Added all sleeves ex existing trend TSMOM long-short [13, 26, 52], weight 10%",Hybrid daily source P&L; derived/modified weekly sleeves bridged,0.032733382783779484,4719,18.726190476190474,-0.026186449980022064,-0.026535420748316933,0.32500146802427815,0.03258761092072436,-0.8405703346398458,-0.6370565483450384,26.260177131347866,-0.3839186725665845,-0.001330069077472976,0.028545258822619286,-3.2008490993135723,-3.4076050558742925,-4.201479292222263,-4.46443261724255,Additional systematic sleeve,"Add a separately constructed time-series-momentum sleeve, funded from the existing aggregate trend budget.",1.0
"Added all sleeves ex existing trend TSMOM long-flat [13, 26, 52], weight 20%",Hybrid daily source P&L; derived/modified weekly sleeves bridged,0.0323987493701589,4719,18.726190476190474,-0.027126780615283508,-0.02750150396537574,0.3250015372021626,0.029558741127066687,-0.8401853299586067,-0.6363133204405762,26.196055894929284,-0.38485900320184596,-0.0013339753579608283,0.028571737371819672,-3.2072746102777008,-3.4138265587951815,-4.207705527915565,-4.4694311646613665,Additional systematic sleeve,"Add a separately constructed time-series-momentum sleeve, funded from the existing aggregate trend budget.",1.0
"Added all sleeves ex existing trend TSMOM long-short [26, 52, 104], weight 15%",Hybrid daily source P&L; derived/modified weekly sleeves bridged,0.02904502113586232,4719,18.726190476190474,-0.4890213319176282,-0.671427435085469,0.3250015433509481,0.028091550155626907,-0.9999991638212092,-1.112883771238656,-25.737127129256006,-0.8467535545041907,-0.0013358675685390738,0.028567721251505123,-3.212275574949314,-3.438952871403284,-4.2668208646060295,-3.981048606782222,Additional systematic sleeve,"Add a separately constructed time-series-momentum sleeve, funded from the existing aggregate trend budget.",1.0
"Added all sleeves ex existing trend TSMOM long-short [13, 26, 52], weight 15%",Hybrid daily source P&L; derived/modified weekly sleeves bridged,0.021188474441054646,4719,18.726190476190474,-0.029956271546861757,-0.030414127621296937,0.3250016979869127,0.020647964276235015,-0.8418124239609458,-0.6370388021745681,26.26622767570718,-0.3876884941334242,-0.0013454674312803534,0.02871064605220906,-3.2192537708744777,-3.4238533795194943,-4.2102067858484835,-4.466589074117679,Additional systematic sleeve,"Add a separately constructed time-series-momentum sleeve, funded from the existing aggregate trend budget.",1.0
"Added all sleeves ex existing trend TSMOM long-short [26, 52, 104], weight 20%",Hybrid daily source P&L; derived/modified weekly sleeves bridged,0.02134579252005813,4719,18.726190476190474,-0.49037114178049646,-0.6740725471684019,0.32500169770916876,0.01996579746116321,-0.999999163598494,-1.1128482336755714,-25.73199014188512,-0.8481033643670589,-0.001346347209910902,0.02868092864033742,-3.224696560605622,-3.449840186484156,-4.2722354045690825,-3.9889418091191544,Additional systematic sleeve,"Add a separately constructed time-series-momentum sleeve, funded from the existing aggregate trend budget.",1.0
"Added all sleeves ex existing trend TSMOM long-short [13, 26, 52], weight 20%",Hybrid daily source P&L; derived/modified weekly sleeves bridged,0.015507458269842359,4719,18.726190476190474,-0.03183722271784639,-0.03235504749325783,0.3250018115846097,0.014668209348671085,-0.8423906628796731,-0.6369256789582962,26.256597361458617,-0.38956944530440885,-0.0013531794168020132,0.028793473978146585,-3.2283923195227757,-3.431950317236862,-4.214481993024909,-4.4677292059768146,Additional systematic sleeve,"Add a separately constructed time-series-momentum sleeve, funded from the existing aggregate trend budget.",1.0
"Added commodities TSMOM long-flat [26, 52, 104], weight 5%",Hybrid daily source P&L; derived/modified weekly sleeves bridged,0.01446387632683093,4719,18.726190476190474,-0.03200309147750102,-0.03252638538576459,0.32500183398118265,0.01433797728309567,-0.841985872655244,-0.6404480849752014,26.67181793287922,-0.3897353140640635,-0.001353605311331029,0.028729072391336406,-3.2366477341176494,-3.442489368054028,-4.218609749930895,-4.459503934421092,Additional systematic sleeve,"Add a separately constructed time-series-momentum sleeve, funded from the existing aggregate trend budget.",1.0
"Added commodities TSMOM long-flat [13, 26, 52], weight 5%",Hybrid daily source P&L; derived/modified weekly sleeves bridged,0.013557199204171637,4719,18.726190476190474,-0.03226606425446976,-0.032798089253443456,0.32500184854076175,0.01341347099719608,-0.8402612909926378,-0.6387534926116838,26.467796505486664,-0.3899982868410322,-0.00135479763094578,0.028732951607757986,-3.2390613640707757,-3.4476198991732017,-4.221883952864685,-4.464318663332267,Additional systematic sleeve,"Add a separately constructed time-series-momentum sleeve, funded from the existing aggregate trend budget.",1.0
"Added commodities TSMOM long-flat [26, 52, 104], weight 10%",Hybrid daily source P&L; derived/modified weekly sleeves bridged,0.0068841139083419805,4719,18.726190476190474,-0.034448090824707234,-0.03505541452431999,0.3250019850010663,0.006571500254346309,-0.8428655570738455,-0.6407865754780518,26.7181944571386,-0.3921803134112697,-0.0013636216011498525,0.028837652246006217,-3.248321155556733,-3.4521548689572,-4.223653250827844,-4.459834271017056,Additional systematic sleeve,"Add a separately constructed time-series-momentum sleeve, funded from the existing aggregate trend budget.",1.0
"Added commodities TSMOM long-short [26, 52, 104], weight 10%",Hybrid daily source P&L; derived/modified weekly sleeves bridged,0.029793575757499583,4719,18.726190476190474,-0.2044512439582693,-0.22872314327510918,0.32500153247388097,0.02905581357870198,-0.9955421796930228,-0.9947759723380567,-17.78662602721612,-0.5621834665448318,-0.0013346239748386797,0.028223225605202195,-3.248458055389801,-3.5983734210829685,-4.35848657605052,-4.303497205705183,Additional systematic sleeve,"Add a separately constructed time-series-momentum sleeve, funded from the existing aggregate trend budget.",1.0
"Added commodities TSMOM long-flat [13, 26, 52], weight 10%",Hybrid daily source P&L; derived/modified weekly sleeves bridged,0.006440539702964383,4719,18.726190476190474,-0.034562390738600235,-0.03517379933473423,0.3250019902533282,0.006123297694327919,-0.8430020853893795,-0.6391960095891636,26.526049199452924,-0.3922946133251627,-0.0013641996401657494,0.028835340508733473,-3.249958647666279,-3.4564160724569675,-4.226438273934065,-4.464260908006622,Additional systematic sleeve,"Add a separately constructed time-series-momentum sleeve, funded from the existing aggregate trend budget.",1.0
"Added commodities TSMOM long-flat [26, 52, 104], weight 15%",Hybrid daily source P&L; derived/modified weekly sleeves bridged,0.00438523739123831,4719,18.726190476190474,-0.03526563257856585,-0.035902482456838095,0.32500203480717876,0.0039829155446858555,-0.8432607287591222,-0.6411327357150364,26.76202275420341,-0.3929978551651283,-0.0013669600536523907,0.028875523046831594,-3.252003111290858,-3.45474377474548,-4.2248767021451785,-4.459230495670093,Additional systematic sleeve,"Add a separately constructed time-series-momentum sleeve, funded from the existing aggregate trend budget.",1.0
"Added commodities TSMOM long-flat [13, 26, 52], weight 15%",Hybrid daily source P&L; derived/modified weekly sleeves bridged,0.004091302092581192,4719,18.726190476190474,-0.03533246941154056,-0.0359717648941257,0.3250020370570682,0.003692025882896763,-0.8442146560899658,-0.6396763693337044,26.585606141498,-0.393064691998103,-0.0013673352089701746,0.02887153717216414,-3.2533446873518743,-3.4585197698553722,-4.227380044843969,-4.46327844631506,Additional systematic sleeve,"Add a separately constructed time-series-momentum sleeve, funded from the existing aggregate trend budget.",1.0
"Added commodities TSMOM long-flat [26, 52, 104], weight 20%",Hybrid daily source P&L; derived/modified weekly sleeves bridged,0.0031582949819321765,4719,18.726190476190474,-0.0356737986262482,-0.03632565844247119,0.32500205960584877,0.002700812962911072,-0.8435480925703898,-0.6415067719504502,26.808454251774396,-0.39340602121281065,-0.0013686135589661879,0.028895874357660972,-3.2536436563874456,-3.455481622466382,-4.22507322694323,-4.458311931866407,Additional systematic sleeve,"Add a separately constructed time-series-momentum sleeve, funded from the existing aggregate trend budget.",1.0
"Added commodities TSMOM long-flat [13, 26, 52], weight 20%",Hybrid daily source P&L; derived/modified weekly sleeves bridged,0.0029368235083595566,4719,18.726190476190474,-0.035719929616113255,-0.03637349712323159,0.32500206035973883,0.0024833054209808404,-0.8445275253358804,-0.6402044422593004,26.65025164157754,-0.3934521522026757,-0.0013688940746452644,0.028891405423972262,-3.2548139122351207,-3.4588505614256255,-4.227347596594657,-4.4619644048683345,Additional systematic sleeve,"Add a separately constructed time-series-momentum sleeve, funded from the existing aggregate trend budget.",1.0
"Added commodities TSMOM long-short [13, 26, 52], weight 10%",Hybrid daily source P&L; derived/modified weekly sleeves bridged,0.03724760709731684,4719,18.726190476190474,-0.0486389413508469,-0.049861626398518606,0.3250013600523648,0.03602243521311055,-0.8043356347930304,-0.8029429822422922,2.177244427186543,-0.40637116393740935,-0.0013256392445562084,0.02791734652116755,-3.2619417697281308,-4.009412574537547,-4.5500048152287285,-4.565074513998363,Additional systematic sleeve,"Add a separately constructed time-series-momentum sleeve, funded from the existing aggregate trend budget.",1.0
"Added commodities TSMOM long-short [26, 52, 104], weight 15%",Hybrid daily source P&L; derived/modified weekly sleeves bridged,0.01894678385606667,4719,18.726190476190474,-0.4977154308682664,-0.6885884491206083,0.3250017495088962,0.017843126865719816,-0.9999991474519896,-1.002233829301065,-18.23974687433987,-0.8554476534548289,-0.001349084781115343,0.028386620154999324,-3.2647546213339553,-3.6053580963757836,-4.361085125127434,-4.293264130472047,Additional systematic sleeve,"Add a separately constructed time-series-momentum sleeve, funded from the existing aggregate trend budget.",1.0
"Added commodities TSMOM long-short [26, 52, 104], weight 20%",Hybrid daily source P&L; derived/modified weekly sleeves bridged,0.013591652613347372,4719,18.726190476190474,-0.49806579033262033,-0.689286224318536,0.32500185790132685,0.012247366832982817,-0.999999148596871,-1.0110858156437263,-18.792163255055957,-0.8557980129191828,-0.0013563015351258172,0.028473244718109584,-3.272233460406451,-3.603610893788873,-4.359373455698736,-4.275745172884543,Additional systematic sleeve,"Add a separately constructed time-series-momentum sleeve, funded from the existing aggregate trend budget.",1.0
"Added commodities TSMOM long-short [13, 26, 52], weight 15%",Hybrid daily source P&L; derived/modified weekly sleeves bridged,0.024125009671665077,4719,18.726190476190474,-0.05238061929478122,-0.053802354495068844,0.3250016222896791,0.022425401081458907,-0.8063955303523052,-0.7977230579978198,1.940783832021676,-0.41011284188134367,-0.001343175102067267,0.028112045857346418,-3.282200965778615,-4.012804521571654,-4.550614792667522,-4.574822844531127,Additional systematic sleeve,"Add a separately constructed time-series-momentum sleeve, funded from the existing aggregate trend budget.",1.0
"Added commodities TSMOM long-short [13, 26, 52], weight 20%",Hybrid daily source P&L; derived/modified weekly sleeves bridged,0.01771950059954871,4719,18.726190476190474,-0.053921127818589376,-0.055429339006756874,0.32500175245013957,0.01567047728397177,-0.8096476583850466,-0.7905766129814242,1.5859958530486211,-0.41165335040515183,-0.0013518868093457723,0.028211029517392613,-3.2918981047971427,-4.007247011137721,-4.547798261704975,-4.585070692760611,Additional systematic sleeve,"Add a separately constructed time-series-momentum sleeve, funded from the existing aggregate trend budget.",1.0
Baseline: current 40/25/12/10/8/5,Direct daily source P&L,1.044134516463042,4719,18.726190476190474,0.35773222258656245,0.305815824557881,0.32498148957434453,1.0639027109920782,-0.465101360657762,-0.11313045925095365,-0.44997380986609214,0.0,0.0,0.0,,,,,Baseline,"Current sleeve risk budgets, normalized to 32.5% realized volatility.",
"High-correlation defensive tilt: 26w, q70%, cut 25%",Direct daily source P&L,1.044134516463042,4719,18.726190476190474,0.35773222258656245,0.305815824557881,0.32498148957434453,1.0639027109920782,-0.465101360657762,-0.11313045925095365,-0.44997380986609214,0.0,0.0,0.0,,,,,Regime allocation,"Shift risk toward trend, rates and styles when cross-sleeve correlations are unusually high.",
"High-correlation defensive tilt: 26w, q70%, cut 50%",Direct daily source P&L,1.044134516463042,4719,18.726190476190474,0.35773222258656245,0.305815824557881,0.32498148957434453,1.0639027109920782,-0.465101360657762,-0.11313045925095365,-0.44997380986609214,0.0,0.0,0.0,,,,,Regime allocation,"Shift risk toward trend, rates and styles when cross-sleeve correlations are unusually high.",
"High-correlation defensive tilt: 26w, q80%, cut 25%",Direct daily source P&L,1.044134516463042,4719,18.726190476190474,0.35773222258656245,0.305815824557881,0.32498148957434453,1.0639027109920782,-0.465101360657762,-0.11313045925095365,-0.44997380986609214,0.0,0.0,0.0,,,,,Regime allocation,"Shift risk toward trend, rates and styles when cross-sleeve correlations are unusually high.",
"High-correlation defensive tilt: 26w, q80%, cut 50%",Direct daily source P&L,1.044134516463042,4719,18.726190476190474,0.35773222258656245,0.305815824557881,0.32498148957434453,1.0639027109920782,-0.465101360657762,-0.11313045925095365,-0.44997380986609214,0.0,0.0,0.0,,,,,Regime allocation,"Shift risk toward trend, rates and styles when cross-sleeve correlations are unusually high.",
"High-correlation defensive tilt: 26w, q90%, cut 25%",Direct daily source P&L,1.044134516463042,4719,18.726190476190474,0.35773222258656245,0.305815824557881,0.32498148957434453,1.0639027109920782,-0.465101360657762,-0.11313045925095365,-0.44997380986609214,0.0,0.0,0.0,,,,,Regime allocation,"Shift risk toward trend, rates and styles when cross-sleeve correlations are unusually high.",
"High-correlation defensive tilt: 26w, q90%, cut 50%",Direct daily source P&L,1.044134516463042,4719,18.726190476190474,0.35773222258656245,0.305815824557881,0.32498148957434453,1.0639027109920782,-0.465101360657762,-0.11313045925095365,-0.44997380986609214,0.0,0.0,0.0,,,,,Regime allocation,"Shift risk toward trend, rates and styles when cross-sleeve correlations are unusually high.",
"High-correlation defensive tilt: 52w, q80%, cut 25%",Direct daily source P&L,1.044134516463042,4719,18.726190476190474,0.35773222258656245,0.305815824557881,0.32498148957434453,1.0639027109920782,-0.465101360657762,-0.11313045925095365,-0.44997380986609214,0.0,0.0,0.0,,,,,Regime allocation,"Shift risk toward trend, rates and styles when cross-sleeve correlations are unusually high.",
"High-correlation defensive tilt: 52w, q80%, cut 50%",Direct daily source P&L,1.044134516463042,4719,18.726190476190474,0.35773222258656245,0.305815824557881,0.32498148957434453,1.0639027109920782,-0.465101360657762,-0.11313045925095365,-0.44997380986609214,0.0,0.0,0.0,,,,,Regime allocation,"Shift risk toward trend, rates and styles when cross-sleeve correlations are unusually high.",
"High-correlation defensive tilt: 52w, q90%, cut 25%",Direct daily source P&L,1.044134516463042,4719,18.726190476190474,0.35773222258656245,0.305815824557881,0.32498148957434453,1.0639027109920782,-0.465101360657762,-0.11313045925095365,-0.44997380986609214,0.0,0.0,0.0,,,,,Regime allocation,"Shift risk toward trend, rates and styles when cross-sleeve correlations are unusually high.",
"High-correlation defensive tilt: 52w, q90%, cut 50%",Direct daily source P&L,1.044134516463042,4719,18.726190476190474,0.35773222258656245,0.305815824557881,0.32498148957434453,1.0639027109920782,-0.465101360657762,-0.11313045925095365,-0.44997380986609214,0.0,0.0,0.0,,,,,Regime allocation,"Shift risk toward trend, rates and styles when cross-sleeve correlations are unusually high.",
"High-correlation defensive tilt: 104w, q90%, cut 25%",Direct daily source P&L,1.044134516463042,4719,18.726190476190474,0.35773222258656245,0.305815824557881,0.32498148957434453,1.0639027109920782,-0.465101360657762,-0.11313045925095365,-0.44997380986609214,0.0,0.0,0.0,,,,,Regime allocation,"Shift risk toward trend, rates and styles when cross-sleeve correlations are unusually high.",
"High-correlation defensive tilt: 104w, q90%, cut 50%",Direct daily source P&L,1.044134516463042,4719,18.726190476190474,0.35773222258656245,0.305815824557881,0.32498148957434453,1.0639027109920782,-0.465101360657762,-0.11313045925095365,-0.44997380986609214,0.0,0.0,0.0,,,,,Regime allocation,"Shift risk toward trend, rates and styles when cross-sleeve correlations are unusually high.",
"Vol forecast: fast 13w, slow 52w, floor 1%",Direct daily source P&L,1.044134516463042,4719,18.726190476190474,0.35773222258656245,0.305815824557881,0.32498148957434453,1.0639027109920782,-0.465101360657762,-0.11313045925095365,-0.44997380986609214,0.0,0.0,0.0,,,,,Volatility targeting,Change the speed and floor of the no-lookahead volatility estimator.,
"Vol forecast: fast 13w, slow 52w, floor 2%",Direct daily source P&L,1.044134516463042,4719,18.726190476190474,0.35773222258656245,0.305815824557881,0.32498148957434453,1.0639027109920782,-0.465101360657762,-0.11313045925095365,-0.44997380986609214,0.0,0.0,0.0,,,,,Volatility targeting,Change the speed and floor of the no-lookahead volatility estimator.,
Leverage cap 10x proxy,Direct daily source P&L,1.044134516463042,4719,18.726190476190474,0.35773222258656245,0.305815824557881,0.32498148957434453,1.0639027109920782,-0.465101360657762,-0.11313045925095365,-0.44997380986609214,0.0,0.0,0.0,,,,,Leverage implementation,Cap the aggregate volatility-scaling multiplier to reduce calm-regime leverage.,
Leverage cap 12x proxy,Direct daily source P&L,1.044134516463042,4719,18.726190476190474,0.35773222258656245,0.305815824557881,0.32498148957434453,1.0639027109920782,-0.465101360657762,-0.11313045925095365,-0.44997380986609214,0.0,0.0,0.0,,,,,Leverage implementation,Cap the aggregate volatility-scaling multiplier to reduce calm-regime leverage.,
baseline,Direct daily source P&L,1.044134516463042,4719,18.726190476190474,0.35773222258656245,0.305815824557881,0.32498148957434453,1.0639027109920782,-0.465101360657762,-0.11313045925095365,-0.44997380986609214,0.0,0.0,0.0,,,,,,,
