Experiment,Source quality,Direct columns,Bridged columns
Baseline: current 40/25/12/10/8/5,Direct daily source P&L,Growth_QQQ | Broad_US | Trend | Rates_US5 | Styles | Gold | Corn | Silver | Bitcoin,
Static: equity total 25%,Direct daily source P&L,Growth_QQQ | Broad_US | Trend | Rates_US5 | Styles | Gold | Corn | Silver | Bitcoin,
Static: equity total 30%,Direct daily source P&L,Growth_QQQ | Broad_US | Trend | Rates_US5 | Styles | Gold | Corn | Silver | Bitcoin,
Static: equity total 35%,Direct daily source P&L,Growth_QQQ | Broad_US | Trend | Rates_US5 | Styles | Gold | Corn | Silver | Bitcoin,
Static: equity total 45%,Direct daily source P&L,Growth_QQQ | Broad_US | Trend | Rates_US5 | Styles | Gold | Corn | Silver | Bitcoin,
Static: equity total 50%,Direct daily source P&L,Growth_QQQ | Broad_US | Trend | Rates_US5 | Styles | Gold | Corn | Silver | Bitcoin,
Static: equity total 55%,Direct daily source P&L,Growth_QQQ | Broad_US | Trend | Rates_US5 | Styles | Gold | Corn | Silver | Bitcoin,
Static: equity total 60%,Direct daily source P&L,Growth_QQQ | Broad_US | Trend | Rates_US5 | Styles | Gold | Corn | Silver | Bitcoin,
Static: QQQ share of equity 0%,Direct daily source P&L,Growth_QQQ | Broad_US | Trend | Rates_US5 | Styles | Gold | Corn | Silver | Bitcoin,
Static: QQQ share of equity 25%,Direct daily source P&L,Growth_QQQ | Broad_US | Trend | Rates_US5 | Styles | Gold | Corn | Silver | Bitcoin,
Static: QQQ share of equity 40%,Direct daily source P&L,Growth_QQQ | Broad_US | Trend | Rates_US5 | Styles | Gold | Corn | Silver | Bitcoin,
Static: QQQ share of equity 75%,Direct daily source P&L,Growth_QQQ | Broad_US | Trend | Rates_US5 | Styles | Gold | Corn | Silver | Bitcoin,
Static: QQQ share of equity 100%,Direct daily source P&L,Growth_QQQ | Broad_US | Trend | Rates_US5 | Styles | Gold | Corn | Silver | Bitcoin,
Static: trend total 10%,Direct daily source P&L,Growth_QQQ | Broad_US | Trend | Rates_US5 | Styles | Gold | Corn | Silver | Bitcoin,
Static: trend total 15%,Direct daily source P&L,Growth_QQQ | Broad_US | Trend | Rates_US5 | Styles | Gold | Corn | Silver | Bitcoin,
Static: trend total 20%,Direct daily source P&L,Growth_QQQ | Broad_US | Trend | Rates_US5 | Styles | Gold | Corn | Silver | Bitcoin,
Static: trend total 30%,Direct daily source P&L,Growth_QQQ | Broad_US | Trend | Rates_US5 | Styles | Gold | Corn | Silver | Bitcoin,
Static: trend total 35%,Direct daily source P&L,Growth_QQQ | Broad_US | Trend | Rates_US5 | Styles | Gold | Corn | Silver | Bitcoin,
Static: trend total 40%,Direct daily source P&L,Growth_QQQ | Broad_US | Trend | Rates_US5 | Styles | Gold | Corn | Silver | Bitcoin,
Static: trend total 45%,Direct daily source P&L,Growth_QQQ | Broad_US | Trend | Rates_US5 | Styles | Gold | Corn | Silver | Bitcoin,
Static: rates total 0%,Direct daily source P&L,Growth_QQQ | Broad_US | Trend | Rates_US5 | Styles | Gold | Corn | Silver | Bitcoin,
Static: rates total 5%,Direct daily source P&L,Growth_QQQ | Broad_US | Trend | Rates_US5 | Styles | Gold | Corn | Silver | Bitcoin,
Static: rates total 8%,Direct daily source P&L,Growth_QQQ | Broad_US | Trend | Rates_US5 | Styles | Gold | Corn | Silver | Bitcoin,
Static: rates total 16%,Direct daily source P&L,Growth_QQQ | Broad_US | Trend | Rates_US5 | Styles | Gold | Corn | Silver | Bitcoin,
Static: rates total 20%,Direct daily source P&L,Growth_QQQ | Broad_US | Trend | Rates_US5 | Styles | Gold | Corn | Silver | Bitcoin,
Static: rates total 25%,Direct daily source P&L,Growth_QQQ | Broad_US | Trend | Rates_US5 | Styles | Gold | Corn | Silver | Bitcoin,
Static: styles total 0%,Direct daily source P&L,Growth_QQQ | Broad_US | Trend | Rates_US5 | Styles | Gold | Corn | Silver | Bitcoin,
Static: styles total 5%,Direct daily source P&L,Growth_QQQ | Broad_US | Trend | Rates_US5 | Styles | Gold | Corn | Silver | Bitcoin,
Static: styles total 15%,Direct daily source P&L,Growth_QQQ | Broad_US | Trend | Rates_US5 | Styles | Gold | Corn | Silver | Bitcoin,
Static: styles total 20%,Direct daily source P&L,Growth_QQQ | Broad_US | Trend | Rates_US5 | Styles | Gold | Corn | Silver | Bitcoin,
Static: styles total 25%,Direct daily source P&L,Growth_QQQ | Broad_US | Trend | Rates_US5 | Styles | Gold | Corn | Silver | Bitcoin,
"Static: commodities 0%, baseline mix",Direct daily source P&L,Growth_QQQ | Broad_US | Trend | Rates_US5 | Styles | Gold | Corn | Silver | Bitcoin,
"Static: commodities 0%, equal mix",Direct daily source P&L,Growth_QQQ | Broad_US | Trend | Rates_US5 | Styles | Gold | Corn | Silver | Bitcoin,
"Static: commodities 0%, metals only",Direct daily source P&L,Growth_QQQ | Broad_US | Trend | Rates_US5 | Styles | Gold | Corn | Silver | Bitcoin,
"Static: commodities 0%, gold only",Direct daily source P&L,Growth_QQQ | Broad_US | Trend | Rates_US5 | Styles | Gold | Corn | Silver | Bitcoin,
"Static: commodities 4%, baseline mix",Direct daily source P&L,Growth_QQQ | Broad_US | Trend | Rates_US5 | Styles | Gold | Corn | Silver | Bitcoin,
"Static: commodities 4%, equal mix",Direct daily source P&L,Growth_QQQ | Broad_US | Trend | Rates_US5 | Styles | Gold | Corn | Silver | Bitcoin,
"Static: commodities 4%, metals only",Direct daily source P&L,Growth_QQQ | Broad_US | Trend | Rates_US5 | Styles | Gold | Corn | Silver | Bitcoin,
"Static: commodities 4%, gold only",Direct daily source P&L,Growth_QQQ | Broad_US | Trend | Rates_US5 | Styles | Gold | Corn | Silver | Bitcoin,
"Static: commodities 12%, baseline mix",Direct daily source P&L,Growth_QQQ | Broad_US | Trend | Rates_US5 | Styles | Gold | Corn | Silver | Bitcoin,
"Static: commodities 12%, equal mix",Direct daily source P&L,Growth_QQQ | Broad_US | Trend | Rates_US5 | Styles | Gold | Corn | Silver | Bitcoin,
"Static: commodities 12%, metals only",Direct daily source P&L,Growth_QQQ | Broad_US | Trend | Rates_US5 | Styles | Gold | Corn | Silver | Bitcoin,
"Static: commodities 12%, gold only",Direct daily source P&L,Growth_QQQ | Broad_US | Trend | Rates_US5 | Styles | Gold | Corn | Silver | Bitcoin,
"Static: commodities 16%, baseline mix",Direct daily source P&L,Growth_QQQ | Broad_US | Trend | Rates_US5 | Styles | Gold | Corn | Silver | Bitcoin,
"Static: commodities 16%, equal mix",Direct daily source P&L,Growth_QQQ | Broad_US | Trend | Rates_US5 | Styles | Gold | Corn | Silver | Bitcoin,
"Static: commodities 16%, metals only",Direct daily source P&L,Growth_QQQ | Broad_US | Trend | Rates_US5 | Styles | Gold | Corn | Silver | Bitcoin,
"Static: commodities 16%, gold only",Direct daily source P&L,Growth_QQQ | Broad_US | Trend | Rates_US5 | Styles | Gold | Corn | Silver | Bitcoin,
"Static: commodities 20%, baseline mix",Direct daily source P&L,Growth_QQQ | Broad_US | Trend | Rates_US5 | Styles | Gold | Corn | Silver | Bitcoin,
"Static: commodities 20%, equal mix",Direct daily source P&L,Growth_QQQ | Broad_US | Trend | Rates_US5 | Styles | Gold | Corn | Silver | Bitcoin,
"Static: commodities 20%, metals only",Direct daily source P&L,Growth_QQQ | Broad_US | Trend | Rates_US5 | Styles | Gold | Corn | Silver | Bitcoin,
"Static: commodities 20%, gold only",Direct daily source P&L,Growth_QQQ | Broad_US | Trend | Rates_US5 | Styles | Gold | Corn | Silver | Bitcoin,
Static: Bitcoin total 0.0%,Direct daily source P&L,Growth_QQQ | Broad_US | Trend | Rates_US5 | Styles | Gold | Corn | Silver | Bitcoin,
Static: Bitcoin total 2.5%,Direct daily source P&L,Growth_QQQ | Broad_US | Trend | Rates_US5 | Styles | Gold | Corn | Silver | Bitcoin,
Static: Bitcoin total 7.5%,Direct daily source P&L,Growth_QQQ | Broad_US | Trend | Rates_US5 | Styles | Gold | Corn | Silver | Bitcoin,
Static: Bitcoin total 10.0%,Direct daily source P&L,Growth_QQQ | Broad_US | Trend | Rates_US5 | Styles | Gold | Corn | Silver | Bitcoin,
Static: Bitcoin total 15.0%,Direct daily source P&L,Growth_QQQ | Broad_US | Trend | Rates_US5 | Styles | Gold | Corn | Silver | Bitcoin,
Static: remove Growth_QQQ,Direct daily source P&L,Growth_QQQ | Broad_US | Trend | Rates_US5 | Styles | Gold | Corn | Silver | Bitcoin,
Static: remove Broad_US,Direct daily source P&L,Growth_QQQ | Broad_US | Trend | Rates_US5 | Styles | Gold | Corn | Silver | Bitcoin,
Static: remove Trend,Direct daily source P&L,Growth_QQQ | Broad_US | Trend | Rates_US5 | Styles | Gold | Corn | Silver | Bitcoin,
Static: remove Rates_US5,Direct daily source P&L,Growth_QQQ | Broad_US | Trend | Rates_US5 | Styles | Gold | Corn | Silver | Bitcoin,
Static: remove Styles,Direct daily source P&L,Growth_QQQ | Broad_US | Trend | Rates_US5 | Styles | Gold | Corn | Silver | Bitcoin,
Static: remove Gold,Direct daily source P&L,Growth_QQQ | Broad_US | Trend | Rates_US5 | Styles | Gold | Corn | Silver | Bitcoin,
Static: remove Corn,Direct daily source P&L,Growth_QQQ | Broad_US | Trend | Rates_US5 | Styles | Gold | Corn | Silver | Bitcoin,
Static: remove Silver,Direct daily source P&L,Growth_QQQ | Broad_US | Trend | Rates_US5 | Styles | Gold | Corn | Silver | Bitcoin,
Static: remove Bitcoin,Direct daily source P&L,Growth_QQQ | Broad_US | Trend | Rates_US5 | Styles | Gold | Corn | Silver | Bitcoin,
Static: remove corn and silver,Direct daily source P&L,Growth_QQQ | Broad_US | Trend | Rates_US5 | Styles | Gold | Corn | Silver | Bitcoin,
Static: equal-weight all sleeves,Direct daily source P&L,Growth_QQQ | Broad_US | Trend | Rates_US5 | Styles | Gold | Corn | Silver | Bitcoin,
Static: equal economic clusters,Direct daily source P&L,Growth_QQQ | Broad_US | Trend | Rates_US5 | Styles | Gold | Corn | Silver | Bitcoin,
Static: expanded diversified prior,Direct daily source P&L,Growth_QQQ | Broad_US | Trend | Rates_US5 | Styles | Gold | Corn | Silver | Bitcoin,
Static: growth-heavy prior,Direct daily source P&L,Growth_QQQ | Broad_US | Trend | Rates_US5 | Styles | Gold | Corn | Silver | Bitcoin,
Static: diversifier-heavy prior,Direct daily source P&L,Growth_QQQ | Broad_US | Trend | Rates_US5 | Styles | Gold | Corn | Silver | Bitcoin,
Static: all-weather aggressive,Direct daily source P&L,Growth_QQQ | Broad_US | Trend | Rates_US5 | Styles | Gold | Corn | Silver | Bitcoin,
Static: QQQ-trend barbell,Direct daily source P&L,Growth_QQQ | Broad_US | Trend | Rates_US5 | Styles | Gold | Corn | Silver | Bitcoin,
Static: styles-trend maximizer,Direct daily source P&L,Growth_QQQ | Broad_US | Trend | Rates_US5 | Styles | Gold | Corn | Silver | Bitcoin,
"Dynamic inverse-vol: 52w, reb 4w",Direct daily source P&L,Growth_QQQ | Broad_US | Trend | Rates_US5 | Styles | Gold | Corn | Silver | Bitcoin,
"Dynamic inverse-vol: 104w, reb 4w",Direct daily source P&L,Growth_QQQ | Broad_US | Trend | Rates_US5 | Styles | Gold | Corn | Silver | Bitcoin,
"Dynamic inverse-vol: 260w, reb 4w",Direct daily source P&L,Growth_QQQ | Broad_US | Trend | Rates_US5 | Styles | Gold | Corn | Silver | Bitcoin,
"Dynamic ERC: 104w, shrink 50%, reb 13w",Direct daily source P&L,Growth_QQQ | Broad_US | Trend | Rates_US5 | Styles | Gold | Corn | Silver | Bitcoin,
"Dynamic ERC: 260w, shrink 50%, reb 13w",Direct daily source P&L,Growth_QQQ | Broad_US | Trend | Rates_US5 | Styles | Gold | Corn | Silver | Bitcoin,
"Dynamic Minimum variance: 104w, shrink 50%, reb 13w",Direct daily source P&L,Growth_QQQ | Broad_US | Trend | Rates_US5 | Styles | Gold | Corn | Silver | Bitcoin,
"Dynamic Minimum variance: 260w, shrink 50%, reb 13w",Direct daily source P&L,Growth_QQQ | Broad_US | Trend | Rates_US5 | Styles | Gold | Corn | Silver | Bitcoin,
"Dynamic Maximum diversification: 104w, shrink 50%, reb 13w",Direct daily source P&L,Growth_QQQ | Broad_US | Trend | Rates_US5 | Styles | Gold | Corn | Silver | Bitcoin,
"Dynamic Maximum diversification: 260w, shrink 50%, reb 13w",Direct daily source P&L,Growth_QQQ | Broad_US | Trend | Rates_US5 | Styles | Gold | Corn | Silver | Bitcoin,
"Dynamic HRP: 104w, shrink 25%, reb 13w",Direct daily source P&L,Growth_QQQ | Broad_US | Trend | Rates_US5 | Styles | Gold | Corn | Silver | Bitcoin,
"Dynamic HRP: 260w, shrink 25%, reb 13w",Direct daily source P&L,Growth_QQQ | Broad_US | Trend | Rates_US5 | Styles | Gold | Corn | Silver | Bitcoin,
"Dynamic tail-risk parity proxy: 104w, tail 10%, reb 13w",Direct daily source P&L,Growth_QQQ | Broad_US | Trend | Rates_US5 | Styles | Gold | Corn | Silver | Bitcoin,
"Dynamic tail-risk parity proxy: 260w, tail 10%, reb 13w",Direct daily source P&L,Growth_QQQ | Broad_US | Trend | Rates_US5 | Styles | Gold | Corn | Silver | Bitcoin,
"Dynamic robust max-Sharpe: mean 156w, haircut 25%, shrink 50%",Direct daily source P&L,Growth_QQQ | Broad_US | Trend | Rates_US5 | Styles | Gold | Corn | Silver | Bitcoin,
"Dynamic robust max-Sharpe: mean 156w, haircut 50%, shrink 50%",Direct daily source P&L,Growth_QQQ | Broad_US | Trend | Rates_US5 | Styles | Gold | Corn | Silver | Bitcoin,
"Dynamic robust max-Sharpe: mean 260w, haircut 25%, shrink 50%",Direct daily source P&L,Growth_QQQ | Broad_US | Trend | Rates_US5 | Styles | Gold | Corn | Silver | Bitcoin,
"Dynamic robust max-Sharpe: mean 260w, haircut 50%, shrink 50%",Direct daily source P&L,Growth_QQQ | Broad_US | Trend | Rates_US5 | Styles | Gold | Corn | Silver | Bitcoin,
Dynamic cluster inverse-risk: 104w,Direct daily source P&L,Growth_QQQ | Broad_US | Trend | Rates_US5 | Styles | Gold | Corn | Silver | Bitcoin,
Dynamic cluster inverse-risk: 260w,Direct daily source P&L,Growth_QQQ | Broad_US | Trend | Rates_US5 | Styles | Gold | Corn | Silver | Bitcoin,
"Momentum tilt relative: 13w, k=0.25, reb 4w",Direct daily source P&L,Growth_QQQ | Broad_US | Trend | Rates_US5 | Styles | Gold | Corn | Silver | Bitcoin,
"Momentum tilt relative: 13w, k=0.25, reb 13w",Direct daily source P&L,Growth_QQQ | Broad_US | Trend | Rates_US5 | Styles | Gold | Corn | Silver | Bitcoin,
"Momentum tilt absolute+relative: 13w, k=0.25, reb 4w",Direct daily source P&L,Growth_QQQ | Broad_US | Trend | Rates_US5 | Styles | Gold | Corn | Silver | Bitcoin,
"Momentum tilt absolute+relative: 13w, k=0.25, reb 13w",Direct daily source P&L,Growth_QQQ | Broad_US | Trend | Rates_US5 | Styles | Gold | Corn | Silver | Bitcoin,
"Momentum tilt relative: 13w, k=0.50, reb 4w",Direct daily source P&L,Growth_QQQ | Broad_US | Trend | Rates_US5 | Styles | Gold | Corn | Silver | Bitcoin,
"Momentum tilt relative: 13w, k=0.50, reb 13w",Direct daily source P&L,Growth_QQQ | Broad_US | Trend | Rates_US5 | Styles | Gold | Corn | Silver | Bitcoin,
"Momentum tilt absolute+relative: 13w, k=0.50, reb 4w",Direct daily source P&L,Growth_QQQ | Broad_US | Trend | Rates_US5 | Styles | Gold | Corn | Silver | Bitcoin,
"Momentum tilt absolute+relative: 13w, k=0.50, reb 13w",Direct daily source P&L,Growth_QQQ | Broad_US | Trend | Rates_US5 | Styles | Gold | Corn | Silver | Bitcoin,
"Momentum tilt relative: 13w, k=1.00, reb 4w",Direct daily source P&L,Growth_QQQ | Broad_US | Trend | Rates_US5 | Styles | Gold | Corn | Silver | Bitcoin,
"Momentum tilt relative: 13w, k=1.00, reb 13w",Direct daily source P&L,Growth_QQQ | Broad_US | Trend | Rates_US5 | Styles | Gold | Corn | Silver | Bitcoin,
"Momentum tilt absolute+relative: 13w, k=1.00, reb 4w",Direct daily source P&L,Growth_QQQ | Broad_US | Trend | Rates_US5 | Styles | Gold | Corn | Silver | Bitcoin,
"Momentum tilt absolute+relative: 13w, k=1.00, reb 13w",Direct daily source P&L,Growth_QQQ | Broad_US | Trend | Rates_US5 | Styles | Gold | Corn | Silver | Bitcoin,
"Momentum tilt relative: 26w, k=0.25, reb 4w",Direct daily source P&L,Growth_QQQ | Broad_US | Trend | Rates_US5 | Styles | Gold | Corn | Silver | Bitcoin,
"Momentum tilt relative: 26w, k=0.25, reb 13w",Direct daily source P&L,Growth_QQQ | Broad_US | Trend | Rates_US5 | Styles | Gold | Corn | Silver | Bitcoin,
"Momentum tilt absolute+relative: 26w, k=0.25, reb 4w",Direct daily source P&L,Growth_QQQ | Broad_US | Trend | Rates_US5 | Styles | Gold | Corn | Silver | Bitcoin,
"Momentum tilt absolute+relative: 26w, k=0.25, reb 13w",Direct daily source P&L,Growth_QQQ | Broad_US | Trend | Rates_US5 | Styles | Gold | Corn | Silver | Bitcoin,
"Momentum tilt relative: 26w, k=0.50, reb 4w",Direct daily source P&L,Growth_QQQ | Broad_US | Trend | Rates_US5 | Styles | Gold | Corn | Silver | Bitcoin,
"Momentum tilt relative: 26w, k=0.50, reb 13w",Direct daily source P&L,Growth_QQQ | Broad_US | Trend | Rates_US5 | Styles | Gold | Corn | Silver | Bitcoin,
"Momentum tilt absolute+relative: 26w, k=0.50, reb 4w",Direct daily source P&L,Growth_QQQ | Broad_US | Trend | Rates_US5 | Styles | Gold | Corn | Silver | Bitcoin,
"Momentum tilt absolute+relative: 26w, k=0.50, reb 13w",Direct daily source P&L,Growth_QQQ | Broad_US | Trend | Rates_US5 | Styles | Gold | Corn | Silver | Bitcoin,
"Momentum tilt relative: 26w, k=1.00, reb 4w",Direct daily source P&L,Growth_QQQ | Broad_US | Trend | Rates_US5 | Styles | Gold | Corn | Silver | Bitcoin,
"Momentum tilt relative: 26w, k=1.00, reb 13w",Direct daily source P&L,Growth_QQQ | Broad_US | Trend | Rates_US5 | Styles | Gold | Corn | Silver | Bitcoin,
"Momentum tilt absolute+relative: 26w, k=1.00, reb 4w",Direct daily source P&L,Growth_QQQ | Broad_US | Trend | Rates_US5 | Styles | Gold | Corn | Silver | Bitcoin,
"Momentum tilt absolute+relative: 26w, k=1.00, reb 13w",Direct daily source P&L,Growth_QQQ | Broad_US | Trend | Rates_US5 | Styles | Gold | Corn | Silver | Bitcoin,
"Momentum tilt relative: 52w, k=0.25, reb 4w",Direct daily source P&L,Growth_QQQ | Broad_US | Trend | Rates_US5 | Styles | Gold | Corn | Silver | Bitcoin,
"Momentum tilt relative: 52w, k=0.25, reb 13w",Direct daily source P&L,Growth_QQQ | Broad_US | Trend | Rates_US5 | Styles | Gold | Corn | Silver | Bitcoin,
"Momentum tilt absolute+relative: 52w, k=0.25, reb 4w",Direct daily source P&L,Growth_QQQ | Broad_US | Trend | Rates_US5 | Styles | Gold | Corn | Silver | Bitcoin,
"Momentum tilt absolute+relative: 52w, k=0.25, reb 13w",Direct daily source P&L,Growth_QQQ | Broad_US | Trend | Rates_US5 | Styles | Gold | Corn | Silver | Bitcoin,
"Momentum tilt relative: 52w, k=0.50, reb 4w",Direct daily source P&L,Growth_QQQ | Broad_US | Trend | Rates_US5 | Styles | Gold | Corn | Silver | Bitcoin,
"Momentum tilt relative: 52w, k=0.50, reb 13w",Direct daily source P&L,Growth_QQQ | Broad_US | Trend | Rates_US5 | Styles | Gold | Corn | Silver | Bitcoin,
"Momentum tilt absolute+relative: 52w, k=0.50, reb 4w",Direct daily source P&L,Growth_QQQ | Broad_US | Trend | Rates_US5 | Styles | Gold | Corn | Silver | Bitcoin,
"Momentum tilt absolute+relative: 52w, k=0.50, reb 13w",Direct daily source P&L,Growth_QQQ | Broad_US | Trend | Rates_US5 | Styles | Gold | Corn | Silver | Bitcoin,
"Momentum tilt relative: 52w, k=1.00, reb 4w",Direct daily source P&L,Growth_QQQ | Broad_US | Trend | Rates_US5 | Styles | Gold | Corn | Silver | Bitcoin,
"Momentum tilt relative: 52w, k=1.00, reb 13w",Direct daily source P&L,Growth_QQQ | Broad_US | Trend | Rates_US5 | Styles | Gold | Corn | Silver | Bitcoin,
"Momentum tilt absolute+relative: 52w, k=1.00, reb 4w",Direct daily source P&L,Growth_QQQ | Broad_US | Trend | Rates_US5 | Styles | Gold | Corn | Silver | Bitcoin,
"Momentum tilt absolute+relative: 52w, k=1.00, reb 13w",Direct daily source P&L,Growth_QQQ | Broad_US | Trend | Rates_US5 | Styles | Gold | Corn | Silver | Bitcoin,
"Momentum tilt relative: 13/26/52w, k=0.25, reb 4w",Direct daily source P&L,Growth_QQQ | Broad_US | Trend | Rates_US5 | Styles | Gold | Corn | Silver | Bitcoin,
"Momentum tilt relative: 13/26/52w, k=0.25, reb 13w",Direct daily source P&L,Growth_QQQ | Broad_US | Trend | Rates_US5 | Styles | Gold | Corn | Silver | Bitcoin,
"Momentum tilt absolute+relative: 13/26/52w, k=0.25, reb 4w",Direct daily source P&L,Growth_QQQ | Broad_US | Trend | Rates_US5 | Styles | Gold | Corn | Silver | Bitcoin,
"Momentum tilt absolute+relative: 13/26/52w, k=0.25, reb 13w",Direct daily source P&L,Growth_QQQ | Broad_US | Trend | Rates_US5 | Styles | Gold | Corn | Silver | Bitcoin,
"Momentum tilt relative: 13/26/52w, k=0.50, reb 4w",Direct daily source P&L,Growth_QQQ | Broad_US | Trend | Rates_US5 | Styles | Gold | Corn | Silver | Bitcoin,
"Momentum tilt relative: 13/26/52w, k=0.50, reb 13w",Direct daily source P&L,Growth_QQQ | Broad_US | Trend | Rates_US5 | Styles | Gold | Corn | Silver | Bitcoin,
"Momentum tilt absolute+relative: 13/26/52w, k=0.50, reb 4w",Direct daily source P&L,Growth_QQQ | Broad_US | Trend | Rates_US5 | Styles | Gold | Corn | Silver | Bitcoin,
"Momentum tilt absolute+relative: 13/26/52w, k=0.50, reb 13w",Direct daily source P&L,Growth_QQQ | Broad_US | Trend | Rates_US5 | Styles | Gold | Corn | Silver | Bitcoin,
"Momentum tilt relative: 13/26/52w, k=1.00, reb 4w",Direct daily source P&L,Growth_QQQ | Broad_US | Trend | Rates_US5 | Styles | Gold | Corn | Silver | Bitcoin,
"Momentum tilt relative: 13/26/52w, k=1.00, reb 13w",Direct daily source P&L,Growth_QQQ | Broad_US | Trend | Rates_US5 | Styles | Gold | Corn | Silver | Bitcoin,
"Momentum tilt absolute+relative: 13/26/52w, k=1.00, reb 4w",Direct daily source P&L,Growth_QQQ | Broad_US | Trend | Rates_US5 | Styles | Gold | Corn | Silver | Bitcoin,
"Momentum tilt absolute+relative: 13/26/52w, k=1.00, reb 13w",Direct daily source P&L,Growth_QQQ | Broad_US | Trend | Rates_US5 | Styles | Gold | Corn | Silver | Bitcoin,
"Momentum tilt relative: 26/52/104w, k=0.25, reb 4w",Direct daily source P&L,Growth_QQQ | Broad_US | Trend | Rates_US5 | Styles | Gold | Corn | Silver | Bitcoin,
"Momentum tilt relative: 26/52/104w, k=0.25, reb 13w",Direct daily source P&L,Growth_QQQ | Broad_US | Trend | Rates_US5 | Styles | Gold | Corn | Silver | Bitcoin,
"Momentum tilt absolute+relative: 26/52/104w, k=0.25, reb 4w",Direct daily source P&L,Growth_QQQ | Broad_US | Trend | Rates_US5 | Styles | Gold | Corn | Silver | Bitcoin,
"Momentum tilt absolute+relative: 26/52/104w, k=0.25, reb 13w",Direct daily source P&L,Growth_QQQ | Broad_US | Trend | Rates_US5 | Styles | Gold | Corn | Silver | Bitcoin,
"Momentum tilt relative: 26/52/104w, k=0.50, reb 4w",Direct daily source P&L,Growth_QQQ | Broad_US | Trend | Rates_US5 | Styles | Gold | Corn | Silver | Bitcoin,
"Momentum tilt relative: 26/52/104w, k=0.50, reb 13w",Direct daily source P&L,Growth_QQQ | Broad_US | Trend | Rates_US5 | Styles | Gold | Corn | Silver | Bitcoin,
"Momentum tilt absolute+relative: 26/52/104w, k=0.50, reb 4w",Direct daily source P&L,Growth_QQQ | Broad_US | Trend | Rates_US5 | Styles | Gold | Corn | Silver | Bitcoin,
"Momentum tilt absolute+relative: 26/52/104w, k=0.50, reb 13w",Direct daily source P&L,Growth_QQQ | Broad_US | Trend | Rates_US5 | Styles | Gold | Corn | Silver | Bitcoin,
"Momentum tilt relative: 26/52/104w, k=1.00, reb 4w",Direct daily source P&L,Growth_QQQ | Broad_US | Trend | Rates_US5 | Styles | Gold | Corn | Silver | Bitcoin,
"Momentum tilt relative: 26/52/104w, k=1.00, reb 13w",Direct daily source P&L,Growth_QQQ | Broad_US | Trend | Rates_US5 | Styles | Gold | Corn | Silver | Bitcoin,
"Momentum tilt absolute+relative: 26/52/104w, k=1.00, reb 4w",Direct daily source P&L,Growth_QQQ | Broad_US | Trend | Rates_US5 | Styles | Gold | Corn | Silver | Bitcoin,
"Momentum tilt absolute+relative: 26/52/104w, k=1.00, reb 13w",Direct daily source P&L,Growth_QQQ | Broad_US | Trend | Rates_US5 | Styles | Gold | Corn | Silver | Bitcoin,
"Equity trend filter: 26w, cut 25%, reb 1w",Direct daily source P&L,Growth_QQQ | Broad_US | Trend | Rates_US5 | Styles | Gold | Corn | Silver | Bitcoin,
"Equity trend filter: 26w, cut 25%, reb 4w",Direct daily source P&L,Growth_QQQ | Broad_US | Trend | Rates_US5 | Styles | Gold | Corn | Silver | Bitcoin,
"Equity trend filter: 26w, cut 50%, reb 1w",Direct daily source P&L,Growth_QQQ | Broad_US | Trend | Rates_US5 | Styles | Gold | Corn | Silver | Bitcoin,
"Equity trend filter: 26w, cut 50%, reb 4w",Direct daily source P&L,Growth_QQQ | Broad_US | Trend | Rates_US5 | Styles | Gold | Corn | Silver | Bitcoin,
"Equity trend filter: 26w, cut 75%, reb 1w",Direct daily source P&L,Growth_QQQ | Broad_US | Trend | Rates_US5 | Styles | Gold | Corn | Silver | Bitcoin,
"Equity trend filter: 26w, cut 75%, reb 4w",Direct daily source P&L,Growth_QQQ | Broad_US | Trend | Rates_US5 | Styles | Gold | Corn | Silver | Bitcoin,
"Equity trend filter: 26w, cut 100%, reb 1w",Direct daily source P&L,Growth_QQQ | Broad_US | Trend | Rates_US5 | Styles | Gold | Corn | Silver | Bitcoin,
"Equity trend filter: 26w, cut 100%, reb 4w",Direct daily source P&L,Growth_QQQ | Broad_US | Trend | Rates_US5 | Styles | Gold | Corn | Silver | Bitcoin,
"Equity trend filter: 52w, cut 25%, reb 1w",Direct daily source P&L,Growth_QQQ | Broad_US | Trend | Rates_US5 | Styles | Gold | Corn | Silver | Bitcoin,
"Equity trend filter: 52w, cut 25%, reb 4w",Direct daily source P&L,Growth_QQQ | Broad_US | Trend | Rates_US5 | Styles | Gold | Corn | Silver | Bitcoin,
"Equity trend filter: 52w, cut 50%, reb 1w",Direct daily source P&L,Growth_QQQ | Broad_US | Trend | Rates_US5 | Styles | Gold | Corn | Silver | Bitcoin,
"Equity trend filter: 52w, cut 50%, reb 4w",Direct daily source P&L,Growth_QQQ | Broad_US | Trend | Rates_US5 | Styles | Gold | Corn | Silver | Bitcoin,
"Equity trend filter: 52w, cut 75%, reb 1w",Direct daily source P&L,Growth_QQQ | Broad_US | Trend | Rates_US5 | Styles | Gold | Corn | Silver | Bitcoin,
"Equity trend filter: 52w, cut 75%, reb 4w",Direct daily source P&L,Growth_QQQ | Broad_US | Trend | Rates_US5 | Styles | Gold | Corn | Silver | Bitcoin,
"Equity trend filter: 52w, cut 100%, reb 1w",Direct daily source P&L,Growth_QQQ | Broad_US | Trend | Rates_US5 | Styles | Gold | Corn | Silver | Bitcoin,
"Equity trend filter: 52w, cut 100%, reb 4w",Direct daily source P&L,Growth_QQQ | Broad_US | Trend | Rates_US5 | Styles | Gold | Corn | Silver | Bitcoin,
"Equity trend filter: 104w, cut 25%, reb 1w",Direct daily source P&L,Growth_QQQ | Broad_US | Trend | Rates_US5 | Styles | Gold | Corn | Silver | Bitcoin,
"Equity trend filter: 104w, cut 25%, reb 4w",Direct daily source P&L,Growth_QQQ | Broad_US | Trend | Rates_US5 | Styles | Gold | Corn | Silver | Bitcoin,
"Equity trend filter: 104w, cut 50%, reb 1w",Direct daily source P&L,Growth_QQQ | Broad_US | Trend | Rates_US5 | Styles | Gold | Corn | Silver | Bitcoin,
"Equity trend filter: 104w, cut 50%, reb 4w",Direct daily source P&L,Growth_QQQ | Broad_US | Trend | Rates_US5 | Styles | Gold | Corn | Silver | Bitcoin,
"Equity trend filter: 104w, cut 75%, reb 1w",Direct daily source P&L,Growth_QQQ | Broad_US | Trend | Rates_US5 | Styles | Gold | Corn | Silver | Bitcoin,
"Equity trend filter: 104w, cut 75%, reb 4w",Direct daily source P&L,Growth_QQQ | Broad_US | Trend | Rates_US5 | Styles | Gold | Corn | Silver | Bitcoin,
"Equity trend filter: 104w, cut 100%, reb 1w",Direct daily source P&L,Growth_QQQ | Broad_US | Trend | Rates_US5 | Styles | Gold | Corn | Silver | Bitcoin,
"Equity trend filter: 104w, cut 100%, reb 4w",Direct daily source P&L,Growth_QQQ | Broad_US | Trend | Rates_US5 | Styles | Gold | Corn | Silver | Bitcoin,
"High-vol equity cut: 13w, q70%, cut 25%",Direct daily source P&L,Growth_QQQ | Broad_US | Trend | Rates_US5 | Styles | Gold | Corn | Silver | Bitcoin,
"High-vol equity cut: 13w, q70%, cut 50%",Direct daily source P&L,Growth_QQQ | Broad_US | Trend | Rates_US5 | Styles | Gold | Corn | Silver | Bitcoin,
"High-vol equity cut: 13w, q70%, cut 75%",Direct daily source P&L,Growth_QQQ | Broad_US | Trend | Rates_US5 | Styles | Gold | Corn | Silver | Bitcoin,
"High-vol equity cut: 13w, q80%, cut 25%",Direct daily source P&L,Growth_QQQ | Broad_US | Trend | Rates_US5 | Styles | Gold | Corn | Silver | Bitcoin,
"High-vol equity cut: 13w, q80%, cut 50%",Direct daily source P&L,Growth_QQQ | Broad_US | Trend | Rates_US5 | Styles | Gold | Corn | Silver | Bitcoin,
"High-vol equity cut: 13w, q80%, cut 75%",Direct daily source P&L,Growth_QQQ | Broad_US | Trend | Rates_US5 | Styles | Gold | Corn | Silver | Bitcoin,
"High-vol equity cut: 13w, q90%, cut 25%",Direct daily source P&L,Growth_QQQ | Broad_US | Trend | Rates_US5 | Styles | Gold | Corn | Silver | Bitcoin,
"High-vol equity cut: 13w, q90%, cut 50%",Direct daily source P&L,Growth_QQQ | Broad_US | Trend | Rates_US5 | Styles | Gold | Corn | Silver | Bitcoin,
"High-vol equity cut: 13w, q90%, cut 75%",Direct daily source P&L,Growth_QQQ | Broad_US | Trend | Rates_US5 | Styles | Gold | Corn | Silver | Bitcoin,
"High-vol equity cut: 26w, q70%, cut 25%",Direct daily source P&L,Growth_QQQ | Broad_US | Trend | Rates_US5 | Styles | Gold | Corn | Silver | Bitcoin,
"High-vol equity cut: 26w, q70%, cut 50%",Direct daily source P&L,Growth_QQQ | Broad_US | Trend | Rates_US5 | Styles | Gold | Corn | Silver | Bitcoin,
"High-vol equity cut: 26w, q70%, cut 75%",Direct daily source P&L,Growth_QQQ | Broad_US | Trend | Rates_US5 | Styles | Gold | Corn | Silver | Bitcoin,
"High-vol equity cut: 26w, q80%, cut 25%",Direct daily source P&L,Growth_QQQ | Broad_US | Trend | Rates_US5 | Styles | Gold | Corn | Silver | Bitcoin,
"High-vol equity cut: 26w, q80%, cut 50%",Direct daily source P&L,Growth_QQQ | Broad_US | Trend | Rates_US5 | Styles | Gold | Corn | Silver | Bitcoin,
"High-vol equity cut: 26w, q80%, cut 75%",Direct daily source P&L,Growth_QQQ | Broad_US | Trend | Rates_US5 | Styles | Gold | Corn | Silver | Bitcoin,
"High-vol equity cut: 26w, q90%, cut 25%",Direct daily source P&L,Growth_QQQ | Broad_US | Trend | Rates_US5 | Styles | Gold | Corn | Silver | Bitcoin,
"High-vol equity cut: 26w, q90%, cut 50%",Direct daily source P&L,Growth_QQQ | Broad_US | Trend | Rates_US5 | Styles | Gold | Corn | Silver | Bitcoin,
"High-vol equity cut: 26w, q90%, cut 75%",Direct daily source P&L,Growth_QQQ | Broad_US | Trend | Rates_US5 | Styles | Gold | Corn | Silver | Bitcoin,
"High-correlation defensive tilt: 26w, q70%, cut 25%",Direct daily source P&L,Growth_QQQ | Broad_US | Trend | Rates_US5 | Styles | Gold | Corn | Silver | Bitcoin,
"High-correlation defensive tilt: 26w, q70%, cut 50%",Direct daily source P&L,Growth_QQQ | Broad_US | Trend | Rates_US5 | Styles | Gold | Corn | Silver | Bitcoin,
"High-correlation defensive tilt: 26w, q80%, cut 25%",Direct daily source P&L,Growth_QQQ | Broad_US | Trend | Rates_US5 | Styles | Gold | Corn | Silver | Bitcoin,
"High-correlation defensive tilt: 26w, q80%, cut 50%",Direct daily source P&L,Growth_QQQ | Broad_US | Trend | Rates_US5 | Styles | Gold | Corn | Silver | Bitcoin,
"High-correlation defensive tilt: 26w, q90%, cut 25%",Direct daily source P&L,Growth_QQQ | Broad_US | Trend | Rates_US5 | Styles | Gold | Corn | Silver | Bitcoin,
"High-correlation defensive tilt: 26w, q90%, cut 50%",Direct daily source P&L,Growth_QQQ | Broad_US | Trend | Rates_US5 | Styles | Gold | Corn | Silver | Bitcoin,
"High-correlation defensive tilt: 52w, q70%, cut 25%",Direct daily source P&L,Growth_QQQ | Broad_US | Trend | Rates_US5 | Styles | Gold | Corn | Silver | Bitcoin,
"High-correlation defensive tilt: 52w, q70%, cut 50%",Direct daily source P&L,Growth_QQQ | Broad_US | Trend | Rates_US5 | Styles | Gold | Corn | Silver | Bitcoin,
"High-correlation defensive tilt: 52w, q80%, cut 25%",Direct daily source P&L,Growth_QQQ | Broad_US | Trend | Rates_US5 | Styles | Gold | Corn | Silver | Bitcoin,
"High-correlation defensive tilt: 52w, q80%, cut 50%",Direct daily source P&L,Growth_QQQ | Broad_US | Trend | Rates_US5 | Styles | Gold | Corn | Silver | Bitcoin,
"High-correlation defensive tilt: 52w, q90%, cut 25%",Direct daily source P&L,Growth_QQQ | Broad_US | Trend | Rates_US5 | Styles | Gold | Corn | Silver | Bitcoin,
"High-correlation defensive tilt: 52w, q90%, cut 50%",Direct daily source P&L,Growth_QQQ | Broad_US | Trend | Rates_US5 | Styles | Gold | Corn | Silver | Bitcoin,
"High-correlation defensive tilt: 104w, q70%, cut 25%",Direct daily source P&L,Growth_QQQ | Broad_US | Trend | Rates_US5 | Styles | Gold | Corn | Silver | Bitcoin,
"High-correlation defensive tilt: 104w, q70%, cut 50%",Direct daily source P&L,Growth_QQQ | Broad_US | Trend | Rates_US5 | Styles | Gold | Corn | Silver | Bitcoin,
"High-correlation defensive tilt: 104w, q80%, cut 25%",Direct daily source P&L,Growth_QQQ | Broad_US | Trend | Rates_US5 | Styles | Gold | Corn | Silver | Bitcoin,
"High-correlation defensive tilt: 104w, q80%, cut 50%",Direct daily source P&L,Growth_QQQ | Broad_US | Trend | Rates_US5 | Styles | Gold | Corn | Silver | Bitcoin,
"High-correlation defensive tilt: 104w, q90%, cut 25%",Direct daily source P&L,Growth_QQQ | Broad_US | Trend | Rates_US5 | Styles | Gold | Corn | Silver | Bitcoin,
"High-correlation defensive tilt: 104w, q90%, cut 50%",Direct daily source P&L,Growth_QQQ | Broad_US | Trend | Rates_US5 | Styles | Gold | Corn | Silver | Bitcoin,
"Sleeve drawdown scaling: cut -10%, floor 0%",Direct daily source P&L,Growth_QQQ | Broad_US | Trend | Rates_US5 | Styles | Gold | Corn | Silver | Bitcoin,
"Sleeve drawdown scaling: cut -10%, floor 25%",Direct daily source P&L,Growth_QQQ | Broad_US | Trend | Rates_US5 | Styles | Gold | Corn | Silver | Bitcoin,
"Sleeve drawdown scaling: cut -10%, floor 50%",Direct daily source P&L,Growth_QQQ | Broad_US | Trend | Rates_US5 | Styles | Gold | Corn | Silver | Bitcoin,
"Sleeve drawdown scaling: cut -20%, floor 0%",Direct daily source P&L,Growth_QQQ | Broad_US | Trend | Rates_US5 | Styles | Gold | Corn | Silver | Bitcoin,
"Sleeve drawdown scaling: cut -20%, floor 25%",Direct daily source P&L,Growth_QQQ | Broad_US | Trend | Rates_US5 | Styles | Gold | Corn | Silver | Bitcoin,
"Sleeve drawdown scaling: cut -20%, floor 50%",Direct daily source P&L,Growth_QQQ | Broad_US | Trend | Rates_US5 | Styles | Gold | Corn | Silver | Bitcoin,
"Sleeve drawdown scaling: cut -30%, floor 0%",Direct daily source P&L,Growth_QQQ | Broad_US | Trend | Rates_US5 | Styles | Gold | Corn | Silver | Bitcoin,
"Sleeve drawdown scaling: cut -30%, floor 25%",Direct daily source P&L,Growth_QQQ | Broad_US | Trend | Rates_US5 | Styles | Gold | Corn | Silver | Bitcoin,
"Sleeve drawdown scaling: cut -30%, floor 50%",Direct daily source P&L,Growth_QQQ | Broad_US | Trend | Rates_US5 | Styles | Gold | Corn | Silver | Bitcoin,
"Added commodities TSMOM long-short [13, 26, 52], weight 5%",Hybrid daily source P&L; derived/modified weekly sleeves bridged,Growth_QQQ | Broad_US | Trend | Rates_US5 | Styles | Gold | Corn | Silver | Bitcoin,TSMOM_commodities_LS_13_26_52
"Added commodities TSMOM long-short [13, 26, 52], weight 10%",Hybrid daily source P&L; derived/modified weekly sleeves bridged,Growth_QQQ | Broad_US | Trend | Rates_US5 | Styles | Gold | Corn | Silver | Bitcoin,TSMOM_commodities_LS_13_26_52
"Added commodities TSMOM long-short [13, 26, 52], weight 15%",Hybrid daily source P&L; derived/modified weekly sleeves bridged,Growth_QQQ | Broad_US | Trend | Rates_US5 | Styles | Gold | Corn | Silver | Bitcoin,TSMOM_commodities_LS_13_26_52
"Added commodities TSMOM long-short [13, 26, 52], weight 20%",Hybrid daily source P&L; derived/modified weekly sleeves bridged,Growth_QQQ | Broad_US | Trend | Rates_US5 | Styles | Gold | Corn | Silver | Bitcoin,TSMOM_commodities_LS_13_26_52
"Added commodities TSMOM long-flat [13, 26, 52], weight 5%",Hybrid daily source P&L; derived/modified weekly sleeves bridged,Growth_QQQ | Broad_US | Trend | Rates_US5 | Styles | Gold | Corn | Silver | Bitcoin,TSMOM_commodities_LF_13_26_52
"Added commodities TSMOM long-flat [13, 26, 52], weight 10%",Hybrid daily source P&L; derived/modified weekly sleeves bridged,Growth_QQQ | Broad_US | Trend | Rates_US5 | Styles | Gold | Corn | Silver | Bitcoin,TSMOM_commodities_LF_13_26_52
"Added commodities TSMOM long-flat [13, 26, 52], weight 15%",Hybrid daily source P&L; derived/modified weekly sleeves bridged,Growth_QQQ | Broad_US | Trend | Rates_US5 | Styles | Gold | Corn | Silver | Bitcoin,TSMOM_commodities_LF_13_26_52
"Added commodities TSMOM long-flat [13, 26, 52], weight 20%",Hybrid daily source P&L; derived/modified weekly sleeves bridged,Growth_QQQ | Broad_US | Trend | Rates_US5 | Styles | Gold | Corn | Silver | Bitcoin,TSMOM_commodities_LF_13_26_52
"Added commodities TSMOM long-short [26, 52, 104], weight 5%",Hybrid daily source P&L; derived/modified weekly sleeves bridged,Growth_QQQ | Broad_US | Trend | Rates_US5 | Styles | Gold | Corn | Silver | Bitcoin,TSMOM_commodities_LS_26_52_104
"Added commodities TSMOM long-short [26, 52, 104], weight 10%",Hybrid daily source P&L; derived/modified weekly sleeves bridged,Growth_QQQ | Broad_US | Trend | Rates_US5 | Styles | Gold | Corn | Silver | Bitcoin,TSMOM_commodities_LS_26_52_104
"Added commodities TSMOM long-short [26, 52, 104], weight 15%",Hybrid daily source P&L; derived/modified weekly sleeves bridged,Growth_QQQ | Broad_US | Trend | Rates_US5 | Styles | Gold | Corn | Silver | Bitcoin,TSMOM_commodities_LS_26_52_104
"Added commodities TSMOM long-short [26, 52, 104], weight 20%",Hybrid daily source P&L; derived/modified weekly sleeves bridged,Growth_QQQ | Broad_US | Trend | Rates_US5 | Styles | Gold | Corn | Silver | Bitcoin,TSMOM_commodities_LS_26_52_104
"Added commodities TSMOM long-flat [26, 52, 104], weight 5%",Hybrid daily source P&L; derived/modified weekly sleeves bridged,Growth_QQQ | Broad_US | Trend | Rates_US5 | Styles | Gold | Corn | Silver | Bitcoin,TSMOM_commodities_LF_26_52_104
"Added commodities TSMOM long-flat [26, 52, 104], weight 10%",Hybrid daily source P&L; derived/modified weekly sleeves bridged,Growth_QQQ | Broad_US | Trend | Rates_US5 | Styles | Gold | Corn | Silver | Bitcoin,TSMOM_commodities_LF_26_52_104
"Added commodities TSMOM long-flat [26, 52, 104], weight 15%",Hybrid daily source P&L; derived/modified weekly sleeves bridged,Growth_QQQ | Broad_US | Trend | Rates_US5 | Styles | Gold | Corn | Silver | Bitcoin,TSMOM_commodities_LF_26_52_104
"Added commodities TSMOM long-flat [26, 52, 104], weight 20%",Hybrid daily source P&L; derived/modified weekly sleeves bridged,Growth_QQQ | Broad_US | Trend | Rates_US5 | Styles | Gold | Corn | Silver | Bitcoin,TSMOM_commodities_LF_26_52_104
"Added equities TSMOM long-short [13, 26, 52], weight 5%",Hybrid daily source P&L; derived/modified weekly sleeves bridged,Growth_QQQ | Broad_US | Trend | Rates_US5 | Styles | Gold | Corn | Silver | Bitcoin,TSMOM_equities_LS_13_26_52
"Added equities TSMOM long-short [13, 26, 52], weight 10%",Hybrid daily source P&L; derived/modified weekly sleeves bridged,Growth_QQQ | Broad_US | Trend | Rates_US5 | Styles | Gold | Corn | Silver | Bitcoin,TSMOM_equities_LS_13_26_52
"Added equities TSMOM long-short [13, 26, 52], weight 15%",Hybrid daily source P&L; derived/modified weekly sleeves bridged,Growth_QQQ | Broad_US | Trend | Rates_US5 | Styles | Gold | Corn | Silver | Bitcoin,TSMOM_equities_LS_13_26_52
"Added equities TSMOM long-short [13, 26, 52], weight 20%",Hybrid daily source P&L; derived/modified weekly sleeves bridged,Growth_QQQ | Broad_US | Trend | Rates_US5 | Styles | Gold | Corn | Silver | Bitcoin,TSMOM_equities_LS_13_26_52
"Added equities TSMOM long-flat [13, 26, 52], weight 5%",Hybrid daily source P&L; derived/modified weekly sleeves bridged,Growth_QQQ | Broad_US | Trend | Rates_US5 | Styles | Gold | Corn | Silver | Bitcoin,TSMOM_equities_LF_13_26_52
"Added equities TSMOM long-flat [13, 26, 52], weight 10%",Hybrid daily source P&L; derived/modified weekly sleeves bridged,Growth_QQQ | Broad_US | Trend | Rates_US5 | Styles | Gold | Corn | Silver | Bitcoin,TSMOM_equities_LF_13_26_52
"Added equities TSMOM long-flat [13, 26, 52], weight 15%",Hybrid daily source P&L; derived/modified weekly sleeves bridged,Growth_QQQ | Broad_US | Trend | Rates_US5 | Styles | Gold | Corn | Silver | Bitcoin,TSMOM_equities_LF_13_26_52
"Added equities TSMOM long-flat [13, 26, 52], weight 20%",Hybrid daily source P&L; derived/modified weekly sleeves bridged,Growth_QQQ | Broad_US | Trend | Rates_US5 | Styles | Gold | Corn | Silver | Bitcoin,TSMOM_equities_LF_13_26_52
"Added equities TSMOM long-short [26, 52, 104], weight 5%",Hybrid daily source P&L; derived/modified weekly sleeves bridged,Growth_QQQ | Broad_US | Trend | Rates_US5 | Styles | Gold | Corn | Silver | Bitcoin,TSMOM_equities_LS_26_52_104
"Added equities TSMOM long-short [26, 52, 104], weight 10%",Hybrid daily source P&L; derived/modified weekly sleeves bridged,Growth_QQQ | Broad_US | Trend | Rates_US5 | Styles | Gold | Corn | Silver | Bitcoin,TSMOM_equities_LS_26_52_104
"Added equities TSMOM long-short [26, 52, 104], weight 15%",Hybrid daily source P&L; derived/modified weekly sleeves bridged,Growth_QQQ | Broad_US | Trend | Rates_US5 | Styles | Gold | Corn | Silver | Bitcoin,TSMOM_equities_LS_26_52_104
"Added equities TSMOM long-short [26, 52, 104], weight 20%",Hybrid daily source P&L; derived/modified weekly sleeves bridged,Growth_QQQ | Broad_US | Trend | Rates_US5 | Styles | Gold | Corn | Silver | Bitcoin,TSMOM_equities_LS_26_52_104
"Added equities TSMOM long-flat [26, 52, 104], weight 5%",Hybrid daily source P&L; derived/modified weekly sleeves bridged,Growth_QQQ | Broad_US | Trend | Rates_US5 | Styles | Gold | Corn | Silver | Bitcoin,TSMOM_equities_LF_26_52_104
"Added equities TSMOM long-flat [26, 52, 104], weight 10%",Hybrid daily source P&L; derived/modified weekly sleeves bridged,Growth_QQQ | Broad_US | Trend | Rates_US5 | Styles | Gold | Corn | Silver | Bitcoin,TSMOM_equities_LF_26_52_104
"Added equities TSMOM long-flat [26, 52, 104], weight 15%",Hybrid daily source P&L; derived/modified weekly sleeves bridged,Growth_QQQ | Broad_US | Trend | Rates_US5 | Styles | Gold | Corn | Silver | Bitcoin,TSMOM_equities_LF_26_52_104
"Added equities TSMOM long-flat [26, 52, 104], weight 20%",Hybrid daily source P&L; derived/modified weekly sleeves bridged,Growth_QQQ | Broad_US | Trend | Rates_US5 | Styles | Gold | Corn | Silver | Bitcoin,TSMOM_equities_LF_26_52_104
"Added all sleeves ex existing trend TSMOM long-short [13, 26, 52], weight 5%",Hybrid daily source P&L; derived/modified weekly sleeves bridged,Growth_QQQ | Broad_US | Trend | Rates_US5 | Styles | Gold | Corn | Silver | Bitcoin,TSMOM_all sleeves ex existing trend_LS_13_26_52
"Added all sleeves ex existing trend TSMOM long-short [13, 26, 52], weight 10%",Hybrid daily source P&L; derived/modified weekly sleeves bridged,Growth_QQQ | Broad_US | Trend | Rates_US5 | Styles | Gold | Corn | Silver | Bitcoin,TSMOM_all sleeves ex existing trend_LS_13_26_52
"Added all sleeves ex existing trend TSMOM long-short [13, 26, 52], weight 15%",Hybrid daily source P&L; derived/modified weekly sleeves bridged,Growth_QQQ | Broad_US | Trend | Rates_US5 | Styles | Gold | Corn | Silver | Bitcoin,TSMOM_all sleeves ex existing trend_LS_13_26_52
"Added all sleeves ex existing trend TSMOM long-short [13, 26, 52], weight 20%",Hybrid daily source P&L; derived/modified weekly sleeves bridged,Growth_QQQ | Broad_US | Trend | Rates_US5 | Styles | Gold | Corn | Silver | Bitcoin,TSMOM_all sleeves ex existing trend_LS_13_26_52
"Added all sleeves ex existing trend TSMOM long-flat [13, 26, 52], weight 5%",Hybrid daily source P&L; derived/modified weekly sleeves bridged,Growth_QQQ | Broad_US | Trend | Rates_US5 | Styles | Gold | Corn | Silver | Bitcoin,TSMOM_all sleeves ex existing trend_LF_13_26_52
"Added all sleeves ex existing trend TSMOM long-flat [13, 26, 52], weight 10%",Hybrid daily source P&L; derived/modified weekly sleeves bridged,Growth_QQQ | Broad_US | Trend | Rates_US5 | Styles | Gold | Corn | Silver | Bitcoin,TSMOM_all sleeves ex existing trend_LF_13_26_52
"Added all sleeves ex existing trend TSMOM long-flat [13, 26, 52], weight 15%",Hybrid daily source P&L; derived/modified weekly sleeves bridged,Growth_QQQ | Broad_US | Trend | Rates_US5 | Styles | Gold | Corn | Silver | Bitcoin,TSMOM_all sleeves ex existing trend_LF_13_26_52
"Added all sleeves ex existing trend TSMOM long-flat [13, 26, 52], weight 20%",Hybrid daily source P&L; derived/modified weekly sleeves bridged,Growth_QQQ | Broad_US | Trend | Rates_US5 | Styles | Gold | Corn | Silver | Bitcoin,TSMOM_all sleeves ex existing trend_LF_13_26_52
"Added all sleeves ex existing trend TSMOM long-short [26, 52, 104], weight 5%",Hybrid daily source P&L; derived/modified weekly sleeves bridged,Growth_QQQ | Broad_US | Trend | Rates_US5 | Styles | Gold | Corn | Silver | Bitcoin,TSMOM_all sleeves ex existing trend_LS_26_52_104
"Added all sleeves ex existing trend TSMOM long-short [26, 52, 104], weight 10%",Hybrid daily source P&L; derived/modified weekly sleeves bridged,Growth_QQQ | Broad_US | Trend | Rates_US5 | Styles | Gold | Corn | Silver | Bitcoin,TSMOM_all sleeves ex existing trend_LS_26_52_104
"Added all sleeves ex existing trend TSMOM long-short [26, 52, 104], weight 15%",Hybrid daily source P&L; derived/modified weekly sleeves bridged,Growth_QQQ | Broad_US | Trend | Rates_US5 | Styles | Gold | Corn | Silver | Bitcoin,TSMOM_all sleeves ex existing trend_LS_26_52_104
"Added all sleeves ex existing trend TSMOM long-short [26, 52, 104], weight 20%",Hybrid daily source P&L; derived/modified weekly sleeves bridged,Growth_QQQ | Broad_US | Trend | Rates_US5 | Styles | Gold | Corn | Silver | Bitcoin,TSMOM_all sleeves ex existing trend_LS_26_52_104
"Added all sleeves ex existing trend TSMOM long-flat [26, 52, 104], weight 5%",Hybrid daily source P&L; derived/modified weekly sleeves bridged,Growth_QQQ | Broad_US | Trend | Rates_US5 | Styles | Gold | Corn | Silver | Bitcoin,TSMOM_all sleeves ex existing trend_LF_26_52_104
"Added all sleeves ex existing trend TSMOM long-flat [26, 52, 104], weight 10%",Hybrid daily source P&L; derived/modified weekly sleeves bridged,Growth_QQQ | Broad_US | Trend | Rates_US5 | Styles | Gold | Corn | Silver | Bitcoin,TSMOM_all sleeves ex existing trend_LF_26_52_104
"Added all sleeves ex existing trend TSMOM long-flat [26, 52, 104], weight 15%",Hybrid daily source P&L; derived/modified weekly sleeves bridged,Growth_QQQ | Broad_US | Trend | Rates_US5 | Styles | Gold | Corn | Silver | Bitcoin,TSMOM_all sleeves ex existing trend_LF_26_52_104
"Added all sleeves ex existing trend TSMOM long-flat [26, 52, 104], weight 20%",Hybrid daily source P&L; derived/modified weekly sleeves bridged,Growth_QQQ | Broad_US | Trend | Rates_US5 | Styles | Gold | Corn | Silver | Bitcoin,TSMOM_all sleeves ex existing trend_LF_26_52_104
"Growth sleeve via 3x QQQ daily-reset wrapper, replace 25%",Hybrid daily source P&L; derived/modified weekly sleeves bridged,Growth_QQQ | Broad_US | Trend | Rates_US5 | Styles | Gold | Corn | Silver | Bitcoin,3x QQQ daily-reset wrapper
"Growth sleeve via 3x QQQ daily-reset wrapper, replace 50%",Hybrid daily source P&L; derived/modified weekly sleeves bridged,Growth_QQQ | Broad_US | Trend | Rates_US5 | Styles | Gold | Corn | Silver | Bitcoin,3x QQQ daily-reset wrapper
"Growth sleeve via 3x QQQ daily-reset wrapper, replace 100%",Hybrid daily source P&L; derived/modified weekly sleeves bridged,Growth_QQQ | Broad_US | Trend | Rates_US5 | Styles | Gold | Corn | Silver | Bitcoin,3x QQQ daily-reset wrapper
"Growth sleeve via 55% 3x QQQ plus cash wrapper, replace 25%",Hybrid daily source P&L; derived/modified weekly sleeves bridged,Growth_QQQ | Broad_US | Trend | Rates_US5 | Styles | Gold | Corn | Silver | Bitcoin,55% 3x QQQ plus cash wrapper
"Growth sleeve via 55% 3x QQQ plus cash wrapper, replace 50%",Hybrid daily source P&L; derived/modified weekly sleeves bridged,Growth_QQQ | Broad_US | Trend | Rates_US5 | Styles | Gold | Corn | Silver | Bitcoin,55% 3x QQQ plus cash wrapper
"Growth sleeve via 55% 3x QQQ plus cash wrapper, replace 100%",Hybrid daily source P&L; derived/modified weekly sleeves bridged,Growth_QQQ | Broad_US | Trend | Rates_US5 | Styles | Gold | Corn | Silver | Bitcoin,55% 3x QQQ plus cash wrapper
"Vol forecast: fast 4w, slow 26w, floor 1%",Direct daily source P&L,Growth_QQQ | Broad_US | Trend | Rates_US5 | Styles | Gold | Corn | Silver | Bitcoin,
"Vol forecast: fast 4w, slow 26w, floor 2%",Direct daily source P&L,Growth_QQQ | Broad_US | Trend | Rates_US5 | Styles | Gold | Corn | Silver | Bitcoin,
"Vol forecast: fast 4w, slow 26w, floor 4%",Direct daily source P&L,Growth_QQQ | Broad_US | Trend | Rates_US5 | Styles | Gold | Corn | Silver | Bitcoin,
"Vol forecast: fast 4w, slow 52w, floor 1%",Direct daily source P&L,Growth_QQQ | Broad_US | Trend | Rates_US5 | Styles | Gold | Corn | Silver | Bitcoin,
"Vol forecast: fast 4w, slow 52w, floor 2%",Direct daily source P&L,Growth_QQQ | Broad_US | Trend | Rates_US5 | Styles | Gold | Corn | Silver | Bitcoin,
"Vol forecast: fast 4w, slow 52w, floor 4%",Direct daily source P&L,Growth_QQQ | Broad_US | Trend | Rates_US5 | Styles | Gold | Corn | Silver | Bitcoin,
"Vol forecast: fast 4w, slow 104w, floor 1%",Direct daily source P&L,Growth_QQQ | Broad_US | Trend | Rates_US5 | Styles | Gold | Corn | Silver | Bitcoin,
"Vol forecast: fast 4w, slow 104w, floor 2%",Direct daily source P&L,Growth_QQQ | Broad_US | Trend | Rates_US5 | Styles | Gold | Corn | Silver | Bitcoin,
"Vol forecast: fast 4w, slow 104w, floor 4%",Direct daily source P&L,Growth_QQQ | Broad_US | Trend | Rates_US5 | Styles | Gold | Corn | Silver | Bitcoin,
"Vol forecast: fast 8w, slow 26w, floor 1%",Direct daily source P&L,Growth_QQQ | Broad_US | Trend | Rates_US5 | Styles | Gold | Corn | Silver | Bitcoin,
"Vol forecast: fast 8w, slow 26w, floor 2%",Direct daily source P&L,Growth_QQQ | Broad_US | Trend | Rates_US5 | Styles | Gold | Corn | Silver | Bitcoin,
"Vol forecast: fast 8w, slow 26w, floor 4%",Direct daily source P&L,Growth_QQQ | Broad_US | Trend | Rates_US5 | Styles | Gold | Corn | Silver | Bitcoin,
"Vol forecast: fast 8w, slow 52w, floor 1%",Direct daily source P&L,Growth_QQQ | Broad_US | Trend | Rates_US5 | Styles | Gold | Corn | Silver | Bitcoin,
"Vol forecast: fast 8w, slow 52w, floor 2%",Direct daily source P&L,Growth_QQQ | Broad_US | Trend | Rates_US5 | Styles | Gold | Corn | Silver | Bitcoin,
"Vol forecast: fast 8w, slow 52w, floor 4%",Direct daily source P&L,Growth_QQQ | Broad_US | Trend | Rates_US5 | Styles | Gold | Corn | Silver | Bitcoin,
"Vol forecast: fast 8w, slow 104w, floor 1%",Direct daily source P&L,Growth_QQQ | Broad_US | Trend | Rates_US5 | Styles | Gold | Corn | Silver | Bitcoin,
"Vol forecast: fast 8w, slow 104w, floor 2%",Direct daily source P&L,Growth_QQQ | Broad_US | Trend | Rates_US5 | Styles | Gold | Corn | Silver | Bitcoin,
"Vol forecast: fast 8w, slow 104w, floor 4%",Direct daily source P&L,Growth_QQQ | Broad_US | Trend | Rates_US5 | Styles | Gold | Corn | Silver | Bitcoin,
"Vol forecast: fast 13w, slow 26w, floor 1%",Direct daily source P&L,Growth_QQQ | Broad_US | Trend | Rates_US5 | Styles | Gold | Corn | Silver | Bitcoin,
"Vol forecast: fast 13w, slow 26w, floor 2%",Direct daily source P&L,Growth_QQQ | Broad_US | Trend | Rates_US5 | Styles | Gold | Corn | Silver | Bitcoin,
"Vol forecast: fast 13w, slow 26w, floor 4%",Direct daily source P&L,Growth_QQQ | Broad_US | Trend | Rates_US5 | Styles | Gold | Corn | Silver | Bitcoin,
"Vol forecast: fast 13w, slow 52w, floor 1%",Direct daily source P&L,Growth_QQQ | Broad_US | Trend | Rates_US5 | Styles | Gold | Corn | Silver | Bitcoin,
"Vol forecast: fast 13w, slow 52w, floor 2%",Direct daily source P&L,Growth_QQQ | Broad_US | Trend | Rates_US5 | Styles | Gold | Corn | Silver | Bitcoin,
"Vol forecast: fast 13w, slow 52w, floor 4%",Direct daily source P&L,Growth_QQQ | Broad_US | Trend | Rates_US5 | Styles | Gold | Corn | Silver | Bitcoin,
"Vol forecast: fast 13w, slow 104w, floor 1%",Direct daily source P&L,Growth_QQQ | Broad_US | Trend | Rates_US5 | Styles | Gold | Corn | Silver | Bitcoin,
"Vol forecast: fast 13w, slow 104w, floor 2%",Direct daily source P&L,Growth_QQQ | Broad_US | Trend | Rates_US5 | Styles | Gold | Corn | Silver | Bitcoin,
"Vol forecast: fast 13w, slow 104w, floor 4%",Direct daily source P&L,Growth_QQQ | Broad_US | Trend | Rates_US5 | Styles | Gold | Corn | Silver | Bitcoin,
"Vol forecast: fast 26w, slow 26w, floor 1%",Direct daily source P&L,Growth_QQQ | Broad_US | Trend | Rates_US5 | Styles | Gold | Corn | Silver | Bitcoin,
"Vol forecast: fast 26w, slow 26w, floor 2%",Direct daily source P&L,Growth_QQQ | Broad_US | Trend | Rates_US5 | Styles | Gold | Corn | Silver | Bitcoin,
"Vol forecast: fast 26w, slow 26w, floor 4%",Direct daily source P&L,Growth_QQQ | Broad_US | Trend | Rates_US5 | Styles | Gold | Corn | Silver | Bitcoin,
"Vol forecast: fast 26w, slow 52w, floor 1%",Direct daily source P&L,Growth_QQQ | Broad_US | Trend | Rates_US5 | Styles | Gold | Corn | Silver | Bitcoin,
"Vol forecast: fast 26w, slow 52w, floor 2%",Direct daily source P&L,Growth_QQQ | Broad_US | Trend | Rates_US5 | Styles | Gold | Corn | Silver | Bitcoin,
"Vol forecast: fast 26w, slow 52w, floor 4%",Direct daily source P&L,Growth_QQQ | Broad_US | Trend | Rates_US5 | Styles | Gold | Corn | Silver | Bitcoin,
"Vol forecast: fast 26w, slow 104w, floor 1%",Direct daily source P&L,Growth_QQQ | Broad_US | Trend | Rates_US5 | Styles | Gold | Corn | Silver | Bitcoin,
"Vol forecast: fast 26w, slow 104w, floor 2%",Direct daily source P&L,Growth_QQQ | Broad_US | Trend | Rates_US5 | Styles | Gold | Corn | Silver | Bitcoin,
"Vol forecast: fast 26w, slow 104w, floor 4%",Direct daily source P&L,Growth_QQQ | Broad_US | Trend | Rates_US5 | Styles | Gold | Corn | Silver | Bitcoin,
Leverage cap 6x proxy,Direct daily source P&L,Growth_QQQ | Broad_US | Trend | Rates_US5 | Styles | Gold | Corn | Silver | Bitcoin,
Leverage cap 8x proxy,Direct daily source P&L,Growth_QQQ | Broad_US | Trend | Rates_US5 | Styles | Gold | Corn | Silver | Bitcoin,
Leverage cap 10x proxy,Direct daily source P&L,Growth_QQQ | Broad_US | Trend | Rates_US5 | Styles | Gold | Corn | Silver | Bitcoin,
Leverage cap 12x proxy,Direct daily source P&L,Growth_QQQ | Broad_US | Trend | Rates_US5 | Styles | Gold | Corn | Silver | Bitcoin,
Static grid candidate 001,Direct daily source P&L,Growth_QQQ | Broad_US | Trend | Rates_US5 | Styles | Gold | Corn | Silver | Bitcoin,
Static grid candidate 002,Direct daily source P&L,Growth_QQQ | Broad_US | Trend | Rates_US5 | Styles | Gold | Corn | Silver | Bitcoin,
Static grid candidate 003,Direct daily source P&L,Growth_QQQ | Broad_US | Trend | Rates_US5 | Styles | Gold | Corn | Silver | Bitcoin,
Static grid candidate 004,Direct daily source P&L,Growth_QQQ | Broad_US | Trend | Rates_US5 | Styles | Gold | Corn | Silver | Bitcoin,
Static grid candidate 005,Direct daily source P&L,Growth_QQQ | Broad_US | Trend | Rates_US5 | Styles | Gold | Corn | Silver | Bitcoin,
Static grid candidate 006,Direct daily source P&L,Growth_QQQ | Broad_US | Trend | Rates_US5 | Styles | Gold | Corn | Silver | Bitcoin,
Static grid candidate 007,Direct daily source P&L,Growth_QQQ | Broad_US | Trend | Rates_US5 | Styles | Gold | Corn | Silver | Bitcoin,
Static grid candidate 008,Direct daily source P&L,Growth_QQQ | Broad_US | Trend | Rates_US5 | Styles | Gold | Corn | Silver | Bitcoin,
Static grid candidate 009,Direct daily source P&L,Growth_QQQ | Broad_US | Trend | Rates_US5 | Styles | Gold | Corn | Silver | Bitcoin,
Static grid candidate 010,Direct daily source P&L,Growth_QQQ | Broad_US | Trend | Rates_US5 | Styles | Gold | Corn | Silver | Bitcoin,
Static grid candidate 011,Direct daily source P&L,Growth_QQQ | Broad_US | Trend | Rates_US5 | Styles | Gold | Corn | Silver | Bitcoin,
Static grid candidate 012,Direct daily source P&L,Growth_QQQ | Broad_US | Trend | Rates_US5 | Styles | Gold | Corn | Silver | Bitcoin,
Static grid candidate 013,Direct daily source P&L,Growth_QQQ | Broad_US | Trend | Rates_US5 | Styles | Gold | Corn | Silver | Bitcoin,
Static grid candidate 014,Direct daily source P&L,Growth_QQQ | Broad_US | Trend | Rates_US5 | Styles | Gold | Corn | Silver | Bitcoin,
Static grid candidate 015,Direct daily source P&L,Growth_QQQ | Broad_US | Trend | Rates_US5 | Styles | Gold | Corn | Silver | Bitcoin,
Static grid candidate 016,Direct daily source P&L,Growth_QQQ | Broad_US | Trend | Rates_US5 | Styles | Gold | Corn | Silver | Bitcoin,
Static grid candidate 017,Direct daily source P&L,Growth_QQQ | Broad_US | Trend | Rates_US5 | Styles | Gold | Corn | Silver | Bitcoin,
Static grid candidate 018,Direct daily source P&L,Growth_QQQ | Broad_US | Trend | Rates_US5 | Styles | Gold | Corn | Silver | Bitcoin,
Static grid candidate 019,Direct daily source P&L,Growth_QQQ | Broad_US | Trend | Rates_US5 | Styles | Gold | Corn | Silver | Bitcoin,
Static grid candidate 020,Direct daily source P&L,Growth_QQQ | Broad_US | Trend | Rates_US5 | Styles | Gold | Corn | Silver | Bitcoin,
Static grid candidate 021,Direct daily source P&L,Growth_QQQ | Broad_US | Trend | Rates_US5 | Styles | Gold | Corn | Silver | Bitcoin,
Static grid candidate 022,Direct daily source P&L,Growth_QQQ | Broad_US | Trend | Rates_US5 | Styles | Gold | Corn | Silver | Bitcoin,
Static grid candidate 023,Direct daily source P&L,Growth_QQQ | Broad_US | Trend | Rates_US5 | Styles | Gold | Corn | Silver | Bitcoin,
Static grid candidate 024,Direct daily source P&L,Growth_QQQ | Broad_US | Trend | Rates_US5 | Styles | Gold | Corn | Silver | Bitcoin,
Static grid candidate 025,Direct daily source P&L,Growth_QQQ | Broad_US | Trend | Rates_US5 | Styles | Gold | Corn | Silver | Bitcoin,
Static grid candidate 026,Direct daily source P&L,Growth_QQQ | Broad_US | Trend | Rates_US5 | Styles | Gold | Corn | Silver | Bitcoin,
Static grid candidate 027,Direct daily source P&L,Growth_QQQ | Broad_US | Trend | Rates_US5 | Styles | Gold | Corn | Silver | Bitcoin,
Static grid candidate 028,Direct daily source P&L,Growth_QQQ | Broad_US | Trend | Rates_US5 | Styles | Gold | Corn | Silver | Bitcoin,
Static grid candidate 029,Direct daily source P&L,Growth_QQQ | Broad_US | Trend | Rates_US5 | Styles | Gold | Corn | Silver | Bitcoin,
Static grid candidate 030,Direct daily source P&L,Growth_QQQ | Broad_US | Trend | Rates_US5 | Styles | Gold | Corn | Silver | Bitcoin,
Static grid candidate 031,Direct daily source P&L,Growth_QQQ | Broad_US | Trend | Rates_US5 | Styles | Gold | Corn | Silver | Bitcoin,
Static grid candidate 032,Direct daily source P&L,Growth_QQQ | Broad_US | Trend | Rates_US5 | Styles | Gold | Corn | Silver | Bitcoin,
Static grid candidate 033,Direct daily source P&L,Growth_QQQ | Broad_US | Trend | Rates_US5 | Styles | Gold | Corn | Silver | Bitcoin,
Static grid candidate 034,Direct daily source P&L,Growth_QQQ | Broad_US | Trend | Rates_US5 | Styles | Gold | Corn | Silver | Bitcoin,
Static grid candidate 035,Direct daily source P&L,Growth_QQQ | Broad_US | Trend | Rates_US5 | Styles | Gold | Corn | Silver | Bitcoin,
Static grid candidate 036,Direct daily source P&L,Growth_QQQ | Broad_US | Trend | Rates_US5 | Styles | Gold | Corn | Silver | Bitcoin,
Static grid candidate 037,Direct daily source P&L,Growth_QQQ | Broad_US | Trend | Rates_US5 | Styles | Gold | Corn | Silver | Bitcoin,
Static grid candidate 038,Direct daily source P&L,Growth_QQQ | Broad_US | Trend | Rates_US5 | Styles | Gold | Corn | Silver | Bitcoin,
Static grid candidate 039,Direct daily source P&L,Growth_QQQ | Broad_US | Trend | Rates_US5 | Styles | Gold | Corn | Silver | Bitcoin,
Static grid candidate 040,Direct daily source P&L,Growth_QQQ | Broad_US | Trend | Rates_US5 | Styles | Gold | Corn | Silver | Bitcoin,
Static grid candidate 041,Direct daily source P&L,Growth_QQQ | Broad_US | Trend | Rates_US5 | Styles | Gold | Corn | Silver | Bitcoin,
Static grid candidate 042,Direct daily source P&L,Growth_QQQ | Broad_US | Trend | Rates_US5 | Styles | Gold | Corn | Silver | Bitcoin,
Static grid candidate 043,Direct daily source P&L,Growth_QQQ | Broad_US | Trend | Rates_US5 | Styles | Gold | Corn | Silver | Bitcoin,
Static grid candidate 044,Direct daily source P&L,Growth_QQQ | Broad_US | Trend | Rates_US5 | Styles | Gold | Corn | Silver | Bitcoin,
Static grid candidate 045,Direct daily source P&L,Growth_QQQ | Broad_US | Trend | Rates_US5 | Styles | Gold | Corn | Silver | Bitcoin,
Static grid candidate 046,Direct daily source P&L,Growth_QQQ | Broad_US | Trend | Rates_US5 | Styles | Gold | Corn | Silver | Bitcoin,
Static grid candidate 047,Direct daily source P&L,Growth_QQQ | Broad_US | Trend | Rates_US5 | Styles | Gold | Corn | Silver | Bitcoin,
Static grid candidate 048,Direct daily source P&L,Growth_QQQ | Broad_US | Trend | Rates_US5 | Styles | Gold | Corn | Silver | Bitcoin,
Static grid candidate 049,Direct daily source P&L,Growth_QQQ | Broad_US | Trend | Rates_US5 | Styles | Gold | Corn | Silver | Bitcoin,
Static grid candidate 050,Direct daily source P&L,Growth_QQQ | Broad_US | Trend | Rates_US5 | Styles | Gold | Corn | Silver | Bitcoin,
Static grid candidate 051,Direct daily source P&L,Growth_QQQ | Broad_US | Trend | Rates_US5 | Styles | Gold | Corn | Silver | Bitcoin,
Static grid candidate 052,Direct daily source P&L,Growth_QQQ | Broad_US | Trend | Rates_US5 | Styles | Gold | Corn | Silver | Bitcoin,
Static grid candidate 053,Direct daily source P&L,Growth_QQQ | Broad_US | Trend | Rates_US5 | Styles | Gold | Corn | Silver | Bitcoin,
Static grid candidate 054,Direct daily source P&L,Growth_QQQ | Broad_US | Trend | Rates_US5 | Styles | Gold | Corn | Silver | Bitcoin,
Static grid candidate 055,Direct daily source P&L,Growth_QQQ | Broad_US | Trend | Rates_US5 | Styles | Gold | Corn | Silver | Bitcoin,
Static grid candidate 056,Direct daily source P&L,Growth_QQQ | Broad_US | Trend | Rates_US5 | Styles | Gold | Corn | Silver | Bitcoin,
Static grid candidate 057,Direct daily source P&L,Growth_QQQ | Broad_US | Trend | Rates_US5 | Styles | Gold | Corn | Silver | Bitcoin,
Static grid candidate 058,Direct daily source P&L,Growth_QQQ | Broad_US | Trend | Rates_US5 | Styles | Gold | Corn | Silver | Bitcoin,
Static grid candidate 059,Direct daily source P&L,Growth_QQQ | Broad_US | Trend | Rates_US5 | Styles | Gold | Corn | Silver | Bitcoin,
Static grid candidate 060,Direct daily source P&L,Growth_QQQ | Broad_US | Trend | Rates_US5 | Styles | Gold | Corn | Silver | Bitcoin,
Static grid candidate 061,Direct daily source P&L,Growth_QQQ | Broad_US | Trend | Rates_US5 | Styles | Gold | Corn | Silver | Bitcoin,
Static grid candidate 062,Direct daily source P&L,Growth_QQQ | Broad_US | Trend | Rates_US5 | Styles | Gold | Corn | Silver | Bitcoin,
Static grid candidate 063,Direct daily source P&L,Growth_QQQ | Broad_US | Trend | Rates_US5 | Styles | Gold | Corn | Silver | Bitcoin,
Static grid candidate 064,Direct daily source P&L,Growth_QQQ | Broad_US | Trend | Rates_US5 | Styles | Gold | Corn | Silver | Bitcoin,
Static grid candidate 065,Direct daily source P&L,Growth_QQQ | Broad_US | Trend | Rates_US5 | Styles | Gold | Corn | Silver | Bitcoin,
Static grid candidate 066,Direct daily source P&L,Growth_QQQ | Broad_US | Trend | Rates_US5 | Styles | Gold | Corn | Silver | Bitcoin,
Static grid candidate 067,Direct daily source P&L,Growth_QQQ | Broad_US | Trend | Rates_US5 | Styles | Gold | Corn | Silver | Bitcoin,
Static grid candidate 068,Direct daily source P&L,Growth_QQQ | Broad_US | Trend | Rates_US5 | Styles | Gold | Corn | Silver | Bitcoin,
Static grid candidate 069,Direct daily source P&L,Growth_QQQ | Broad_US | Trend | Rates_US5 | Styles | Gold | Corn | Silver | Bitcoin,
Static grid candidate 070,Direct daily source P&L,Growth_QQQ | Broad_US | Trend | Rates_US5 | Styles | Gold | Corn | Silver | Bitcoin,
Static grid candidate 071,Direct daily source P&L,Growth_QQQ | Broad_US | Trend | Rates_US5 | Styles | Gold | Corn | Silver | Bitcoin,
Static grid candidate 072,Direct daily source P&L,Growth_QQQ | Broad_US | Trend | Rates_US5 | Styles | Gold | Corn | Silver | Bitcoin,
Static grid candidate 073,Direct daily source P&L,Growth_QQQ | Broad_US | Trend | Rates_US5 | Styles | Gold | Corn | Silver | Bitcoin,
Static grid candidate 074,Direct daily source P&L,Growth_QQQ | Broad_US | Trend | Rates_US5 | Styles | Gold | Corn | Silver | Bitcoin,
Static grid candidate 075,Direct daily source P&L,Growth_QQQ | Broad_US | Trend | Rates_US5 | Styles | Gold | Corn | Silver | Bitcoin,
Static grid candidate 076,Direct daily source P&L,Growth_QQQ | Broad_US | Trend | Rates_US5 | Styles | Gold | Corn | Silver | Bitcoin,
Static grid candidate 077,Direct daily source P&L,Growth_QQQ | Broad_US | Trend | Rates_US5 | Styles | Gold | Corn | Silver | Bitcoin,
Static grid candidate 078,Direct daily source P&L,Growth_QQQ | Broad_US | Trend | Rates_US5 | Styles | Gold | Corn | Silver | Bitcoin,
Static grid candidate 079,Direct daily source P&L,Growth_QQQ | Broad_US | Trend | Rates_US5 | Styles | Gold | Corn | Silver | Bitcoin,
Static grid candidate 080,Direct daily source P&L,Growth_QQQ | Broad_US | Trend | Rates_US5 | Styles | Gold | Corn | Silver | Bitcoin,
Static grid candidate 081,Direct daily source P&L,Growth_QQQ | Broad_US | Trend | Rates_US5 | Styles | Gold | Corn | Silver | Bitcoin,
Static grid candidate 082,Direct daily source P&L,Growth_QQQ | Broad_US | Trend | Rates_US5 | Styles | Gold | Corn | Silver | Bitcoin,
Static grid candidate 083,Direct daily source P&L,Growth_QQQ | Broad_US | Trend | Rates_US5 | Styles | Gold | Corn | Silver | Bitcoin,
Static grid candidate 084,Direct daily source P&L,Growth_QQQ | Broad_US | Trend | Rates_US5 | Styles | Gold | Corn | Silver | Bitcoin,
Static grid candidate 085,Direct daily source P&L,Growth_QQQ | Broad_US | Trend | Rates_US5 | Styles | Gold | Corn | Silver | Bitcoin,
Static grid candidate 086,Direct daily source P&L,Growth_QQQ | Broad_US | Trend | Rates_US5 | Styles | Gold | Corn | Silver | Bitcoin,
Static grid candidate 087,Direct daily source P&L,Growth_QQQ | Broad_US | Trend | Rates_US5 | Styles | Gold | Corn | Silver | Bitcoin,
Static grid candidate 088,Direct daily source P&L,Growth_QQQ | Broad_US | Trend | Rates_US5 | Styles | Gold | Corn | Silver | Bitcoin,
Static grid candidate 089,Direct daily source P&L,Growth_QQQ | Broad_US | Trend | Rates_US5 | Styles | Gold | Corn | Silver | Bitcoin,
Static grid candidate 090,Direct daily source P&L,Growth_QQQ | Broad_US | Trend | Rates_US5 | Styles | Gold | Corn | Silver | Bitcoin,
Static grid candidate 091,Direct daily source P&L,Growth_QQQ | Broad_US | Trend | Rates_US5 | Styles | Gold | Corn | Silver | Bitcoin,
Static grid candidate 092,Direct daily source P&L,Growth_QQQ | Broad_US | Trend | Rates_US5 | Styles | Gold | Corn | Silver | Bitcoin,
Static grid candidate 093,Direct daily source P&L,Growth_QQQ | Broad_US | Trend | Rates_US5 | Styles | Gold | Corn | Silver | Bitcoin,
Static grid candidate 094,Direct daily source P&L,Growth_QQQ | Broad_US | Trend | Rates_US5 | Styles | Gold | Corn | Silver | Bitcoin,
Static grid candidate 095,Direct daily source P&L,Growth_QQQ | Broad_US | Trend | Rates_US5 | Styles | Gold | Corn | Silver | Bitcoin,
Static grid candidate 096,Direct daily source P&L,Growth_QQQ | Broad_US | Trend | Rates_US5 | Styles | Gold | Corn | Silver | Bitcoin,
Static grid candidate 097,Direct daily source P&L,Growth_QQQ | Broad_US | Trend | Rates_US5 | Styles | Gold | Corn | Silver | Bitcoin,
Static grid candidate 098,Direct daily source P&L,Growth_QQQ | Broad_US | Trend | Rates_US5 | Styles | Gold | Corn | Silver | Bitcoin,
Static grid candidate 099,Direct daily source P&L,Growth_QQQ | Broad_US | Trend | Rates_US5 | Styles | Gold | Corn | Silver | Bitcoin,
Static grid candidate 100,Direct daily source P&L,Growth_QQQ | Broad_US | Trend | Rates_US5 | Styles | Gold | Corn | Silver | Bitcoin,
Static grid candidate 101,Direct daily source P&L,Growth_QQQ | Broad_US | Trend | Rates_US5 | Styles | Gold | Corn | Silver | Bitcoin,
Static grid candidate 102,Direct daily source P&L,Growth_QQQ | Broad_US | Trend | Rates_US5 | Styles | Gold | Corn | Silver | Bitcoin,
Static grid candidate 103,Direct daily source P&L,Growth_QQQ | Broad_US | Trend | Rates_US5 | Styles | Gold | Corn | Silver | Bitcoin,
Static grid candidate 104,Direct daily source P&L,Growth_QQQ | Broad_US | Trend | Rates_US5 | Styles | Gold | Corn | Silver | Bitcoin,
Static grid candidate 105,Direct daily source P&L,Growth_QQQ | Broad_US | Trend | Rates_US5 | Styles | Gold | Corn | Silver | Bitcoin,
Static grid candidate 106,Direct daily source P&L,Growth_QQQ | Broad_US | Trend | Rates_US5 | Styles | Gold | Corn | Silver | Bitcoin,
Static grid candidate 107,Direct daily source P&L,Growth_QQQ | Broad_US | Trend | Rates_US5 | Styles | Gold | Corn | Silver | Bitcoin,
Static grid candidate 108,Direct daily source P&L,Growth_QQQ | Broad_US | Trend | Rates_US5 | Styles | Gold | Corn | Silver | Bitcoin,
Static grid candidate 109,Direct daily source P&L,Growth_QQQ | Broad_US | Trend | Rates_US5 | Styles | Gold | Corn | Silver | Bitcoin,
Static grid candidate 110,Direct daily source P&L,Growth_QQQ | Broad_US | Trend | Rates_US5 | Styles | Gold | Corn | Silver | Bitcoin,
Static grid candidate 111,Direct daily source P&L,Growth_QQQ | Broad_US | Trend | Rates_US5 | Styles | Gold | Corn | Silver | Bitcoin,
Static grid candidate 112,Direct daily source P&L,Growth_QQQ | Broad_US | Trend | Rates_US5 | Styles | Gold | Corn | Silver | Bitcoin,
Static grid candidate 113,Direct daily source P&L,Growth_QQQ | Broad_US | Trend | Rates_US5 | Styles | Gold | Corn | Silver | Bitcoin,
Static grid candidate 114,Direct daily source P&L,Growth_QQQ | Broad_US | Trend | Rates_US5 | Styles | Gold | Corn | Silver | Bitcoin,
Static grid candidate 115,Direct daily source P&L,Growth_QQQ | Broad_US | Trend | Rates_US5 | Styles | Gold | Corn | Silver | Bitcoin,
Static grid candidate 116,Direct daily source P&L,Growth_QQQ | Broad_US | Trend | Rates_US5 | Styles | Gold | Corn | Silver | Bitcoin,
Static grid candidate 117,Direct daily source P&L,Growth_QQQ | Broad_US | Trend | Rates_US5 | Styles | Gold | Corn | Silver | Bitcoin,
Static grid candidate 118,Direct daily source P&L,Growth_QQQ | Broad_US | Trend | Rates_US5 | Styles | Gold | Corn | Silver | Bitcoin,
Static grid candidate 119,Direct daily source P&L,Growth_QQQ | Broad_US | Trend | Rates_US5 | Styles | Gold | Corn | Silver | Bitcoin,
Static grid candidate 120,Direct daily source P&L,Growth_QQQ | Broad_US | Trend | Rates_US5 | Styles | Gold | Corn | Silver | Bitcoin,
Static grid candidate 121,Direct daily source P&L,Growth_QQQ | Broad_US | Trend | Rates_US5 | Styles | Gold | Corn | Silver | Bitcoin,
Static grid candidate 122,Direct daily source P&L,Growth_QQQ | Broad_US | Trend | Rates_US5 | Styles | Gold | Corn | Silver | Bitcoin,
Static grid candidate 123,Direct daily source P&L,Growth_QQQ | Broad_US | Trend | Rates_US5 | Styles | Gold | Corn | Silver | Bitcoin,
Static grid candidate 124,Direct daily source P&L,Growth_QQQ | Broad_US | Trend | Rates_US5 | Styles | Gold | Corn | Silver | Bitcoin,
Static grid candidate 125,Direct daily source P&L,Growth_QQQ | Broad_US | Trend | Rates_US5 | Styles | Gold | Corn | Silver | Bitcoin,
Static grid candidate 126,Direct daily source P&L,Growth_QQQ | Broad_US | Trend | Rates_US5 | Styles | Gold | Corn | Silver | Bitcoin,
Static grid candidate 127,Direct daily source P&L,Growth_QQQ | Broad_US | Trend | Rates_US5 | Styles | Gold | Corn | Silver | Bitcoin,
Static grid candidate 128,Direct daily source P&L,Growth_QQQ | Broad_US | Trend | Rates_US5 | Styles | Gold | Corn | Silver | Bitcoin,
Static grid candidate 129,Direct daily source P&L,Growth_QQQ | Broad_US | Trend | Rates_US5 | Styles | Gold | Corn | Silver | Bitcoin,
Static grid candidate 130,Direct daily source P&L,Growth_QQQ | Broad_US | Trend | Rates_US5 | Styles | Gold | Corn | Silver | Bitcoin,
Static grid candidate 131,Direct daily source P&L,Growth_QQQ | Broad_US | Trend | Rates_US5 | Styles | Gold | Corn | Silver | Bitcoin,
Static grid candidate 132,Direct daily source P&L,Growth_QQQ | Broad_US | Trend | Rates_US5 | Styles | Gold | Corn | Silver | Bitcoin,
Static grid candidate 133,Direct daily source P&L,Growth_QQQ | Broad_US | Trend | Rates_US5 | Styles | Gold | Corn | Silver | Bitcoin,
Static grid candidate 134,Direct daily source P&L,Growth_QQQ | Broad_US | Trend | Rates_US5 | Styles | Gold | Corn | Silver | Bitcoin,
Static grid candidate 135,Direct daily source P&L,Growth_QQQ | Broad_US | Trend | Rates_US5 | Styles | Gold | Corn | Silver | Bitcoin,
Static grid candidate 136,Direct daily source P&L,Growth_QQQ | Broad_US | Trend | Rates_US5 | Styles | Gold | Corn | Silver | Bitcoin,
Static grid candidate 137,Direct daily source P&L,Growth_QQQ | Broad_US | Trend | Rates_US5 | Styles | Gold | Corn | Silver | Bitcoin,
Static grid candidate 138,Direct daily source P&L,Growth_QQQ | Broad_US | Trend | Rates_US5 | Styles | Gold | Corn | Silver | Bitcoin,
Static grid candidate 139,Direct daily source P&L,Growth_QQQ | Broad_US | Trend | Rates_US5 | Styles | Gold | Corn | Silver | Bitcoin,
Static grid candidate 140,Direct daily source P&L,Growth_QQQ | Broad_US | Trend | Rates_US5 | Styles | Gold | Corn | Silver | Bitcoin,
Static grid candidate 141,Direct daily source P&L,Growth_QQQ | Broad_US | Trend | Rates_US5 | Styles | Gold | Corn | Silver | Bitcoin,
Static grid candidate 142,Direct daily source P&L,Growth_QQQ | Broad_US | Trend | Rates_US5 | Styles | Gold | Corn | Silver | Bitcoin,
Static grid candidate 143,Direct daily source P&L,Growth_QQQ | Broad_US | Trend | Rates_US5 | Styles | Gold | Corn | Silver | Bitcoin,
Static grid candidate 144,Direct daily source P&L,Growth_QQQ | Broad_US | Trend | Rates_US5 | Styles | Gold | Corn | Silver | Bitcoin,
Static grid candidate 145,Direct daily source P&L,Growth_QQQ | Broad_US | Trend | Rates_US5 | Styles | Gold | Corn | Silver | Bitcoin,
Static grid candidate 146,Direct daily source P&L,Growth_QQQ | Broad_US | Trend | Rates_US5 | Styles | Gold | Corn | Silver | Bitcoin,
Static grid candidate 147,Direct daily source P&L,Growth_QQQ | Broad_US | Trend | Rates_US5 | Styles | Gold | Corn | Silver | Bitcoin,
Static grid candidate 148,Direct daily source P&L,Growth_QQQ | Broad_US | Trend | Rates_US5 | Styles | Gold | Corn | Silver | Bitcoin,
Static grid candidate 149,Direct daily source P&L,Growth_QQQ | Broad_US | Trend | Rates_US5 | Styles | Gold | Corn | Silver | Bitcoin,
Static grid candidate 150,Direct daily source P&L,Growth_QQQ | Broad_US | Trend | Rates_US5 | Styles | Gold | Corn | Silver | Bitcoin,
Static grid candidate 151,Direct daily source P&L,Growth_QQQ | Broad_US | Trend | Rates_US5 | Styles | Gold | Corn | Silver | Bitcoin,
Static grid candidate 152,Direct daily source P&L,Growth_QQQ | Broad_US | Trend | Rates_US5 | Styles | Gold | Corn | Silver | Bitcoin,
Static grid candidate 153,Direct daily source P&L,Growth_QQQ | Broad_US | Trend | Rates_US5 | Styles | Gold | Corn | Silver | Bitcoin,
Static grid candidate 154,Direct daily source P&L,Growth_QQQ | Broad_US | Trend | Rates_US5 | Styles | Gold | Corn | Silver | Bitcoin,
Static grid candidate 155,Direct daily source P&L,Growth_QQQ | Broad_US | Trend | Rates_US5 | Styles | Gold | Corn | Silver | Bitcoin,
Static grid candidate 156,Direct daily source P&L,Growth_QQQ | Broad_US | Trend | Rates_US5 | Styles | Gold | Corn | Silver | Bitcoin,
Static grid candidate 157,Direct daily source P&L,Growth_QQQ | Broad_US | Trend | Rates_US5 | Styles | Gold | Corn | Silver | Bitcoin,
Static grid candidate 158,Direct daily source P&L,Growth_QQQ | Broad_US | Trend | Rates_US5 | Styles | Gold | Corn | Silver | Bitcoin,
Static grid candidate 159,Direct daily source P&L,Growth_QQQ | Broad_US | Trend | Rates_US5 | Styles | Gold | Corn | Silver | Bitcoin,
Static grid candidate 160,Direct daily source P&L,Growth_QQQ | Broad_US | Trend | Rates_US5 | Styles | Gold | Corn | Silver | Bitcoin,
Static grid candidate 161,Direct daily source P&L,Growth_QQQ | Broad_US | Trend | Rates_US5 | Styles | Gold | Corn | Silver | Bitcoin,
Static grid candidate 162,Direct daily source P&L,Growth_QQQ | Broad_US | Trend | Rates_US5 | Styles | Gold | Corn | Silver | Bitcoin,
Static grid candidate 163,Direct daily source P&L,Growth_QQQ | Broad_US | Trend | Rates_US5 | Styles | Gold | Corn | Silver | Bitcoin,
Static grid candidate 164,Direct daily source P&L,Growth_QQQ | Broad_US | Trend | Rates_US5 | Styles | Gold | Corn | Silver | Bitcoin,
Static grid candidate 165,Direct daily source P&L,Growth_QQQ | Broad_US | Trend | Rates_US5 | Styles | Gold | Corn | Silver | Bitcoin,
Static grid candidate 166,Direct daily source P&L,Growth_QQQ | Broad_US | Trend | Rates_US5 | Styles | Gold | Corn | Silver | Bitcoin,
Static grid candidate 167,Direct daily source P&L,Growth_QQQ | Broad_US | Trend | Rates_US5 | Styles | Gold | Corn | Silver | Bitcoin,
Static grid candidate 168,Direct daily source P&L,Growth_QQQ | Broad_US | Trend | Rates_US5 | Styles | Gold | Corn | Silver | Bitcoin,
Static grid candidate 169,Direct daily source P&L,Growth_QQQ | Broad_US | Trend | Rates_US5 | Styles | Gold | Corn | Silver | Bitcoin,
Static grid candidate 170,Direct daily source P&L,Growth_QQQ | Broad_US | Trend | Rates_US5 | Styles | Gold | Corn | Silver | Bitcoin,
Static grid candidate 171,Direct daily source P&L,Growth_QQQ | Broad_US | Trend | Rates_US5 | Styles | Gold | Corn | Silver | Bitcoin,
Static grid candidate 172,Direct daily source P&L,Growth_QQQ | Broad_US | Trend | Rates_US5 | Styles | Gold | Corn | Silver | Bitcoin,
Static grid candidate 173,Direct daily source P&L,Growth_QQQ | Broad_US | Trend | Rates_US5 | Styles | Gold | Corn | Silver | Bitcoin,
Static grid candidate 174,Direct daily source P&L,Growth_QQQ | Broad_US | Trend | Rates_US5 | Styles | Gold | Corn | Silver | Bitcoin,
Static grid candidate 175,Direct daily source P&L,Growth_QQQ | Broad_US | Trend | Rates_US5 | Styles | Gold | Corn | Silver | Bitcoin,
Static grid candidate 176,Direct daily source P&L,Growth_QQQ | Broad_US | Trend | Rates_US5 | Styles | Gold | Corn | Silver | Bitcoin,
Static grid candidate 177,Direct daily source P&L,Growth_QQQ | Broad_US | Trend | Rates_US5 | Styles | Gold | Corn | Silver | Bitcoin,
Static grid candidate 178,Direct daily source P&L,Growth_QQQ | Broad_US | Trend | Rates_US5 | Styles | Gold | Corn | Silver | Bitcoin,
Static grid candidate 179,Direct daily source P&L,Growth_QQQ | Broad_US | Trend | Rates_US5 | Styles | Gold | Corn | Silver | Bitcoin,
Static grid candidate 180,Direct daily source P&L,Growth_QQQ | Broad_US | Trend | Rates_US5 | Styles | Gold | Corn | Silver | Bitcoin,
Static grid candidate 181,Direct daily source P&L,Growth_QQQ | Broad_US | Trend | Rates_US5 | Styles | Gold | Corn | Silver | Bitcoin,
Static grid candidate 182,Direct daily source P&L,Growth_QQQ | Broad_US | Trend | Rates_US5 | Styles | Gold | Corn | Silver | Bitcoin,
Static grid candidate 183,Direct daily source P&L,Growth_QQQ | Broad_US | Trend | Rates_US5 | Styles | Gold | Corn | Silver | Bitcoin,
Static grid candidate 184,Direct daily source P&L,Growth_QQQ | Broad_US | Trend | Rates_US5 | Styles | Gold | Corn | Silver | Bitcoin,
Static grid candidate 185,Direct daily source P&L,Growth_QQQ | Broad_US | Trend | Rates_US5 | Styles | Gold | Corn | Silver | Bitcoin,
Static grid candidate 186,Direct daily source P&L,Growth_QQQ | Broad_US | Trend | Rates_US5 | Styles | Gold | Corn | Silver | Bitcoin,
Static grid candidate 187,Direct daily source P&L,Growth_QQQ | Broad_US | Trend | Rates_US5 | Styles | Gold | Corn | Silver | Bitcoin,
Static grid candidate 188,Direct daily source P&L,Growth_QQQ | Broad_US | Trend | Rates_US5 | Styles | Gold | Corn | Silver | Bitcoin,
Static grid candidate 189,Direct daily source P&L,Growth_QQQ | Broad_US | Trend | Rates_US5 | Styles | Gold | Corn | Silver | Bitcoin,
Static grid candidate 190,Direct daily source P&L,Growth_QQQ | Broad_US | Trend | Rates_US5 | Styles | Gold | Corn | Silver | Bitcoin,
Static grid candidate 191,Direct daily source P&L,Growth_QQQ | Broad_US | Trend | Rates_US5 | Styles | Gold | Corn | Silver | Bitcoin,
Static grid candidate 192,Direct daily source P&L,Growth_QQQ | Broad_US | Trend | Rates_US5 | Styles | Gold | Corn | Silver | Bitcoin,
Static grid candidate 193,Direct daily source P&L,Growth_QQQ | Broad_US | Trend | Rates_US5 | Styles | Gold | Corn | Silver | Bitcoin,
Static grid candidate 194,Direct daily source P&L,Growth_QQQ | Broad_US | Trend | Rates_US5 | Styles | Gold | Corn | Silver | Bitcoin,
Static grid candidate 195,Direct daily source P&L,Growth_QQQ | Broad_US | Trend | Rates_US5 | Styles | Gold | Corn | Silver | Bitcoin,
Static grid candidate 196,Direct daily source P&L,Growth_QQQ | Broad_US | Trend | Rates_US5 | Styles | Gold | Corn | Silver | Bitcoin,
Static grid candidate 197,Direct daily source P&L,Growth_QQQ | Broad_US | Trend | Rates_US5 | Styles | Gold | Corn | Silver | Bitcoin,
Static grid candidate 198,Direct daily source P&L,Growth_QQQ | Broad_US | Trend | Rates_US5 | Styles | Gold | Corn | Silver | Bitcoin,
Static grid candidate 199,Direct daily source P&L,Growth_QQQ | Broad_US | Trend | Rates_US5 | Styles | Gold | Corn | Silver | Bitcoin,
Static grid candidate 200,Direct daily source P&L,Growth_QQQ | Broad_US | Trend | Rates_US5 | Styles | Gold | Corn | Silver | Bitcoin,
Static grid candidate 201,Direct daily source P&L,Growth_QQQ | Broad_US | Trend | Rates_US5 | Styles | Gold | Corn | Silver | Bitcoin,
Static grid candidate 202,Direct daily source P&L,Growth_QQQ | Broad_US | Trend | Rates_US5 | Styles | Gold | Corn | Silver | Bitcoin,
Static grid candidate 203,Direct daily source P&L,Growth_QQQ | Broad_US | Trend | Rates_US5 | Styles | Gold | Corn | Silver | Bitcoin,
Static grid candidate 204,Direct daily source P&L,Growth_QQQ | Broad_US | Trend | Rates_US5 | Styles | Gold | Corn | Silver | Bitcoin,
Static grid candidate 205,Direct daily source P&L,Growth_QQQ | Broad_US | Trend | Rates_US5 | Styles | Gold | Corn | Silver | Bitcoin,
Static grid candidate 206,Direct daily source P&L,Growth_QQQ | Broad_US | Trend | Rates_US5 | Styles | Gold | Corn | Silver | Bitcoin,
Static grid candidate 207,Direct daily source P&L,Growth_QQQ | Broad_US | Trend | Rates_US5 | Styles | Gold | Corn | Silver | Bitcoin,
Static grid candidate 208,Direct daily source P&L,Growth_QQQ | Broad_US | Trend | Rates_US5 | Styles | Gold | Corn | Silver | Bitcoin,
Static grid candidate 209,Direct daily source P&L,Growth_QQQ | Broad_US | Trend | Rates_US5 | Styles | Gold | Corn | Silver | Bitcoin,
Static grid candidate 210,Direct daily source P&L,Growth_QQQ | Broad_US | Trend | Rates_US5 | Styles | Gold | Corn | Silver | Bitcoin,
Static grid candidate 211,Direct daily source P&L,Growth_QQQ | Broad_US | Trend | Rates_US5 | Styles | Gold | Corn | Silver | Bitcoin,
Static grid candidate 212,Direct daily source P&L,Growth_QQQ | Broad_US | Trend | Rates_US5 | Styles | Gold | Corn | Silver | Bitcoin,
Static grid candidate 213,Direct daily source P&L,Growth_QQQ | Broad_US | Trend | Rates_US5 | Styles | Gold | Corn | Silver | Bitcoin,
Static grid candidate 214,Direct daily source P&L,Growth_QQQ | Broad_US | Trend | Rates_US5 | Styles | Gold | Corn | Silver | Bitcoin,
Static grid candidate 215,Direct daily source P&L,Growth_QQQ | Broad_US | Trend | Rates_US5 | Styles | Gold | Corn | Silver | Bitcoin,
Static grid candidate 216,Direct daily source P&L,Growth_QQQ | Broad_US | Trend | Rates_US5 | Styles | Gold | Corn | Silver | Bitcoin,
Static grid candidate 217,Direct daily source P&L,Growth_QQQ | Broad_US | Trend | Rates_US5 | Styles | Gold | Corn | Silver | Bitcoin,
Static grid candidate 218,Direct daily source P&L,Growth_QQQ | Broad_US | Trend | Rates_US5 | Styles | Gold | Corn | Silver | Bitcoin,
Static grid candidate 219,Direct daily source P&L,Growth_QQQ | Broad_US | Trend | Rates_US5 | Styles | Gold | Corn | Silver | Bitcoin,
Static grid candidate 220,Direct daily source P&L,Growth_QQQ | Broad_US | Trend | Rates_US5 | Styles | Gold | Corn | Silver | Bitcoin,
Static grid candidate 221,Direct daily source P&L,Growth_QQQ | Broad_US | Trend | Rates_US5 | Styles | Gold | Corn | Silver | Bitcoin,
Static grid candidate 222,Direct daily source P&L,Growth_QQQ | Broad_US | Trend | Rates_US5 | Styles | Gold | Corn | Silver | Bitcoin,
Static grid candidate 223,Direct daily source P&L,Growth_QQQ | Broad_US | Trend | Rates_US5 | Styles | Gold | Corn | Silver | Bitcoin,
Static grid candidate 224,Direct daily source P&L,Growth_QQQ | Broad_US | Trend | Rates_US5 | Styles | Gold | Corn | Silver | Bitcoin,
Static grid candidate 225,Direct daily source P&L,Growth_QQQ | Broad_US | Trend | Rates_US5 | Styles | Gold | Corn | Silver | Bitcoin,
Static grid candidate 226,Direct daily source P&L,Growth_QQQ | Broad_US | Trend | Rates_US5 | Styles | Gold | Corn | Silver | Bitcoin,
Static grid candidate 227,Direct daily source P&L,Growth_QQQ | Broad_US | Trend | Rates_US5 | Styles | Gold | Corn | Silver | Bitcoin,
Static grid candidate 228,Direct daily source P&L,Growth_QQQ | Broad_US | Trend | Rates_US5 | Styles | Gold | Corn | Silver | Bitcoin,
Static grid candidate 229,Direct daily source P&L,Growth_QQQ | Broad_US | Trend | Rates_US5 | Styles | Gold | Corn | Silver | Bitcoin,
Static grid candidate 230,Direct daily source P&L,Growth_QQQ | Broad_US | Trend | Rates_US5 | Styles | Gold | Corn | Silver | Bitcoin,
Static grid candidate 231,Direct daily source P&L,Growth_QQQ | Broad_US | Trend | Rates_US5 | Styles | Gold | Corn | Silver | Bitcoin,
Static grid candidate 232,Direct daily source P&L,Growth_QQQ | Broad_US | Trend | Rates_US5 | Styles | Gold | Corn | Silver | Bitcoin,
Static grid candidate 233,Direct daily source P&L,Growth_QQQ | Broad_US | Trend | Rates_US5 | Styles | Gold | Corn | Silver | Bitcoin,
Static grid candidate 234,Direct daily source P&L,Growth_QQQ | Broad_US | Trend | Rates_US5 | Styles | Gold | Corn | Silver | Bitcoin,
Static grid candidate 235,Direct daily source P&L,Growth_QQQ | Broad_US | Trend | Rates_US5 | Styles | Gold | Corn | Silver | Bitcoin,
Static grid candidate 236,Direct daily source P&L,Growth_QQQ | Broad_US | Trend | Rates_US5 | Styles | Gold | Corn | Silver | Bitcoin,
Static grid candidate 237,Direct daily source P&L,Growth_QQQ | Broad_US | Trend | Rates_US5 | Styles | Gold | Corn | Silver | Bitcoin,
Static grid candidate 238,Direct daily source P&L,Growth_QQQ | Broad_US | Trend | Rates_US5 | Styles | Gold | Corn | Silver | Bitcoin,
Static grid candidate 239,Direct daily source P&L,Growth_QQQ | Broad_US | Trend | Rates_US5 | Styles | Gold | Corn | Silver | Bitcoin,
Static grid candidate 240,Direct daily source P&L,Growth_QQQ | Broad_US | Trend | Rates_US5 | Styles | Gold | Corn | Silver | Bitcoin,
Static grid candidate 241,Direct daily source P&L,Growth_QQQ | Broad_US | Trend | Rates_US5 | Styles | Gold | Corn | Silver | Bitcoin,
Static grid candidate 242,Direct daily source P&L,Growth_QQQ | Broad_US | Trend | Rates_US5 | Styles | Gold | Corn | Silver | Bitcoin,
Static grid candidate 243,Direct daily source P&L,Growth_QQQ | Broad_US | Trend | Rates_US5 | Styles | Gold | Corn | Silver | Bitcoin,
Static grid candidate 244,Direct daily source P&L,Growth_QQQ | Broad_US | Trend | Rates_US5 | Styles | Gold | Corn | Silver | Bitcoin,
Static grid candidate 245,Direct daily source P&L,Growth_QQQ | Broad_US | Trend | Rates_US5 | Styles | Gold | Corn | Silver | Bitcoin,
Static grid candidate 246,Direct daily source P&L,Growth_QQQ | Broad_US | Trend | Rates_US5 | Styles | Gold | Corn | Silver | Bitcoin,
Static grid candidate 247,Direct daily source P&L,Growth_QQQ | Broad_US | Trend | Rates_US5 | Styles | Gold | Corn | Silver | Bitcoin,
Static grid candidate 248,Direct daily source P&L,Growth_QQQ | Broad_US | Trend | Rates_US5 | Styles | Gold | Corn | Silver | Bitcoin,
Static grid candidate 249,Direct daily source P&L,Growth_QQQ | Broad_US | Trend | Rates_US5 | Styles | Gold | Corn | Silver | Bitcoin,
Static grid candidate 250,Direct daily source P&L,Growth_QQQ | Broad_US | Trend | Rates_US5 | Styles | Gold | Corn | Silver | Bitcoin,
Static grid candidate 251,Direct daily source P&L,Growth_QQQ | Broad_US | Trend | Rates_US5 | Styles | Gold | Corn | Silver | Bitcoin,
Static grid candidate 252,Direct daily source P&L,Growth_QQQ | Broad_US | Trend | Rates_US5 | Styles | Gold | Corn | Silver | Bitcoin,
Static grid candidate 253,Direct daily source P&L,Growth_QQQ | Broad_US | Trend | Rates_US5 | Styles | Gold | Corn | Silver | Bitcoin,
Static grid candidate 254,Direct daily source P&L,Growth_QQQ | Broad_US | Trend | Rates_US5 | Styles | Gold | Corn | Silver | Bitcoin,
Static grid candidate 255,Direct daily source P&L,Growth_QQQ | Broad_US | Trend | Rates_US5 | Styles | Gold | Corn | Silver | Bitcoin,
Static grid candidate 256,Direct daily source P&L,Growth_QQQ | Broad_US | Trend | Rates_US5 | Styles | Gold | Corn | Silver | Bitcoin,
Static grid candidate 257,Direct daily source P&L,Growth_QQQ | Broad_US | Trend | Rates_US5 | Styles | Gold | Corn | Silver | Bitcoin,
Static grid candidate 258,Direct daily source P&L,Growth_QQQ | Broad_US | Trend | Rates_US5 | Styles | Gold | Corn | Silver | Bitcoin,
Static grid candidate 259,Direct daily source P&L,Growth_QQQ | Broad_US | Trend | Rates_US5 | Styles | Gold | Corn | Silver | Bitcoin,
Static grid candidate 260,Direct daily source P&L,Growth_QQQ | Broad_US | Trend | Rates_US5 | Styles | Gold | Corn | Silver | Bitcoin,
Static grid candidate 261,Direct daily source P&L,Growth_QQQ | Broad_US | Trend | Rates_US5 | Styles | Gold | Corn | Silver | Bitcoin,
Static grid candidate 262,Direct daily source P&L,Growth_QQQ | Broad_US | Trend | Rates_US5 | Styles | Gold | Corn | Silver | Bitcoin,
Static grid candidate 263,Direct daily source P&L,Growth_QQQ | Broad_US | Trend | Rates_US5 | Styles | Gold | Corn | Silver | Bitcoin,
Static grid candidate 264,Direct daily source P&L,Growth_QQQ | Broad_US | Trend | Rates_US5 | Styles | Gold | Corn | Silver | Bitcoin,
Static grid candidate 265,Direct daily source P&L,Growth_QQQ | Broad_US | Trend | Rates_US5 | Styles | Gold | Corn | Silver | Bitcoin,
Static grid candidate 266,Direct daily source P&L,Growth_QQQ | Broad_US | Trend | Rates_US5 | Styles | Gold | Corn | Silver | Bitcoin,
Static grid candidate 267,Direct daily source P&L,Growth_QQQ | Broad_US | Trend | Rates_US5 | Styles | Gold | Corn | Silver | Bitcoin,
Static grid candidate 268,Direct daily source P&L,Growth_QQQ | Broad_US | Trend | Rates_US5 | Styles | Gold | Corn | Silver | Bitcoin,
Static grid candidate 269,Direct daily source P&L,Growth_QQQ | Broad_US | Trend | Rates_US5 | Styles | Gold | Corn | Silver | Bitcoin,
Static grid candidate 270,Direct daily source P&L,Growth_QQQ | Broad_US | Trend | Rates_US5 | Styles | Gold | Corn | Silver | Bitcoin,
Static grid candidate 271,Direct daily source P&L,Growth_QQQ | Broad_US | Trend | Rates_US5 | Styles | Gold | Corn | Silver | Bitcoin,
Static grid candidate 272,Direct daily source P&L,Growth_QQQ | Broad_US | Trend | Rates_US5 | Styles | Gold | Corn | Silver | Bitcoin,
Static grid candidate 273,Direct daily source P&L,Growth_QQQ | Broad_US | Trend | Rates_US5 | Styles | Gold | Corn | Silver | Bitcoin,
Static grid candidate 274,Direct daily source P&L,Growth_QQQ | Broad_US | Trend | Rates_US5 | Styles | Gold | Corn | Silver | Bitcoin,
Static grid candidate 275,Direct daily source P&L,Growth_QQQ | Broad_US | Trend | Rates_US5 | Styles | Gold | Corn | Silver | Bitcoin,
Static grid candidate 276,Direct daily source P&L,Growth_QQQ | Broad_US | Trend | Rates_US5 | Styles | Gold | Corn | Silver | Bitcoin,
Static grid candidate 277,Direct daily source P&L,Growth_QQQ | Broad_US | Trend | Rates_US5 | Styles | Gold | Corn | Silver | Bitcoin,
Static grid candidate 278,Direct daily source P&L,Growth_QQQ | Broad_US | Trend | Rates_US5 | Styles | Gold | Corn | Silver | Bitcoin,
Static grid candidate 279,Direct daily source P&L,Growth_QQQ | Broad_US | Trend | Rates_US5 | Styles | Gold | Corn | Silver | Bitcoin,
Static grid candidate 280,Direct daily source P&L,Growth_QQQ | Broad_US | Trend | Rates_US5 | Styles | Gold | Corn | Silver | Bitcoin,
Static grid candidate 281,Direct daily source P&L,Growth_QQQ | Broad_US | Trend | Rates_US5 | Styles | Gold | Corn | Silver | Bitcoin,
Static grid candidate 282,Direct daily source P&L,Growth_QQQ | Broad_US | Trend | Rates_US5 | Styles | Gold | Corn | Silver | Bitcoin,
Static grid candidate 283,Direct daily source P&L,Growth_QQQ | Broad_US | Trend | Rates_US5 | Styles | Gold | Corn | Silver | Bitcoin,
Static grid candidate 284,Direct daily source P&L,Growth_QQQ | Broad_US | Trend | Rates_US5 | Styles | Gold | Corn | Silver | Bitcoin,
Static grid candidate 285,Direct daily source P&L,Growth_QQQ | Broad_US | Trend | Rates_US5 | Styles | Gold | Corn | Silver | Bitcoin,
Static grid candidate 286,Direct daily source P&L,Growth_QQQ | Broad_US | Trend | Rates_US5 | Styles | Gold | Corn | Silver | Bitcoin,
Static grid candidate 287,Direct daily source P&L,Growth_QQQ | Broad_US | Trend | Rates_US5 | Styles | Gold | Corn | Silver | Bitcoin,
Static grid candidate 288,Direct daily source P&L,Growth_QQQ | Broad_US | Trend | Rates_US5 | Styles | Gold | Corn | Silver | Bitcoin,
Static grid candidate 289,Direct daily source P&L,Growth_QQQ | Broad_US | Trend | Rates_US5 | Styles | Gold | Corn | Silver | Bitcoin,
Static grid candidate 290,Direct daily source P&L,Growth_QQQ | Broad_US | Trend | Rates_US5 | Styles | Gold | Corn | Silver | Bitcoin,
Static grid candidate 291,Direct daily source P&L,Growth_QQQ | Broad_US | Trend | Rates_US5 | Styles | Gold | Corn | Silver | Bitcoin,
Static grid candidate 292,Direct daily source P&L,Growth_QQQ | Broad_US | Trend | Rates_US5 | Styles | Gold | Corn | Silver | Bitcoin,
Static grid candidate 293,Direct daily source P&L,Growth_QQQ | Broad_US | Trend | Rates_US5 | Styles | Gold | Corn | Silver | Bitcoin,
Static grid candidate 294,Direct daily source P&L,Growth_QQQ | Broad_US | Trend | Rates_US5 | Styles | Gold | Corn | Silver | Bitcoin,
Static grid candidate 295,Direct daily source P&L,Growth_QQQ | Broad_US | Trend | Rates_US5 | Styles | Gold | Corn | Silver | Bitcoin,
Static grid candidate 296,Direct daily source P&L,Growth_QQQ | Broad_US | Trend | Rates_US5 | Styles | Gold | Corn | Silver | Bitcoin,
Static grid candidate 297,Direct daily source P&L,Growth_QQQ | Broad_US | Trend | Rates_US5 | Styles | Gold | Corn | Silver | Bitcoin,
Static grid candidate 298,Direct daily source P&L,Growth_QQQ | Broad_US | Trend | Rates_US5 | Styles | Gold | Corn | Silver | Bitcoin,
Static grid candidate 299,Direct daily source P&L,Growth_QQQ | Broad_US | Trend | Rates_US5 | Styles | Gold | Corn | Silver | Bitcoin,
Static grid candidate 300,Direct daily source P&L,Growth_QQQ | Broad_US | Trend | Rates_US5 | Styles | Gold | Corn | Silver | Bitcoin,
Static grid candidate 301,Direct daily source P&L,Growth_QQQ | Broad_US | Trend | Rates_US5 | Styles | Gold | Corn | Silver | Bitcoin,
Static grid candidate 302,Direct daily source P&L,Growth_QQQ | Broad_US | Trend | Rates_US5 | Styles | Gold | Corn | Silver | Bitcoin,
Static grid candidate 303,Direct daily source P&L,Growth_QQQ | Broad_US | Trend | Rates_US5 | Styles | Gold | Corn | Silver | Bitcoin,
Static grid candidate 304,Direct daily source P&L,Growth_QQQ | Broad_US | Trend | Rates_US5 | Styles | Gold | Corn | Silver | Bitcoin,
Static grid candidate 305,Direct daily source P&L,Growth_QQQ | Broad_US | Trend | Rates_US5 | Styles | Gold | Corn | Silver | Bitcoin,
Static grid candidate 306,Direct daily source P&L,Growth_QQQ | Broad_US | Trend | Rates_US5 | Styles | Gold | Corn | Silver | Bitcoin,
Static grid candidate 307,Direct daily source P&L,Growth_QQQ | Broad_US | Trend | Rates_US5 | Styles | Gold | Corn | Silver | Bitcoin,
Static grid candidate 308,Direct daily source P&L,Growth_QQQ | Broad_US | Trend | Rates_US5 | Styles | Gold | Corn | Silver | Bitcoin,
Static grid candidate 309,Direct daily source P&L,Growth_QQQ | Broad_US | Trend | Rates_US5 | Styles | Gold | Corn | Silver | Bitcoin,
Static grid candidate 310,Direct daily source P&L,Growth_QQQ | Broad_US | Trend | Rates_US5 | Styles | Gold | Corn | Silver | Bitcoin,
Static grid candidate 311,Direct daily source P&L,Growth_QQQ | Broad_US | Trend | Rates_US5 | Styles | Gold | Corn | Silver | Bitcoin,
Static grid candidate 312,Direct daily source P&L,Growth_QQQ | Broad_US | Trend | Rates_US5 | Styles | Gold | Corn | Silver | Bitcoin,
Static grid candidate 313,Direct daily source P&L,Growth_QQQ | Broad_US | Trend | Rates_US5 | Styles | Gold | Corn | Silver | Bitcoin,
Static grid candidate 314,Direct daily source P&L,Growth_QQQ | Broad_US | Trend | Rates_US5 | Styles | Gold | Corn | Silver | Bitcoin,
Static grid candidate 315,Direct daily source P&L,Growth_QQQ | Broad_US | Trend | Rates_US5 | Styles | Gold | Corn | Silver | Bitcoin,
Static grid candidate 316,Direct daily source P&L,Growth_QQQ | Broad_US | Trend | Rates_US5 | Styles | Gold | Corn | Silver | Bitcoin,
Static grid candidate 317,Direct daily source P&L,Growth_QQQ | Broad_US | Trend | Rates_US5 | Styles | Gold | Corn | Silver | Bitcoin,
Static grid candidate 318,Direct daily source P&L,Growth_QQQ | Broad_US | Trend | Rates_US5 | Styles | Gold | Corn | Silver | Bitcoin,
Static grid candidate 319,Direct daily source P&L,Growth_QQQ | Broad_US | Trend | Rates_US5 | Styles | Gold | Corn | Silver | Bitcoin,
Static grid candidate 320,Direct daily source P&L,Growth_QQQ | Broad_US | Trend | Rates_US5 | Styles | Gold | Corn | Silver | Bitcoin,
Static grid candidate 321,Direct daily source P&L,Growth_QQQ | Broad_US | Trend | Rates_US5 | Styles | Gold | Corn | Silver | Bitcoin,
Static grid candidate 322,Direct daily source P&L,Growth_QQQ | Broad_US | Trend | Rates_US5 | Styles | Gold | Corn | Silver | Bitcoin,
Static grid candidate 323,Direct daily source P&L,Growth_QQQ | Broad_US | Trend | Rates_US5 | Styles | Gold | Corn | Silver | Bitcoin,
Static grid candidate 324,Direct daily source P&L,Growth_QQQ | Broad_US | Trend | Rates_US5 | Styles | Gold | Corn | Silver | Bitcoin,
Static grid candidate 325,Direct daily source P&L,Growth_QQQ | Broad_US | Trend | Rates_US5 | Styles | Gold | Corn | Silver | Bitcoin,
Static grid candidate 326,Direct daily source P&L,Growth_QQQ | Broad_US | Trend | Rates_US5 | Styles | Gold | Corn | Silver | Bitcoin,
Static grid candidate 327,Direct daily source P&L,Growth_QQQ | Broad_US | Trend | Rates_US5 | Styles | Gold | Corn | Silver | Bitcoin,
Static grid candidate 328,Direct daily source P&L,Growth_QQQ | Broad_US | Trend | Rates_US5 | Styles | Gold | Corn | Silver | Bitcoin,
Static grid candidate 329,Direct daily source P&L,Growth_QQQ | Broad_US | Trend | Rates_US5 | Styles | Gold | Corn | Silver | Bitcoin,
Static grid candidate 330,Direct daily source P&L,Growth_QQQ | Broad_US | Trend | Rates_US5 | Styles | Gold | Corn | Silver | Bitcoin,
Static grid candidate 331,Direct daily source P&L,Growth_QQQ | Broad_US | Trend | Rates_US5 | Styles | Gold | Corn | Silver | Bitcoin,
Static grid candidate 332,Direct daily source P&L,Growth_QQQ | Broad_US | Trend | Rates_US5 | Styles | Gold | Corn | Silver | Bitcoin,
Static grid candidate 333,Direct daily source P&L,Growth_QQQ | Broad_US | Trend | Rates_US5 | Styles | Gold | Corn | Silver | Bitcoin,
Static grid candidate 334,Direct daily source P&L,Growth_QQQ | Broad_US | Trend | Rates_US5 | Styles | Gold | Corn | Silver | Bitcoin,
Static grid candidate 335,Direct daily source P&L,Growth_QQQ | Broad_US | Trend | Rates_US5 | Styles | Gold | Corn | Silver | Bitcoin,
Static grid candidate 336,Direct daily source P&L,Growth_QQQ | Broad_US | Trend | Rates_US5 | Styles | Gold | Corn | Silver | Bitcoin,
Static grid candidate 337,Direct daily source P&L,Growth_QQQ | Broad_US | Trend | Rates_US5 | Styles | Gold | Corn | Silver | Bitcoin,
Static grid candidate 338,Direct daily source P&L,Growth_QQQ | Broad_US | Trend | Rates_US5 | Styles | Gold | Corn | Silver | Bitcoin,
Static grid candidate 339,Direct daily source P&L,Growth_QQQ | Broad_US | Trend | Rates_US5 | Styles | Gold | Corn | Silver | Bitcoin,
Static grid candidate 340,Direct daily source P&L,Growth_QQQ | Broad_US | Trend | Rates_US5 | Styles | Gold | Corn | Silver | Bitcoin,
Static grid candidate 341,Direct daily source P&L,Growth_QQQ | Broad_US | Trend | Rates_US5 | Styles | Gold | Corn | Silver | Bitcoin,
Static grid candidate 342,Direct daily source P&L,Growth_QQQ | Broad_US | Trend | Rates_US5 | Styles | Gold | Corn | Silver | Bitcoin,
Static grid candidate 343,Direct daily source P&L,Growth_QQQ | Broad_US | Trend | Rates_US5 | Styles | Gold | Corn | Silver | Bitcoin,
Static grid candidate 344,Direct daily source P&L,Growth_QQQ | Broad_US | Trend | Rates_US5 | Styles | Gold | Corn | Silver | Bitcoin,
Static grid candidate 345,Direct daily source P&L,Growth_QQQ | Broad_US | Trend | Rates_US5 | Styles | Gold | Corn | Silver | Bitcoin,
Static grid candidate 346,Direct daily source P&L,Growth_QQQ | Broad_US | Trend | Rates_US5 | Styles | Gold | Corn | Silver | Bitcoin,
Static grid candidate 347,Direct daily source P&L,Growth_QQQ | Broad_US | Trend | Rates_US5 | Styles | Gold | Corn | Silver | Bitcoin,
Static grid candidate 348,Direct daily source P&L,Growth_QQQ | Broad_US | Trend | Rates_US5 | Styles | Gold | Corn | Silver | Bitcoin,
Static grid candidate 349,Direct daily source P&L,Growth_QQQ | Broad_US | Trend | Rates_US5 | Styles | Gold | Corn | Silver | Bitcoin,
Static grid candidate 350,Direct daily source P&L,Growth_QQQ | Broad_US | Trend | Rates_US5 | Styles | Gold | Corn | Silver | Bitcoin,
Static grid candidate 351,Direct daily source P&L,Growth_QQQ | Broad_US | Trend | Rates_US5 | Styles | Gold | Corn | Silver | Bitcoin,
Static grid candidate 352,Direct daily source P&L,Growth_QQQ | Broad_US | Trend | Rates_US5 | Styles | Gold | Corn | Silver | Bitcoin,
Static grid candidate 353,Direct daily source P&L,Growth_QQQ | Broad_US | Trend | Rates_US5 | Styles | Gold | Corn | Silver | Bitcoin,
Static grid candidate 354,Direct daily source P&L,Growth_QQQ | Broad_US | Trend | Rates_US5 | Styles | Gold | Corn | Silver | Bitcoin,
Static grid candidate 355,Direct daily source P&L,Growth_QQQ | Broad_US | Trend | Rates_US5 | Styles | Gold | Corn | Silver | Bitcoin,
Static grid candidate 356,Direct daily source P&L,Growth_QQQ | Broad_US | Trend | Rates_US5 | Styles | Gold | Corn | Silver | Bitcoin,
Static grid candidate 357,Direct daily source P&L,Growth_QQQ | Broad_US | Trend | Rates_US5 | Styles | Gold | Corn | Silver | Bitcoin,
Static grid candidate 358,Direct daily source P&L,Growth_QQQ | Broad_US | Trend | Rates_US5 | Styles | Gold | Corn | Silver | Bitcoin,
Static grid candidate 359,Direct daily source P&L,Growth_QQQ | Broad_US | Trend | Rates_US5 | Styles | Gold | Corn | Silver | Bitcoin,
Static grid candidate 360,Direct daily source P&L,Growth_QQQ | Broad_US | Trend | Rates_US5 | Styles | Gold | Corn | Silver | Bitcoin,
Static grid candidate 361,Direct daily source P&L,Growth_QQQ | Broad_US | Trend | Rates_US5 | Styles | Gold | Corn | Silver | Bitcoin,
Static grid candidate 362,Direct daily source P&L,Growth_QQQ | Broad_US | Trend | Rates_US5 | Styles | Gold | Corn | Silver | Bitcoin,
Static grid candidate 363,Direct daily source P&L,Growth_QQQ | Broad_US | Trend | Rates_US5 | Styles | Gold | Corn | Silver | Bitcoin,
Static grid candidate 364,Direct daily source P&L,Growth_QQQ | Broad_US | Trend | Rates_US5 | Styles | Gold | Corn | Silver | Bitcoin,
Static grid candidate 365,Direct daily source P&L,Growth_QQQ | Broad_US | Trend | Rates_US5 | Styles | Gold | Corn | Silver | Bitcoin,
Static grid candidate 366,Direct daily source P&L,Growth_QQQ | Broad_US | Trend | Rates_US5 | Styles | Gold | Corn | Silver | Bitcoin,
Static grid candidate 367,Direct daily source P&L,Growth_QQQ | Broad_US | Trend | Rates_US5 | Styles | Gold | Corn | Silver | Bitcoin,
Static grid candidate 368,Direct daily source P&L,Growth_QQQ | Broad_US | Trend | Rates_US5 | Styles | Gold | Corn | Silver | Bitcoin,
Static grid candidate 369,Direct daily source P&L,Growth_QQQ | Broad_US | Trend | Rates_US5 | Styles | Gold | Corn | Silver | Bitcoin,
Static grid candidate 370,Direct daily source P&L,Growth_QQQ | Broad_US | Trend | Rates_US5 | Styles | Gold | Corn | Silver | Bitcoin,
Static grid candidate 371,Direct daily source P&L,Growth_QQQ | Broad_US | Trend | Rates_US5 | Styles | Gold | Corn | Silver | Bitcoin,
Static grid candidate 372,Direct daily source P&L,Growth_QQQ | Broad_US | Trend | Rates_US5 | Styles | Gold | Corn | Silver | Bitcoin,
Static grid candidate 373,Direct daily source P&L,Growth_QQQ | Broad_US | Trend | Rates_US5 | Styles | Gold | Corn | Silver | Bitcoin,
Static grid candidate 374,Direct daily source P&L,Growth_QQQ | Broad_US | Trend | Rates_US5 | Styles | Gold | Corn | Silver | Bitcoin,
Static grid candidate 375,Direct daily source P&L,Growth_QQQ | Broad_US | Trend | Rates_US5 | Styles | Gold | Corn | Silver | Bitcoin,
Static grid candidate 376,Direct daily source P&L,Growth_QQQ | Broad_US | Trend | Rates_US5 | Styles | Gold | Corn | Silver | Bitcoin,
Static grid candidate 377,Direct daily source P&L,Growth_QQQ | Broad_US | Trend | Rates_US5 | Styles | Gold | Corn | Silver | Bitcoin,
Static grid candidate 378,Direct daily source P&L,Growth_QQQ | Broad_US | Trend | Rates_US5 | Styles | Gold | Corn | Silver | Bitcoin,
Static grid candidate 379,Direct daily source P&L,Growth_QQQ | Broad_US | Trend | Rates_US5 | Styles | Gold | Corn | Silver | Bitcoin,
Static grid candidate 380,Direct daily source P&L,Growth_QQQ | Broad_US | Trend | Rates_US5 | Styles | Gold | Corn | Silver | Bitcoin,
Static grid candidate 381,Direct daily source P&L,Growth_QQQ | Broad_US | Trend | Rates_US5 | Styles | Gold | Corn | Silver | Bitcoin,
Static grid candidate 382,Direct daily source P&L,Growth_QQQ | Broad_US | Trend | Rates_US5 | Styles | Gold | Corn | Silver | Bitcoin,
Static grid candidate 383,Direct daily source P&L,Growth_QQQ | Broad_US | Trend | Rates_US5 | Styles | Gold | Corn | Silver | Bitcoin,
Static grid candidate 384,Direct daily source P&L,Growth_QQQ | Broad_US | Trend | Rates_US5 | Styles | Gold | Corn | Silver | Bitcoin,
Static grid candidate 385,Direct daily source P&L,Growth_QQQ | Broad_US | Trend | Rates_US5 | Styles | Gold | Corn | Silver | Bitcoin,
Static grid candidate 386,Direct daily source P&L,Growth_QQQ | Broad_US | Trend | Rates_US5 | Styles | Gold | Corn | Silver | Bitcoin,
Static grid candidate 387,Direct daily source P&L,Growth_QQQ | Broad_US | Trend | Rates_US5 | Styles | Gold | Corn | Silver | Bitcoin,
Static grid candidate 388,Direct daily source P&L,Growth_QQQ | Broad_US | Trend | Rates_US5 | Styles | Gold | Corn | Silver | Bitcoin,
Static grid candidate 389,Direct daily source P&L,Growth_QQQ | Broad_US | Trend | Rates_US5 | Styles | Gold | Corn | Silver | Bitcoin,
Static grid candidate 390,Direct daily source P&L,Growth_QQQ | Broad_US | Trend | Rates_US5 | Styles | Gold | Corn | Silver | Bitcoin,
Static grid candidate 391,Direct daily source P&L,Growth_QQQ | Broad_US | Trend | Rates_US5 | Styles | Gold | Corn | Silver | Bitcoin,
Static grid candidate 392,Direct daily source P&L,Growth_QQQ | Broad_US | Trend | Rates_US5 | Styles | Gold | Corn | Silver | Bitcoin,
Static grid candidate 393,Direct daily source P&L,Growth_QQQ | Broad_US | Trend | Rates_US5 | Styles | Gold | Corn | Silver | Bitcoin,
Static grid candidate 394,Direct daily source P&L,Growth_QQQ | Broad_US | Trend | Rates_US5 | Styles | Gold | Corn | Silver | Bitcoin,
Static grid candidate 395,Direct daily source P&L,Growth_QQQ | Broad_US | Trend | Rates_US5 | Styles | Gold | Corn | Silver | Bitcoin,
Static grid candidate 396,Direct daily source P&L,Growth_QQQ | Broad_US | Trend | Rates_US5 | Styles | Gold | Corn | Silver | Bitcoin,
Static grid candidate 397,Direct daily source P&L,Growth_QQQ | Broad_US | Trend | Rates_US5 | Styles | Gold | Corn | Silver | Bitcoin,
Static grid candidate 398,Direct daily source P&L,Growth_QQQ | Broad_US | Trend | Rates_US5 | Styles | Gold | Corn | Silver | Bitcoin,
Static grid candidate 399,Direct daily source P&L,Growth_QQQ | Broad_US | Trend | Rates_US5 | Styles | Gold | Corn | Silver | Bitcoin,
Static grid candidate 400,Direct daily source P&L,Growth_QQQ | Broad_US | Trend | Rates_US5 | Styles | Gold | Corn | Silver | Bitcoin,
Static grid candidate 401,Direct daily source P&L,Growth_QQQ | Broad_US | Trend | Rates_US5 | Styles | Gold | Corn | Silver | Bitcoin,
Static grid candidate 402,Direct daily source P&L,Growth_QQQ | Broad_US | Trend | Rates_US5 | Styles | Gold | Corn | Silver | Bitcoin,
Static grid candidate 403,Direct daily source P&L,Growth_QQQ | Broad_US | Trend | Rates_US5 | Styles | Gold | Corn | Silver | Bitcoin,
Static grid candidate 404,Direct daily source P&L,Growth_QQQ | Broad_US | Trend | Rates_US5 | Styles | Gold | Corn | Silver | Bitcoin,
Static grid candidate 405,Direct daily source P&L,Growth_QQQ | Broad_US | Trend | Rates_US5 | Styles | Gold | Corn | Silver | Bitcoin,
Static grid candidate 406,Direct daily source P&L,Growth_QQQ | Broad_US | Trend | Rates_US5 | Styles | Gold | Corn | Silver | Bitcoin,
Static grid candidate 407,Direct daily source P&L,Growth_QQQ | Broad_US | Trend | Rates_US5 | Styles | Gold | Corn | Silver | Bitcoin,
Static grid candidate 408,Direct daily source P&L,Growth_QQQ | Broad_US | Trend | Rates_US5 | Styles | Gold | Corn | Silver | Bitcoin,
Static grid candidate 409,Direct daily source P&L,Growth_QQQ | Broad_US | Trend | Rates_US5 | Styles | Gold | Corn | Silver | Bitcoin,
Static grid candidate 410,Direct daily source P&L,Growth_QQQ | Broad_US | Trend | Rates_US5 | Styles | Gold | Corn | Silver | Bitcoin,
Static grid candidate 411,Direct daily source P&L,Growth_QQQ | Broad_US | Trend | Rates_US5 | Styles | Gold | Corn | Silver | Bitcoin,
Static grid candidate 412,Direct daily source P&L,Growth_QQQ | Broad_US | Trend | Rates_US5 | Styles | Gold | Corn | Silver | Bitcoin,
Static grid candidate 413,Direct daily source P&L,Growth_QQQ | Broad_US | Trend | Rates_US5 | Styles | Gold | Corn | Silver | Bitcoin,
Static grid candidate 414,Direct daily source P&L,Growth_QQQ | Broad_US | Trend | Rates_US5 | Styles | Gold | Corn | Silver | Bitcoin,
Static grid candidate 415,Direct daily source P&L,Growth_QQQ | Broad_US | Trend | Rates_US5 | Styles | Gold | Corn | Silver | Bitcoin,
Static grid candidate 416,Direct daily source P&L,Growth_QQQ | Broad_US | Trend | Rates_US5 | Styles | Gold | Corn | Silver | Bitcoin,
Static grid candidate 417,Direct daily source P&L,Growth_QQQ | Broad_US | Trend | Rates_US5 | Styles | Gold | Corn | Silver | Bitcoin,
Static grid candidate 418,Direct daily source P&L,Growth_QQQ | Broad_US | Trend | Rates_US5 | Styles | Gold | Corn | Silver | Bitcoin,
Static grid candidate 419,Direct daily source P&L,Growth_QQQ | Broad_US | Trend | Rates_US5 | Styles | Gold | Corn | Silver | Bitcoin,
Static grid candidate 420,Direct daily source P&L,Growth_QQQ | Broad_US | Trend | Rates_US5 | Styles | Gold | Corn | Silver | Bitcoin,
Static grid candidate 421,Direct daily source P&L,Growth_QQQ | Broad_US | Trend | Rates_US5 | Styles | Gold | Corn | Silver | Bitcoin,
Static grid candidate 422,Direct daily source P&L,Growth_QQQ | Broad_US | Trend | Rates_US5 | Styles | Gold | Corn | Silver | Bitcoin,
Static grid candidate 423,Direct daily source P&L,Growth_QQQ | Broad_US | Trend | Rates_US5 | Styles | Gold | Corn | Silver | Bitcoin,
Static grid candidate 424,Direct daily source P&L,Growth_QQQ | Broad_US | Trend | Rates_US5 | Styles | Gold | Corn | Silver | Bitcoin,
Static grid candidate 425,Direct daily source P&L,Growth_QQQ | Broad_US | Trend | Rates_US5 | Styles | Gold | Corn | Silver | Bitcoin,
Static grid candidate 426,Direct daily source P&L,Growth_QQQ | Broad_US | Trend | Rates_US5 | Styles | Gold | Corn | Silver | Bitcoin,
Static grid candidate 427,Direct daily source P&L,Growth_QQQ | Broad_US | Trend | Rates_US5 | Styles | Gold | Corn | Silver | Bitcoin,
Static grid candidate 428,Direct daily source P&L,Growth_QQQ | Broad_US | Trend | Rates_US5 | Styles | Gold | Corn | Silver | Bitcoin,
Static grid candidate 429,Direct daily source P&L,Growth_QQQ | Broad_US | Trend | Rates_US5 | Styles | Gold | Corn | Silver | Bitcoin,
Static grid candidate 430,Direct daily source P&L,Growth_QQQ | Broad_US | Trend | Rates_US5 | Styles | Gold | Corn | Silver | Bitcoin,
Static grid candidate 431,Direct daily source P&L,Growth_QQQ | Broad_US | Trend | Rates_US5 | Styles | Gold | Corn | Silver | Bitcoin,
Static grid candidate 432,Direct daily source P&L,Growth_QQQ | Broad_US | Trend | Rates_US5 | Styles | Gold | Corn | Silver | Bitcoin,
Static grid candidate 433,Direct daily source P&L,Growth_QQQ | Broad_US | Trend | Rates_US5 | Styles | Gold | Corn | Silver | Bitcoin,
Static grid candidate 434,Direct daily source P&L,Growth_QQQ | Broad_US | Trend | Rates_US5 | Styles | Gold | Corn | Silver | Bitcoin,
Static grid candidate 435,Direct daily source P&L,Growth_QQQ | Broad_US | Trend | Rates_US5 | Styles | Gold | Corn | Silver | Bitcoin,
Static grid candidate 436,Direct daily source P&L,Growth_QQQ | Broad_US | Trend | Rates_US5 | Styles | Gold | Corn | Silver | Bitcoin,
Static grid candidate 437,Direct daily source P&L,Growth_QQQ | Broad_US | Trend | Rates_US5 | Styles | Gold | Corn | Silver | Bitcoin,
Static grid candidate 438,Direct daily source P&L,Growth_QQQ | Broad_US | Trend | Rates_US5 | Styles | Gold | Corn | Silver | Bitcoin,
Static grid candidate 439,Direct daily source P&L,Growth_QQQ | Broad_US | Trend | Rates_US5 | Styles | Gold | Corn | Silver | Bitcoin,
Static grid candidate 440,Direct daily source P&L,Growth_QQQ | Broad_US | Trend | Rates_US5 | Styles | Gold | Corn | Silver | Bitcoin,
Static grid candidate 441,Direct daily source P&L,Growth_QQQ | Broad_US | Trend | Rates_US5 | Styles | Gold | Corn | Silver | Bitcoin,
Static grid candidate 442,Direct daily source P&L,Growth_QQQ | Broad_US | Trend | Rates_US5 | Styles | Gold | Corn | Silver | Bitcoin,
Static grid candidate 443,Direct daily source P&L,Growth_QQQ | Broad_US | Trend | Rates_US5 | Styles | Gold | Corn | Silver | Bitcoin,
Static grid candidate 444,Direct daily source P&L,Growth_QQQ | Broad_US | Trend | Rates_US5 | Styles | Gold | Corn | Silver | Bitcoin,
Static grid candidate 445,Direct daily source P&L,Growth_QQQ | Broad_US | Trend | Rates_US5 | Styles | Gold | Corn | Silver | Bitcoin,
Static grid candidate 446,Direct daily source P&L,Growth_QQQ | Broad_US | Trend | Rates_US5 | Styles | Gold | Corn | Silver | Bitcoin,
Static grid candidate 447,Direct daily source P&L,Growth_QQQ | Broad_US | Trend | Rates_US5 | Styles | Gold | Corn | Silver | Bitcoin,
Static grid candidate 448,Direct daily source P&L,Growth_QQQ | Broad_US | Trend | Rates_US5 | Styles | Gold | Corn | Silver | Bitcoin,
Static grid candidate 449,Direct daily source P&L,Growth_QQQ | Broad_US | Trend | Rates_US5 | Styles | Gold | Corn | Silver | Bitcoin,
Static grid candidate 450,Direct daily source P&L,Growth_QQQ | Broad_US | Trend | Rates_US5 | Styles | Gold | Corn | Silver | Bitcoin,
Static grid candidate 451,Direct daily source P&L,Growth_QQQ | Broad_US | Trend | Rates_US5 | Styles | Gold | Corn | Silver | Bitcoin,
Static grid candidate 452,Direct daily source P&L,Growth_QQQ | Broad_US | Trend | Rates_US5 | Styles | Gold | Corn | Silver | Bitcoin,
Static grid candidate 453,Direct daily source P&L,Growth_QQQ | Broad_US | Trend | Rates_US5 | Styles | Gold | Corn | Silver | Bitcoin,
Static grid candidate 454,Direct daily source P&L,Growth_QQQ | Broad_US | Trend | Rates_US5 | Styles | Gold | Corn | Silver | Bitcoin,
Static grid candidate 455,Direct daily source P&L,Growth_QQQ | Broad_US | Trend | Rates_US5 | Styles | Gold | Corn | Silver | Bitcoin,
Static grid candidate 456,Direct daily source P&L,Growth_QQQ | Broad_US | Trend | Rates_US5 | Styles | Gold | Corn | Silver | Bitcoin,
Static grid candidate 457,Direct daily source P&L,Growth_QQQ | Broad_US | Trend | Rates_US5 | Styles | Gold | Corn | Silver | Bitcoin,
Static grid candidate 458,Direct daily source P&L,Growth_QQQ | Broad_US | Trend | Rates_US5 | Styles | Gold | Corn | Silver | Bitcoin,
Static grid candidate 459,Direct daily source P&L,Growth_QQQ | Broad_US | Trend | Rates_US5 | Styles | Gold | Corn | Silver | Bitcoin,
Static grid candidate 460,Direct daily source P&L,Growth_QQQ | Broad_US | Trend | Rates_US5 | Styles | Gold | Corn | Silver | Bitcoin,
Static grid candidate 461,Direct daily source P&L,Growth_QQQ | Broad_US | Trend | Rates_US5 | Styles | Gold | Corn | Silver | Bitcoin,
Static grid candidate 462,Direct daily source P&L,Growth_QQQ | Broad_US | Trend | Rates_US5 | Styles | Gold | Corn | Silver | Bitcoin,
Static grid candidate 463,Direct daily source P&L,Growth_QQQ | Broad_US | Trend | Rates_US5 | Styles | Gold | Corn | Silver | Bitcoin,
Static grid candidate 464,Direct daily source P&L,Growth_QQQ | Broad_US | Trend | Rates_US5 | Styles | Gold | Corn | Silver | Bitcoin,
Static grid candidate 465,Direct daily source P&L,Growth_QQQ | Broad_US | Trend | Rates_US5 | Styles | Gold | Corn | Silver | Bitcoin,
Static grid candidate 466,Direct daily source P&L,Growth_QQQ | Broad_US | Trend | Rates_US5 | Styles | Gold | Corn | Silver | Bitcoin,
Static grid candidate 467,Direct daily source P&L,Growth_QQQ | Broad_US | Trend | Rates_US5 | Styles | Gold | Corn | Silver | Bitcoin,
Static grid candidate 468,Direct daily source P&L,Growth_QQQ | Broad_US | Trend | Rates_US5 | Styles | Gold | Corn | Silver | Bitcoin,
Static grid candidate 469,Direct daily source P&L,Growth_QQQ | Broad_US | Trend | Rates_US5 | Styles | Gold | Corn | Silver | Bitcoin,
Static grid candidate 470,Direct daily source P&L,Growth_QQQ | Broad_US | Trend | Rates_US5 | Styles | Gold | Corn | Silver | Bitcoin,
Static grid candidate 471,Direct daily source P&L,Growth_QQQ | Broad_US | Trend | Rates_US5 | Styles | Gold | Corn | Silver | Bitcoin,
Static grid candidate 472,Direct daily source P&L,Growth_QQQ | Broad_US | Trend | Rates_US5 | Styles | Gold | Corn | Silver | Bitcoin,
Static grid candidate 473,Direct daily source P&L,Growth_QQQ | Broad_US | Trend | Rates_US5 | Styles | Gold | Corn | Silver | Bitcoin,
Static grid candidate 474,Direct daily source P&L,Growth_QQQ | Broad_US | Trend | Rates_US5 | Styles | Gold | Corn | Silver | Bitcoin,
Static grid candidate 475,Direct daily source P&L,Growth_QQQ | Broad_US | Trend | Rates_US5 | Styles | Gold | Corn | Silver | Bitcoin,
Static grid candidate 476,Direct daily source P&L,Growth_QQQ | Broad_US | Trend | Rates_US5 | Styles | Gold | Corn | Silver | Bitcoin,
Static grid candidate 477,Direct daily source P&L,Growth_QQQ | Broad_US | Trend | Rates_US5 | Styles | Gold | Corn | Silver | Bitcoin,
Static grid candidate 478,Direct daily source P&L,Growth_QQQ | Broad_US | Trend | Rates_US5 | Styles | Gold | Corn | Silver | Bitcoin,
Static grid candidate 479,Direct daily source P&L,Growth_QQQ | Broad_US | Trend | Rates_US5 | Styles | Gold | Corn | Silver | Bitcoin,
Static grid candidate 480,Direct daily source P&L,Growth_QQQ | Broad_US | Trend | Rates_US5 | Styles | Gold | Corn | Silver | Bitcoin,
Static grid candidate 481,Direct daily source P&L,Growth_QQQ | Broad_US | Trend | Rates_US5 | Styles | Gold | Corn | Silver | Bitcoin,
Static grid candidate 482,Direct daily source P&L,Growth_QQQ | Broad_US | Trend | Rates_US5 | Styles | Gold | Corn | Silver | Bitcoin,
Static grid candidate 483,Direct daily source P&L,Growth_QQQ | Broad_US | Trend | Rates_US5 | Styles | Gold | Corn | Silver | Bitcoin,
Static grid candidate 484,Direct daily source P&L,Growth_QQQ | Broad_US | Trend | Rates_US5 | Styles | Gold | Corn | Silver | Bitcoin,
Static grid candidate 485,Direct daily source P&L,Growth_QQQ | Broad_US | Trend | Rates_US5 | Styles | Gold | Corn | Silver | Bitcoin,
Static grid candidate 486,Direct daily source P&L,Growth_QQQ | Broad_US | Trend | Rates_US5 | Styles | Gold | Corn | Silver | Bitcoin,
Static grid candidate 487,Direct daily source P&L,Growth_QQQ | Broad_US | Trend | Rates_US5 | Styles | Gold | Corn | Silver | Bitcoin,
Static grid candidate 488,Direct daily source P&L,Growth_QQQ | Broad_US | Trend | Rates_US5 | Styles | Gold | Corn | Silver | Bitcoin,
Static grid candidate 489,Direct daily source P&L,Growth_QQQ | Broad_US | Trend | Rates_US5 | Styles | Gold | Corn | Silver | Bitcoin,
Static grid candidate 490,Direct daily source P&L,Growth_QQQ | Broad_US | Trend | Rates_US5 | Styles | Gold | Corn | Silver | Bitcoin,
Static grid candidate 491,Direct daily source P&L,Growth_QQQ | Broad_US | Trend | Rates_US5 | Styles | Gold | Corn | Silver | Bitcoin,
Static grid candidate 492,Direct daily source P&L,Growth_QQQ | Broad_US | Trend | Rates_US5 | Styles | Gold | Corn | Silver | Bitcoin,
Static grid candidate 493,Direct daily source P&L,Growth_QQQ | Broad_US | Trend | Rates_US5 | Styles | Gold | Corn | Silver | Bitcoin,
Static grid candidate 494,Direct daily source P&L,Growth_QQQ | Broad_US | Trend | Rates_US5 | Styles | Gold | Corn | Silver | Bitcoin,
Static grid candidate 495,Direct daily source P&L,Growth_QQQ | Broad_US | Trend | Rates_US5 | Styles | Gold | Corn | Silver | Bitcoin,
Static grid candidate 496,Direct daily source P&L,Growth_QQQ | Broad_US | Trend | Rates_US5 | Styles | Gold | Corn | Silver | Bitcoin,
Static grid candidate 497,Direct daily source P&L,Growth_QQQ | Broad_US | Trend | Rates_US5 | Styles | Gold | Corn | Silver | Bitcoin,
Static grid candidate 498,Direct daily source P&L,Growth_QQQ | Broad_US | Trend | Rates_US5 | Styles | Gold | Corn | Silver | Bitcoin,
Static grid candidate 499,Direct daily source P&L,Growth_QQQ | Broad_US | Trend | Rates_US5 | Styles | Gold | Corn | Silver | Bitcoin,
Static grid candidate 500,Direct daily source P&L,Growth_QQQ | Broad_US | Trend | Rates_US5 | Styles | Gold | Corn | Silver | Bitcoin,
Grid winner: maximum full-sample CAGR,Direct daily source P&L,Growth_QQQ | Broad_US | Trend | Rates_US5 | Styles | Gold | Corn | Silver | Bitcoin,
Grid winner: maximum Sharpe,Direct daily source P&L,Growth_QQQ | Broad_US | Trend | Rates_US5 | Styles | Gold | Corn | Silver | Bitcoin,
Grid winner: maximum median subperiod growth,Direct daily source P&L,Growth_QQQ | Broad_US | Trend | Rates_US5 | Styles | Gold | Corn | Silver | Bitcoin,
Grid winner: maximum worst-subperiod growth,Direct daily source P&L,Growth_QQQ | Broad_US | Trend | Rates_US5 | Styles | Gold | Corn | Silver | Bitcoin,
Ensemble: baseline + momentum + equity trend filter,Direct daily source P&L,Growth_QQQ | Broad_US | Trend | Rates_US5 | Styles | Gold | Corn | Silver | Bitcoin,
Combined: QQQ share 75% + fast 4/26 vol,Direct daily source P&L,Growth_QQQ | Broad_US | Trend | Rates_US5 | Styles | Gold | Corn | Silver | Bitcoin,
Combined: QQQ share 100% + fast 4/26 vol,Direct daily source P&L,Growth_QQQ | Broad_US | Trend | Rates_US5 | Styles | Gold | Corn | Silver | Bitcoin,
Combined: QQQ 75% + remove Silver + fast 4/26,Direct daily source P&L,Growth_QQQ | Broad_US | Trend | Rates_US5 | Styles | Gold | Corn | Silver | Bitcoin,
Combined: QQQ 75% + gold-only static commodities + fast 4/26,Direct daily source P&L,Growth_QQQ | Broad_US | Trend | Rates_US5 | Styles | Gold | Corn | Silver | Bitcoin,
Combined: QQQ 75% + styles 15% + fast 4/26,Direct daily source P&L,Growth_QQQ | Broad_US | Trend | Rates_US5 | Styles | Gold | Corn | Silver | Bitcoin,
Combined: QQQ 75% + styles 20% + fast 4/26,Direct daily source P&L,Growth_QQQ | Broad_US | Trend | Rates_US5 | Styles | Gold | Corn | Silver | Bitcoin,
Combined: QQQ 75% + rates 16% + fast 4/26,Direct daily source P&L,Growth_QQQ | Broad_US | Trend | Rates_US5 | Styles | Gold | Corn | Silver | Bitcoin,
Combined: QQQ 75% + rates 20% + fast 4/26,Direct daily source P&L,Growth_QQQ | Broad_US | Trend | Rates_US5 | Styles | Gold | Corn | Silver | Bitcoin,
Combined: moderated grid-inspired static + fast 4/26,Direct daily source P&L,Growth_QQQ | Broad_US | Trend | Rates_US5 | Styles | Gold | Corn | Silver | Bitcoin,
Combined: sampled-grid winner + fast 4/26,Direct daily source P&L,Growth_QQQ | Broad_US | Trend | Rates_US5 | Styles | Gold | Corn | Silver | Bitcoin,
Combined: QQQ 75% + all-sleeve TSMOM 5%,Hybrid daily source P&L; derived/modified weekly sleeves bridged,Growth_QQQ | Broad_US | Trend | Rates_US5 | Styles | Gold | Corn | Silver | Bitcoin,TSMOM_ALL_26_52_104
Combined: QQQ 75% + all-sleeve TSMOM 5% + fast 4/26,Hybrid daily source P&L; derived/modified weekly sleeves bridged,Growth_QQQ | Broad_US | Trend | Rates_US5 | Styles | Gold | Corn | Silver | Bitcoin,TSMOM_ALL_26_52_104
Combined: QQQ 75% + all-sleeve TSMOM 10%,Hybrid daily source P&L; derived/modified weekly sleeves bridged,Growth_QQQ | Broad_US | Trend | Rates_US5 | Styles | Gold | Corn | Silver | Bitcoin,TSMOM_ALL_26_52_104
Combined: QQQ 75% + all-sleeve TSMOM 10% + fast 4/26,Hybrid daily source P&L; derived/modified weekly sleeves bridged,Growth_QQQ | Broad_US | Trend | Rates_US5 | Styles | Gold | Corn | Silver | Bitcoin,TSMOM_ALL_26_52_104
Combined: QQQ 75% + styles 15% + TSMOM 5% + fast 4/26,Hybrid daily source P&L; derived/modified weekly sleeves bridged,Growth_QQQ | Broad_US | Trend | Rates_US5 | Styles | Gold | Corn | Silver | Bitcoin,TSMOM_ALL_26_52_104
Combined: QQQ 100% + styles 15% + fast 4/26,Direct daily source P&L,Growth_QQQ | Broad_US | Trend | Rates_US5 | Styles | Gold | Corn | Silver | Bitcoin,
Combined: QQQ 100% + styles 20% + fast 4/26,Direct daily source P&L,Growth_QQQ | Broad_US | Trend | Rates_US5 | Styles | Gold | Corn | Silver | Bitcoin,
baseline,Direct daily source P&L,Growth_QQQ | Broad_US | Trend | Rates_US5 | Styles | Gold | Corn | Silver | Bitcoin,
"Nested grid: sharpe, 156w, top 1, default vol",Direct daily source P&L,Growth_QQQ | Broad_US | Trend | Rates_US5 | Styles | Gold | Corn | Silver | Bitcoin,
"Nested grid: sharpe, 156w, top 1, fast vol",Direct daily source P&L,Growth_QQQ | Broad_US | Trend | Rates_US5 | Styles | Gold | Corn | Silver | Bitcoin,
"Nested grid: sharpe, 156w, top 10, default vol",Direct daily source P&L,Growth_QQQ | Broad_US | Trend | Rates_US5 | Styles | Gold | Corn | Silver | Bitcoin,
"Nested grid: sharpe, 156w, top 10, fast vol",Direct daily source P&L,Growth_QQQ | Broad_US | Trend | Rates_US5 | Styles | Gold | Corn | Silver | Bitcoin,
"Nested grid: sharpe, 260w, top 1, default vol",Direct daily source P&L,Growth_QQQ | Broad_US | Trend | Rates_US5 | Styles | Gold | Corn | Silver | Bitcoin,
"Nested grid: sharpe, 260w, top 1, fast vol",Direct daily source P&L,Growth_QQQ | Broad_US | Trend | Rates_US5 | Styles | Gold | Corn | Silver | Bitcoin,
"Nested grid: sharpe, 260w, top 10, default vol",Direct daily source P&L,Growth_QQQ | Broad_US | Trend | Rates_US5 | Styles | Gold | Corn | Silver | Bitcoin,
"Nested grid: sharpe, 260w, top 10, fast vol",Direct daily source P&L,Growth_QQQ | Broad_US | Trend | Rates_US5 | Styles | Gold | Corn | Silver | Bitcoin,
"Nested grid: log, 156w, top 1, default vol",Direct daily source P&L,Growth_QQQ | Broad_US | Trend | Rates_US5 | Styles | Gold | Corn | Silver | Bitcoin,
"Nested grid: log, 156w, top 1, fast vol",Direct daily source P&L,Growth_QQQ | Broad_US | Trend | Rates_US5 | Styles | Gold | Corn | Silver | Bitcoin,
"Nested grid: log, 156w, top 10, default vol",Direct daily source P&L,Growth_QQQ | Broad_US | Trend | Rates_US5 | Styles | Gold | Corn | Silver | Bitcoin,
"Nested grid: log, 156w, top 10, fast vol",Direct daily source P&L,Growth_QQQ | Broad_US | Trend | Rates_US5 | Styles | Gold | Corn | Silver | Bitcoin,
"Nested grid: log, 260w, top 1, default vol",Direct daily source P&L,Growth_QQQ | Broad_US | Trend | Rates_US5 | Styles | Gold | Corn | Silver | Bitcoin,
"Nested grid: log, 260w, top 1, fast vol",Direct daily source P&L,Growth_QQQ | Broad_US | Trend | Rates_US5 | Styles | Gold | Corn | Silver | Bitcoin,
"Nested grid: log, 260w, top 10, default vol",Direct daily source P&L,Growth_QQQ | Broad_US | Trend | Rates_US5 | Styles | Gold | Corn | Silver | Bitcoin,
"Nested grid: log, 260w, top 10, fast vol",Direct daily source P&L,Growth_QQQ | Broad_US | Trend | Rates_US5 | Styles | Gold | Corn | Silver | Bitcoin,
"Nested grid: lcb, 156w, top 1, default vol",Direct daily source P&L,Growth_QQQ | Broad_US | Trend | Rates_US5 | Styles | Gold | Corn | Silver | Bitcoin,
"Nested grid: lcb, 156w, top 1, fast vol",Direct daily source P&L,Growth_QQQ | Broad_US | Trend | Rates_US5 | Styles | Gold | Corn | Silver | Bitcoin,
"Nested grid: lcb, 156w, top 10, default vol",Direct daily source P&L,Growth_QQQ | Broad_US | Trend | Rates_US5 | Styles | Gold | Corn | Silver | Bitcoin,
"Nested grid: lcb, 156w, top 10, fast vol",Direct daily source P&L,Growth_QQQ | Broad_US | Trend | Rates_US5 | Styles | Gold | Corn | Silver | Bitcoin,
"Nested grid: lcb, 260w, top 1, default vol",Direct daily source P&L,Growth_QQQ | Broad_US | Trend | Rates_US5 | Styles | Gold | Corn | Silver | Bitcoin,
"Nested grid: lcb, 260w, top 1, fast vol",Direct daily source P&L,Growth_QQQ | Broad_US | Trend | Rates_US5 | Styles | Gold | Corn | Silver | Bitcoin,
"Nested grid: lcb, 260w, top 10, default vol",Direct daily source P&L,Growth_QQQ | Broad_US | Trend | Rates_US5 | Styles | Gold | Corn | Silver | Bitcoin,
"Nested grid: lcb, 260w, top 10, fast vol",Direct daily source P&L,Growth_QQQ | Broad_US | Trend | Rates_US5 | Styles | Gold | Corn | Silver | Bitcoin,
"Nested grid: worst_year, 260w, top 1, default vol",Direct daily source P&L,Growth_QQQ | Broad_US | Trend | Rates_US5 | Styles | Gold | Corn | Silver | Bitcoin,
"Nested grid: worst_year, 260w, top 1, fast vol",Direct daily source P&L,Growth_QQQ | Broad_US | Trend | Rates_US5 | Styles | Gold | Corn | Silver | Bitcoin,
"Nested grid: worst_year, 260w, top 10, default vol",Direct daily source P&L,Growth_QQQ | Broad_US | Trend | Rates_US5 | Styles | Gold | Corn | Silver | Bitcoin,
"Nested grid: worst_year, 260w, top 10, fast vol",Direct daily source P&L,Growth_QQQ | Broad_US | Trend | Rates_US5 | Styles | Gold | Corn | Silver | Bitcoin,
Simple four-strategy ensemble,Hybrid: genuine weekly meta path bridged over baseline daily shape,,meta strategy path
Conservative three-strategy ensemble,Hybrid: genuine weekly meta path bridged over baseline daily shape,,meta strategy path
Research four-strategy ensemble,Hybrid: genuine weekly meta path bridged over baseline daily shape,,meta strategy path
"Annual selector log, trailing 156w, simple candidate set",Hybrid: genuine weekly meta path bridged over baseline daily shape,,meta strategy path
"Annual selector log, trailing 260w, simple candidate set",Hybrid: genuine weekly meta path bridged over baseline daily shape,,meta strategy path
"Annual selector sharpe, trailing 156w, simple candidate set",Hybrid: genuine weekly meta path bridged over baseline daily shape,,meta strategy path
"Annual selector sharpe, trailing 260w, simple candidate set",Hybrid: genuine weekly meta path bridged over baseline daily shape,,meta strategy path
