Date,Baseline,Top strategy,PnL difference
2005-01-07,-0.009513463110817568,-0.005190112216665205,0.004323350894152363
2005-01-10,0.007329230802442995,0.00374611799454582,-0.0035831128078971748
2005-01-11,-0.0035784011157061735,0.0004210386672925145,0.003999439782998688
2005-01-12,0.019148888122904852,0.015306683965396445,-0.0038422041575084075
2005-01-13,-0.010370789442661392,-0.006313381802918147,0.004057407639743245
2005-01-14,0.005852540814491927,0.004314514532125563,-0.0015380262823663634
2005-01-18,0.013010486123123024,0.006708306289481169,-0.006302179833641855
2005-01-19,-0.019930835497595945,-0.014447790578316855,0.00548304491927909
2005-01-20,-0.02447675190244545,-0.021878895739799946,0.002597856162645504
2005-01-21,0.006365852244936515,0.005727162421327947,-0.0006386898236085672
2005-01-24,-0.01174076062085009,-0.010688772292030599,0.001051988328819491
2005-01-25,-0.012396516918393753,-0.011514498782504164,0.0008820181358895895
2005-01-26,0.01808508918238855,0.015284757456803374,-0.0028003317255851767
2005-01-27,-0.00042720198034025856,-0.0005910200729324211,-0.00016381809259216254
2005-01-28,0.003339457995132363,0.0035111065935701045,0.00017164859843774158
2005-01-31,0.017139307866602924,0.014638064792615871,-0.002501243073987053
2005-02-01,0.013924566295351286,0.010495204850036233,-0.0034293614453150528
2005-02-02,0.006727091299502169,0.005138611706064737,-0.0015884795934374323
2005-02-03,-0.02076783160014607,-0.019956235043055267,0.0008115965570908018
2005-02-04,0.03495913719481724,0.028217966422794036,-0.0067411707720232035
2005-02-07,-0.0008112332872086489,-0.0014243326703700485,-0.0006130993831613996
2005-02-08,0.0008136647516349749,0.0008456055801187682,3.194082848379323e-05
2005-02-09,-0.008170716554481483,-0.006364531500034195,0.001806185054447288
2005-02-10,0.001188316717466192,-0.0006443357705463727,-0.0018326524880125645
2005-02-11,0.01576626847084204,0.013683651934776246,-0.002082616536065793
2005-02-14,0.011590332867635883,0.013621748245064675,0.0020314153774287913
2005-02-15,0.008598486502666364,0.009400971309215616,0.0008024848065492519
2005-02-16,-0.00981518975215357,-0.009502640138833,0.0003125496133205702
2005-02-17,-0.014121875489131632,-0.012624495026403428,0.0014973804627282043
2005-02-18,-0.007199507600236581,-0.00809663693330829,-0.00089712933307171
2005-02-22,-0.020414000799672895,-0.015508556053370363,0.004905444746302532
2005-02-23,0.006071707559603931,0.003914221260658738,-0.0021574862989451925
2005-02-24,0.016227093041361034,0.0169869704341586,0.0007598773927975644
2005-02-25,0.028810687478247526,0.025897994843469163,-0.0029126926347783633
2005-02-28,-0.018200165159703113,-0.01757281006896144,0.0006273550907416742
2005-03-01,0.008816462636991353,0.008864534345330646,4.8071708339293695e-05
2005-03-02,0.00047449961463773456,0.0023037269916725044,0.0018292273770347698
2005-03-03,-0.004503804477832681,-0.00642228558259183,-0.001918481104759149
2005-03-04,0.04526278039051765,0.04460803054240584,-0.0006547498481118061
2005-03-07,0.012892628309028556,0.018688391066966608,0.005795762757938052
2005-03-08,-0.0018387066028581532,-0.002242162871081459,-0.0004034562682233057
2005-03-09,-0.024482558689553645,-0.02001681916204062,0.004465739527513026
2005-03-10,-0.005070364681124134,-0.008217076131716227,-0.003146711450592093
2005-03-11,-0.0029395756813517457,0.0003589307583169252,0.003298506439668671
2005-03-14,-0.006312907239412595,-0.012093706840112795,-0.005780799600700199
2005-03-15,-0.013222001060046387,-0.011386228064217525,0.0018357729958288615
2005-03-16,-0.005944948427411166,-0.004652686610848506,0.0012922618165626598
2005-03-17,0.004981427469057469,0.008016781317674164,0.0030353538486166945
2005-03-18,-0.00644164642581201,-0.007868837002983957,-0.0014271905771719466
2005-03-21,-0.03294931723446054,-0.034805998503985455,-0.0018566812695249152
2005-03-22,-0.03015447064263975,-0.032483373978972704,-0.0023289033363329548
2005-03-23,-0.02940936035912122,-0.03461073485902817,-0.005201374499906951
2005-03-24,0.003199878406342612,0.004019082102304175,0.0008192036959615628
2005-03-28,0.0011796265327596654,0.0011579256655349516,-2.1700867224713847e-05
2005-03-29,-0.009421360707931894,-0.006855855218442974,0.00256550548948892
2005-03-30,0.02561908569625187,0.023207846137926116,-0.0024112395583257527
2005-03-31,0.013482626598737198,0.014693548526366045,0.0012109219276288472
2005-04-01,-0.003925751931448944,0.0005613216053974367,0.004487073536846381
2005-04-04,0.007527895358882692,0.008561328754798458,0.0010334333959157657
2005-04-05,-0.00010080203928855169,-0.002682455447734204,-0.0025816534084456525
2005-04-06,0.004289486720417392,0.001999485296236205,-0.002290001424181187
2005-04-07,0.008664183948149955,0.0085968400426661,-6.734390548385552e-05
2005-04-08,-0.01691591393991285,-0.014119435923824353,0.0027964780160884967
2005-04-11,0.007986767099154501,0.008417282789672974,0.00043051569051847337
2005-04-12,0.010799701545166874,0.007987163024772991,-0.0028125385203938823
2005-04-13,-0.023111238254386053,-0.02259252170470893,0.0005187165496771222
2005-04-14,-0.02658466345726361,-0.027371568779661546,-0.0007869053223979357
2005-04-15,-0.02966056247542827,-0.032187146320473044,-0.0025265838450447727
2005-04-18,0.0059591610912920305,0.004959973930414828,-0.0009991871608772025
2005-04-19,0.02982980736441573,0.028772407990782147,-0.001057399373633583
2005-04-20,-0.011588534892350524,-0.005337131602908531,0.006251403289441993
2005-04-21,0.007389331954882128,0.003924746100021258,-0.0034645858548608697
2005-04-22,-0.004125073824592988,-0.0019667464238839138,0.002158327400709074
2005-04-25,0.010427193314603175,0.007855627869332112,-0.0025715654452710627
2005-04-26,-0.014555460967324045,-0.013067427328480284,0.0014880336388437606
2005-04-27,-0.007768536313000827,-0.01083013528843958,-0.0030615989754387537
2005-04-28,-0.004447043449625976,0.0013412845125762244,0.0057883279622022
2005-04-29,0.007602437012319064,0.0012945575126418565,-0.006307879499677208
2005-05-02,0.004945134143915013,0.0037032834668468723,-0.0012418506770681408
2005-05-03,-0.006076749283877411,-0.005608937664628317,0.0004678116192490941
2005-05-04,0.03453951095710811,0.03130571213975949,-0.0032337988173486223
2005-05-05,0.013553983665214936,0.017482899735654228,0.003928916070439293
2005-05-06,-0.038625388576228846,-0.038681954901627166,-5.656632539832035e-05
2005-05-09,0.004193669788507232,0.0019241822639208274,-0.002269487524586405
2005-05-10,-0.0034033290619214117,0.0026906298543925514,0.006093958916313963
2005-05-11,0.01223004132111245,0.01276035414701844,0.000530312825905991
2005-05-12,-0.02262574054801601,-0.02191065041703603,0.0007150901309799784
2005-05-13,0.0072427102760267295,0.015789417508323158,0.00854670723229643
2005-05-16,0.010838315773835839,0.005379096529549705,-0.005459219244286133
2005-05-17,0.016486128338107302,0.018199367677837475,0.001713239339730173
2005-05-18,0.03351211788929297,0.03474186774640842,0.0012297498571154503
2005-05-19,-0.0011905939975580045,-0.0011799512987032698,1.0642698854734659e-05
2005-05-20,0.0012568909447883152,0.0054567403842341565,0.004199849439445841
2005-05-23,0.017140310383568218,0.018902915358116026,0.001762604974547808
2005-05-24,0.01578352151313599,0.019155698253917396,0.003372176740781406
2005-05-25,-0.00846346986625004,-0.005881460419939993,0.0025820094463100468
2005-05-26,0.02383714933068424,0.025313818066719177,0.0014766687360349383
2005-05-27,-0.0010351211284779984,-0.0011978572501352759,-0.00016273612165727748
2005-05-31,0.02861512232973823,0.03681558827807958,0.008200465948341354
2005-06-01,0.06593890819807943,0.06902846624675915,0.003089558048679719
2005-06-02,0.003933018632268555,0.005932744790523979,0.001999726158255424
2005-06-03,-0.032608847423146924,-0.0346479199641913,-0.002039072541044379
2005-06-06,-0.000734605253290066,-0.0007909766672164485,-5.6371413926382475e-05
2005-06-07,0.005286869546571576,0.0011799755691126862,-0.004106893977458889
2005-06-08,-0.01011799042331237,-0.00868877610161883,0.0014292143216935397
2005-06-09,0.009788568085897295,0.00799976619166398,-0.0017888018942333155
2005-06-10,-0.02333568026815511,-0.028449608123505606,-0.005113927855350496
2005-06-13,0.016394231598393472,0.01723200827980791,0.0008377766814144372
2005-06-14,-0.003239144803326632,-0.007600206694925332,-0.0043610618915987
2005-06-15,0.0023586079667179257,0.003411978693954036,0.0010533707272361104
2005-06-16,0.02468260136029672,0.022417411202367652,-0.0022651901579290694
2005-06-17,0.00609495672507339,0.0032443297284310466,-0.002850626996642343
2005-06-20,0.006013520030841428,0.007489946247866103,0.0014764262170246746
2005-06-21,0.0033050486393114684,0.0035875427776518405,0.00028249413834037203
2005-06-22,0.03407099249739991,0.036463383029639425,0.0023923905322395175
2005-06-23,-0.02412892324937473,-0.021556203833108925,0.002572719416265804
2005-06-24,-0.0034834784833127925,-0.0035174825213486237,-3.4004038035831234e-05
2005-06-27,-0.017484439693393052,-0.018104186313613928,-0.0006197466202208755
2005-06-28,-0.011746349647354064,-0.020708867529715354,-0.00896251788236129
2005-06-29,0.00022710515858651796,-0.00011882948910727787,-0.00034593464769379584
2005-06-30,-0.004554352906857335,-0.0017007521688168037,0.0028536007380405314
2005-07-01,-0.00370861247166929,-0.006361850178326707,-0.002653237706657417
2005-07-05,0.01959369705477367,0.017953964207522172,-0.001639732847251496
2005-07-06,-0.0035539491491760286,0.00029295890446670244,0.003846908053642731
2005-07-07,0.00392045065747491,0.003941401041430361,2.095038395545038e-05
2005-07-08,0.015369310080196418,0.012156217484705878,-0.0032130925954905395
2005-07-11,0.012309656519104099,0.011171168927698755,-0.0011384875914053436
2005-07-12,-0.011195124650577079,-0.01179922762928258,-0.0006041029787055008
2005-07-13,0.020013329075309696,0.022609098090277006,0.00259576901496731
2005-07-14,0.009675116643007686,0.010726829858653562,0.0010517132156458754
2005-07-15,0.014552960240167232,0.017054175781393944,0.002501215541226712
2005-07-18,-0.02079492289145933,-0.018829730730545367,0.0019651921609139637
2005-07-19,0.023079235304990314,0.02528218073804059,0.002202945433050274
2005-07-20,0.010675128852326316,0.009794024628353047,-0.0008811042239732694
2005-07-21,-0.04404155170498001,-0.04481171581993072,-0.0007701641149507124
2005-07-22,0.041494979680206365,0.04326879268650077,0.0017738130062944085
2005-07-25,-0.014637943339919229,-0.013848481331359177,0.0007894620085600514
2005-07-26,0.004821219325084309,0.006397007652290996,0.001575788327206687
2005-07-27,0.009438938236762357,0.011390761967672355,0.0019518237309099976
2005-07-28,0.029699228963272102,0.030828254151696807,0.0011290251884247052
2005-07-29,-0.02724017373212222,-0.0290646751269981,-0.0018245013948758812
2005-08-01,0.004970661121868792,0.0046101735305558765,-0.0003604875913129158
2005-08-02,0.02658845414306921,0.029096777725476315,0.002508323582407105
2005-08-03,-0.0017523410799174287,-0.0033376621456925382,-0.0015853210657751095
2005-08-04,-0.02948396514011273,-0.02948379893707717,1.6620303555994753e-07
2005-08-05,-0.0369978163556963,-0.037375553428354406,-0.00037773707265810474
2005-08-08,-0.011866294992683305,-0.01310073946666415,-0.0012344444739808454
2005-08-09,0.01809151910094354,0.017442108538916545,-0.000649410562026994
2005-08-10,0.015601665993080664,0.016431038427580612,0.0008293724344999483
2005-08-11,0.03886003098694822,0.04048215608972129,0.0016221251027730699
2005-08-12,-0.01069617229730443,-0.008440587300536033,0.0022555849967683967
2005-08-15,-0.0021543843381911015,-0.003482164540682144,-0.0013277802024910424
2005-08-16,-0.03776175664614706,-0.040706832241039353,-0.0029450755948922935
2005-08-17,-0.02408066888620778,-0.025465634547258444,-0.001384965661050664
2005-08-18,-0.018393974854356555,-0.022547921640750642,-0.004153946786394087
2005-08-19,0.008432409923527857,0.01091146027722558,0.002479050353697724
2005-08-22,0.010415571203996986,0.009692280858434089,-0.0007232903455628974
2005-08-23,-0.006303582787798378,-0.004779334130349102,0.0015242486574492762
2005-08-24,-0.011721474639925306,-0.007865502853053435,0.003855971786871871
2005-08-25,0.007382293229908342,0.007006105112569396,-0.00037618811733894624
2005-08-26,-0.026035102221330864,-0.02207877138088733,0.003956330840443535
2005-08-29,0.021026355563331024,0.019931447882834633,-0.001094907680496391
2005-08-30,0.02529319083551038,0.030731161607952338,0.005437970772441958
2005-08-31,0.04195821228296944,0.03945280583395455,-0.0025054064490148895
2005-09-01,0.02232919248789249,0.023568408250510688,0.0012392157626181961
2005-09-02,-0.008111709134343477,-0.0082510525418591,-0.00013934340751562205
2005-09-06,0.008319703173256908,0.003423870103579333,-0.004895833069677575
2005-09-07,-0.00942586339228544,-0.009781481930071173,-0.00035561853778573287
2005-09-08,-0.005464811508608891,-0.0012452210956053025,0.004219590413003588
2005-09-09,0.024699205784947387,0.01953083064436986,-0.005168375140577528
2005-09-12,-0.01799168366431024,-0.01759755950816404,0.0003941241561461993
2005-09-13,-0.0148041996981121,-0.007942225583602315,0.006861974114509785
2005-09-14,-0.016691505743979124,-0.015894268893600835,0.0007972368503782884
2005-09-15,0.0020938425989661413,0.003238005831384789,0.0011441632324186478
2005-09-16,0.013315443372885753,0.00896331343076063,-0.004352129942125122
2005-09-19,0.01854526681929144,0.02130745500452825,0.0027621881852368073
2005-09-20,-0.02264571440022692,-0.017287200191739165,0.005358514208487753
2005-09-21,-0.017323495559218728,-0.010089040649783759,0.00723445490943497
2005-09-22,0.007968292073097844,0.006982390471856681,-0.0009859016012411627
2005-09-23,-0.011674264229077696,-0.011435239402592905,0.0002390248264847912
2005-09-26,0.008659482797341711,0.008974129959914152,0.0003146471625724411
2005-09-27,-0.0041053726027440954,-0.005687555390538981,-0.0015821827877948854
2005-09-28,0.0199547187639618,0.0212624131104314,0.0013076943464696011
2005-09-29,0.029239927730399896,0.02713322978542762,-0.002106697944972275
2005-09-30,0.0055872867326008015,0.0071148282769086,0.0015275415443077988
2005-10-03,0.006477434444275868,0.008952643812669648,0.0024752093683937807
2005-10-04,-0.022148247243610704,-0.018022649751384817,0.004125597492225887
2005-10-05,-0.05968380568997729,-0.05406609506357714,0.005617710626400152
2005-10-06,-0.049973924921741505,-0.054482154305285885,-0.004508229383544379
2005-10-07,0.02693257234435668,0.026293476667886173,-0.0006390956764705073
2005-10-10,-0.008074496569295935,-0.00548268282028691,0.002591813749009026
2005-10-11,0.005125722985975617,0.007346128542335248,0.002220405556359631
2005-10-12,-0.0416987851265209,-0.036444034232454,0.005254750894066899
2005-10-13,-0.012596060613401783,-0.010068749701371777,0.0025273109120300067
2005-10-14,0.0073480512843982415,0.00321793849813513,-0.004130112786263112
2005-10-17,0.020065203173388037,0.01841543526817778,-0.0016497679052102573
2005-10-18,-0.019270616716936393,-0.014186387654502577,0.005084229062433816
2005-10-19,0.012201080934982771,0.00789199725745007,-0.004309083677532702
2005-10-20,-0.03169066515775265,-0.02335378712705006,0.008336878030702592
2005-10-21,0.018008047824209956,0.017427133014310012,-0.0005809148098999441
2005-10-24,0.02604250268509372,0.019093930602100954,-0.0069485720829927655
2005-10-25,-0.00208934360398821,0.0006624357579660854,0.0027517793619542957
2005-10-26,-0.013176944403082265,-0.011672421280323076,0.001504523122759189
2005-10-27,-0.033414760594089335,-0.030437261125539378,0.0029774994685499573
2005-10-28,0.02657574313911432,0.017460799972394834,-0.009114943166719486
2005-10-31,0.018091565891953817,0.0163878107974778,-0.001703755094476015
2005-11-01,-0.008875834545825353,-0.006579697168272634,0.0022961373775527184
2005-11-02,0.027003041048661417,0.0234997988893129,-0.003503242159348517
2005-11-03,0.0270559031062288,0.031465205017376506,0.004409301911147707
2005-11-04,0.008633180408709413,0.007592984618825327,-0.001040195789884086
2005-11-07,0.012389957727568037,0.00830660232193205,-0.004083355405635987
2005-11-08,-0.005506372438516492,-0.0011780349001808486,0.004328337538335643
2005-11-09,0.004147681486499499,0.0022394596092411134,-0.0019082218772583856
2005-11-10,0.025662006305828766,0.017980525359769246,-0.00768148094605952
2005-11-11,0.01176747257168181,0.009169339386822748,-0.002598133184859063
2005-11-14,0.0013009921888900134,0.0026639281912318414,0.001362936002341828
2005-11-15,-0.010143843454786576,-0.007317556412236537,0.0028262870425500393
2005-11-16,0.02198564439032746,0.02447140378263414,0.0024857593923066808
2005-11-17,0.03124773849063479,0.025883547970363994,-0.0053641905202707965
2005-11-18,0.006679278043120043,0.0025800834063694623,-0.0040991946367505815
2005-11-21,0.017884973929010943,0.01274677200205604,-0.005138201926954904
2005-11-22,0.012128807265460645,0.010230326343598842,-0.0018984809218618032
2005-11-23,0.015034404997635597,0.012130134386978957,-0.0029042706106566403
2005-11-25,0.02085345993260894,0.02000461534891753,-0.0008488445836914091
2005-11-28,-0.0337082678353535,-0.029734757877773077,0.003973509957580425
2005-11-29,-0.0009006826537386698,-0.0016272877643118506,-0.0007266051105731808
2005-11-30,-0.020971463911194296,-0.018497608887631824,0.002473855023562472
2005-12-01,0.06348859166542317,0.06271310683210274,-0.0007754848333204334
2005-12-02,0.009664692255433309,0.010810513977340607,0.0011458217219072978
2005-12-05,-0.016892552934854227,-0.017769906664190645,-0.0008773537293364185
2005-12-06,0.016417648995773394,0.017876658118887057,0.0014590091231136623
2005-12-07,-0.007150491531481526,-0.004370018033674621,0.0027804734978069045
2005-12-08,-0.007590598581568265,-0.009979084641603261,-0.0023884860600349956
2005-12-09,0.0001857029192124836,-0.0013945701554586784,-0.001580273074671162
2005-12-12,-0.0030854453473299565,-0.0016594098312704777,0.0014260355160594788
2005-12-13,0.010974730962985879,0.00851821393257408,-0.002456517030411798
2005-12-14,-0.01788479466526096,-0.023727486550762344,-0.005842691885501385
2005-12-15,-0.015022674737251274,-0.013358129849945112,0.0016645448873061613
2005-12-16,-0.008236585962071826,-0.01260575025148897,-0.004369164289417143
2005-12-19,-0.026307480013088035,-0.028051719515559303,-0.0017442395024712676
2005-12-20,-0.00120293333284686,0.0012474408084357294,0.0024503741412825897
2005-12-21,0.01761252774984032,0.016152373578229892,-0.001460154171610429
2005-12-22,0.01942556387884815,0.017827551625359334,-0.001598012253488816
2005-12-23,0.0038051746365335287,0.0024501944136379405,-0.0013549802228955883
2005-12-27,-0.01888015781759531,-0.014963082723477638,0.003917075094117671
2005-12-28,0.006527051918888987,0.00503238788522811,-0.0014946640336608776
2005-12-29,-0.015799609409534107,-0.017750254382265483,-0.001950644972731376
2005-12-30,-0.012194203988519454,-0.011601761378152563,0.000592442610366891
2006-01-03,0.04701870719738135,0.04929490564564352,0.0022761984482621705
2006-01-04,0.03291593659961985,0.03639644524662089,0.0034805086470010432
2006-01-05,-0.018744315324669383,-0.019834186338261818,-0.0010898710135924354
2006-01-06,0.04902974620791127,0.05292242988221832,0.0038926836743070486
2006-01-09,0.01643164977456206,0.011821339151791874,-0.0046103106227701855
2006-01-10,-0.017689572700624667,-0.014842710236709628,0.0028468624639150387
2006-01-11,0.012130887146146177,0.010846897040589536,-0.0012839901055566403
2006-01-12,-0.00928970897606002,-0.0048454432531511585,0.0044442657229088614
2006-01-13,0.009895718407206903,0.007431422456436657,-0.0024642959507702464
2006-01-17,-0.012293680118369808,-0.008844802781832794,0.0034488773365370148
2006-01-18,-0.03322984840333996,-0.03296903472038402,0.00026081368295594043
2006-01-19,0.022469681653688612,0.019438381823911305,-0.003031299829777307
2006-01-20,-0.06149713501321446,-0.05214696614346921,0.009350168869745247
2006-01-23,0.010019074680300014,0.00839223095721723,-0.001626843723082784
2006-01-24,0.00435191277095627,0.0026447937607366402,-0.0017071190102196294
2006-01-25,-0.009174717873588242,-0.00910458171249685,7.013616109139212e-05
2006-01-26,0.01600241772635833,0.010504567659440568,-0.005497850066917762
2006-01-27,0.03324865909670793,0.027731057908012266,-0.005517601188695667
2006-01-30,0.01014446594439921,0.009581491792891101,-0.000562974151508109
2006-01-31,-0.006723379333637075,-0.006317366729945593,0.0004060126036914821
2006-02-01,0.0006112446238853096,0.0007589515747678218,0.0001477069508825122
2006-02-02,-0.03758950501977401,-0.03262638486911887,0.0049631201506551426
2006-02-03,-0.016982659210761475,-0.01536939241353585,0.0016132667972256244
2006-02-06,0.008428365922429947,0.007405453657568331,-0.001022912264861616
2006-02-07,-0.04080920863519495,-0.031878631650842926,0.008930576984352026
2006-02-08,0.015754527651225023,0.01191716101631516,-0.0038373666349098626
2006-02-09,0.007589848905042455,0.0030343137855731554,-0.004555535119469299
2006-02-10,-0.009910599676117269,-0.007282277116959516,0.002628322559157753
2006-02-13,-0.023780557122867797,-0.02264163123875885,0.0011389258841089482
2006-02-14,0.028697049580969452,0.021468999741453547,-0.007228049839515905
2006-02-15,0.0026031377389381495,0.0008984978456991796,-0.00170463989323897
2006-02-16,0.030700384320348512,0.027556398930922647,-0.003143985389425865
2006-02-17,0.0015143455248440324,0.0004844602687513852,-0.0010298852560926472
2006-02-21,-0.008919127874948243,-0.008777159858521849,0.00014196801642639423
2006-02-22,0.021043141608320867,0.017927768206621113,-0.0031153734016997545
2006-02-23,-0.016441039023257897,-0.014176675141749128,0.002264363881508769
2006-02-24,0.020982028781151636,0.019781535912409203,-0.001200492868742433
2006-02-27,0.01693157581581967,0.01751332608733933,0.0005817502715196599
2006-02-28,-0.04244715972324988,-0.03880378385463729,0.003643375868612589
2006-03-01,0.027731869678967586,0.027156442293118734,-0.0005754273858488528
2006-03-02,-0.00581702737065465,-0.0027399649558197347,0.0030770624148349153
2006-03-03,-0.010176278027600532,-0.01127529812992215,-0.001099020102321619
2006-03-06,-0.026361647388572954,-0.027044176254040164,-0.00068252886546721
2006-03-07,-0.010902086580978165,-0.012781411476892558,-0.001879324895914393
2006-03-08,-0.014406953680107007,-0.0164750705678342,-0.002068116887727194
2006-03-09,-0.006395272271344264,-0.005702722556033334,0.00069254971531093
2006-03-10,0.025810223373252974,0.020715122637173695,-0.005095100736079279
2006-03-13,0.014040844576840034,0.014745079300780502,0.0007042347239404681
2006-03-14,0.023573224188088045,0.024833967414586038,0.0012607432264979922
2006-03-15,0.018841511823801303,0.020598960066531065,0.0017574482427297616
2006-03-16,-0.004172463065214675,-0.009299984415465097,-0.005127521350250422
2006-03-17,0.00824846720445774,0.00718016032560358,-0.0010683068788541594
2006-03-20,0.001635573510184846,0.0015415463441357635,-9.402716604908247e-05
2006-03-21,-0.01976910018413997,-0.019232296181903703,0.0005368040022362651
2006-03-22,0.008692111904696515,0.004424526125819547,-0.004267585778876967
2006-03-23,0.007451366310461681,0.008448753047263786,0.0009973867368021057
2006-03-24,0.01547308123205844,0.017168490866760096,0.001695409634701656
2006-03-27,-0.0006120747326037228,0.0016209823839370334,0.0022330571165407563
2006-03-28,-0.01207132679489645,-0.008350217494796537,0.003721109300099912
2006-03-29,0.0431917103289071,0.04826888650607218,0.005077176177165084
2006-03-30,0.0033618356908725563,0.004769572618816596,0.0014077369279440395
2006-03-31,-0.014111829134321551,-0.014469948831732003,-0.00035811969741045106
2006-04-03,0.03206060592568203,0.03797437070770694,0.005913764782024912
2006-04-04,0.011428481989410953,0.010428105218292912,-0.0010003767711180417
2006-04-05,0.017578963727629033,0.022092703481876898,0.004513739754247865
2006-04-06,0.02002180485127391,0.024239942936506557,0.004218138085232647
2006-04-07,-0.027731206720196147,-0.02525521350119948,0.0024759932189966673
2006-04-10,0.020744603872509194,0.022167996721561233,0.0014233928490520395
2006-04-11,-0.03538790206976313,-0.033200565373976795,0.0021873366957863363
2006-04-12,-0.0005336606909210181,-0.001873422017631278,-0.0013397613267102598
2006-04-13,0.01468560280259274,0.016795694382590886,0.0021100915799981464
2006-04-17,-0.014106744683525225,-0.016078161672753118,-0.0019714169892278924
2006-04-18,0.05702539074897199,0.05676296124305021,-0.0002624295059217782
2006-04-19,0.03394212677480369,0.03658597970942951,0.0026438529346258233
2006-04-20,-0.017192683872382524,-0.020741815765467346,-0.003549131893084822
2006-04-21,0.003917836174098112,-0.0009871994979354292,-0.004905035672033541
2006-04-24,-0.030752741007331833,-0.03287671893000866,-0.0021239779226768264
2006-04-25,0.007675523998253564,0.012122179737296708,0.004446655739043144
2006-04-26,0.011593079453982002,0.009468746461645887,-0.0021243329923361157
2006-04-27,0.005560270749413766,0.006857068265449434,0.001296797516035668
2006-04-28,0.0037307131833252327,-0.0010103559444974203,-0.004741069127822653
2006-05-01,-0.0056022247265847544,-0.005161324132280812,0.00044090059430394214
2006-05-02,0.032220985758148205,0.036689705199812066,0.004468719441663861
2006-05-03,-0.012101042418581301,-0.010696031833607064,0.0014050105849742374
2006-05-04,0.01960484118425241,0.023731325665074833,0.004126484480822423
2006-05-05,0.04242958993527916,0.041814090590186134,-0.0006154993450930291
2006-05-08,-2.253705636383552e-05,0.0013536298566257992,0.0013761669129896347
2006-05-09,0.03065008643514025,0.03329641269031944,0.0026463262551791877
2006-05-10,-0.003595710194882445,-0.006450899997275411,-0.002855189802392966
2006-05-11,-0.026894554248157912,-0.028409114499117143,-0.0015145602509592307
2006-05-12,-0.05999298989777548,-0.06401277330738986,-0.004019783409614376
2006-05-15,-0.05360105750147698,-0.05501673563852874,-0.0014156781370517624
2006-05-16,-0.0012907379692673059,-0.0035173151500725026,-0.0022265771808051968
2006-05-17,-0.057842407271030225,-0.04771515862472371,0.010127248646306514
2006-05-18,-0.027366066004481333,-0.02382032607172618,0.0035457399327551535
2006-05-19,-0.009981438020878126,-0.008063914907181322,0.0019175231136968045
2006-05-22,-0.012236304949714888,-0.010450879855696182,0.0017854250940187062
2006-05-23,-0.0007950148658763639,-0.0004173891664878969,0.000377625699388467
2006-05-24,-0.017394861198304922,-0.012583924221660207,0.004810936976644715
2006-05-25,0.021792674714054053,0.014626441572729522,-0.007166233141324531
2006-05-26,0.005749253870406939,0.002194504419877895,-0.0035547494505290445
2006-05-30,-0.021530050514859286,-0.014863716185078412,0.006666334329780874
2006-05-31,0.0028191029938826034,-1.829694708132355e-05,-0.002837399940963927
2006-06-01,0.019220400771878646,0.015979165119971515,-0.003241235651907131
2006-06-02,0.011533061718378639,0.008085163686576639,-0.003447898031802
2006-06-05,-0.040321656213067165,-0.02961868423176384,0.010702971981303325
2006-06-06,-0.015100099499401897,-0.010981840880252433,0.004118258619149464
2006-06-07,-0.01767916666667024,-0.016241664913580905,0.0014375017530893347
2006-06-08,-0.019144696281527603,-0.017403717788316647,0.0017409784932109554
2006-06-09,-0.008177304889499857,-0.005912747590706904,0.0022645572987929534
2006-06-12,-0.024204429852797964,-0.019695995331599915,0.004508434521198049
2006-06-13,-0.029471644998065774,-0.020956601260958375,0.0085150437371074
2006-06-14,0.0033440054116787984,0.004808891220577388,0.0014648858088985896
2006-06-15,0.028714308932889197,0.022252821952728954,-0.0064614869801602436
2006-06-16,-0.0033032371416065872,-0.00281995981834616,0.0004832773232604274
2006-06-19,-0.016781993038123392,-0.012127362694548238,0.004654630343575154
2006-06-20,0.0037276501061375704,0.004381089509383501,0.0006534394032459306
2006-06-21,0.023844270591573385,0.021195995375909844,-0.002648275215663541
2006-06-22,-0.01024003512106234,-0.009986652869032941,0.000253382252029399
2006-06-23,0.0035341663215030525,0.003674521740738692,0.0001403554192356397
2006-06-26,0.010677378952689906,0.00786584036081784,-0.002811538591872066
2006-06-27,-0.021275651847102305,-0.01980301093824016,0.001472640908862146
2006-06-28,0.009275268267782454,0.0089158647032733,-0.00035940356450915416
2006-06-29,0.04098718967102298,0.03512956287367336,-0.0058576267973496216
2006-06-30,0.008698564724052227,0.007144094524470628,-0.0015544701995815991
2006-07-03,0.014604753862806795,0.011545657264869159,-0.003059096597937636
2006-07-05,-0.015397147275177542,-0.016446176819026236,-0.0010490295438486934
2006-07-06,0.006039128711454201,0.00401024626027501,-0.0020288824511791904
2006-07-07,-0.01961343409731933,-0.016321320450830026,0.0032921136464893024
2006-07-10,-0.009663846538739808,-0.011861259991153393,-0.0021974134524135845
2006-07-11,0.01390727483079356,0.01335651424344842,-0.0005507605873451404
2006-07-12,-0.01931882754811298,-0.016816066771227288,0.002502760776885691
2006-07-13,-0.025229926946274087,-0.021176592961004197,0.004053333985269889
2006-07-14,-0.010090736458108244,-0.008882224905558012,0.001208511552550232
2006-07-17,-0.021365291049075197,-0.019290131208184052,0.002075159840891145
2006-07-18,-0.009841550993058397,-0.008166975476216124,0.0016745755168422732
2006-07-19,0.028311869576929907,0.02060659473849319,-0.007705274838436717
2006-07-20,-0.014758639016540669,-0.012746990442057897,0.0020116485744827717
2006-07-21,-0.016136612344778624,-0.013807424684025116,0.0023291876607535074
2006-07-24,0.016725568731980518,0.012709827271726532,-0.004015741460253986
2006-07-25,0.006081850861112533,0.002883250493643077,-0.0031986003674694557
2006-07-26,0.004777385459268407,0.005670921271151546,0.0008935358118831397
2006-07-27,8.47550218132807e-05,0.0016836234376817628,0.001598868415868482
2006-07-28,0.03267968220536447,0.034590357911807354,0.001910675706442884
2006-07-31,0.004624332152019621,0.005233514541486598,0.0006091823894669767
2006-08-01,-0.007132448273352251,-0.009523931959794325,-0.002391483686442074
2006-08-02,0.014952671842828696,0.014216812532737065,-0.0007358593100916314
2006-08-03,0.005657586577921018,0.007753480587632941,0.0020958940097119223
2006-08-04,0.004440198420896806,0.0022721827546948376,-0.0021680156662019687
2006-08-07,-0.005011696158992925,-0.00489041253166067,0.0001212836273322554
2006-08-08,-0.00673542336656293,-0.006488267999689374,0.0002471553668735565
2006-08-09,-0.0008042353276058793,0.0036649947258162287,0.004469230053422108
2006-08-10,-0.0027699493474182585,-0.003949289214527837,-0.0011793398671095788
2006-08-11,-0.012689848851963483,-0.012402005065728161,0.00028784378623532107
2006-08-14,-0.0004940246952824579,0.0010570321677860197,0.0015510568630684777
2006-08-15,0.030873809909732,0.03193943011587881,0.0010656202061468112
2006-08-16,0.029851149712254055,0.033625408161763286,0.003774258449509231
2006-08-17,-0.008460773712009149,-0.010930833122587176,-0.0024700594105780266
2006-08-18,0.0029724165964395803,0.0014216139381354014,-0.001550802658304179
2006-08-21,-0.0012152330853285734,-0.0011383022854343594,7.693079989421403e-05
2006-08-22,-0.0033983583880301455,-0.0034656267138554113,-6.726832582526574e-05
2006-08-23,-0.01563566837615984,-0.015027779070811141,0.0006078893053486998
2006-08-24,-0.004181506783148168,-0.004396017945332242,-0.00021451116218407403
2006-08-25,0.004844425856487517,0.005632120998528258,0.0007876951420407417
2006-08-28,0.005876963236146015,0.004988509937407758,-0.0008884532987382572
2006-08-29,0.0037263227413449843,0.0016292739372414712,-0.002097048804103513
2006-08-30,0.011518999076879316,0.01096681184528347,-0.0005521872315958458
2006-08-31,0.00919714194978594,0.009484037516187482,0.00028689556640154254
2006-09-01,0.015736560292876303,0.015898080435264576,0.0001615201423882731
2006-09-05,-0.0009912118109978545,0.0017735930022281274,0.002764804813225982
2006-09-06,-0.02919781199393292,-0.030389662771272332,-0.0011918507773394128
2006-09-07,-0.020546068477576538,-0.0199560791883018,0.0005899892892747387
2006-09-08,0.006074293865111071,0.006076512964745337,2.2190996342656005e-06
2006-09-11,-0.00540263059166019,-0.0028871055659798438,0.002515525025680346
2006-09-12,0.029136094332368332,0.027745051727898713,-0.0013910426044696188
2006-09-13,0.01112365695547893,0.012374043892897759,0.0012503869374188292
2006-09-14,-0.00707429631782411,-0.0059877558950466115,0.0010865404227774983
2006-09-15,0.0011178961723277427,0.0002705160238528709,-0.0008473801484748718
2006-09-18,0.004207535634623723,0.004602414046297559,0.00039487841167383606
2006-09-19,-0.003990062254582481,-0.003889731931070503,0.0001003303235119781
2006-09-20,0.022635365566883725,0.02716962836768854,0.0045342628008048155
2006-09-21,0.0012127857718879458,0.0034328366461392787,0.002220050874251333
2006-09-22,0.0008640524921368783,0.0013524907049383313,0.000488438212801453
2006-09-25,0.02907995396419589,0.034247814492409136,0.005167860528213247
2006-09-26,0.010795234571469992,0.00866495288548215,-0.0021302816859878424
2006-09-27,-0.0022177567019643057,-0.003117190868213851,-0.0008994341662495451
2006-09-28,0.0003378754451366892,-0.0004905869436877173,-0.0008284623888244065
2006-09-29,-0.012384027503193784,-0.013587762627991162,-0.0012037351247973782
2006-10-02,-0.004618763447410791,-0.00741732221616192,-0.0027985587687511283
2006-10-03,0.007538144610632909,0.01133095500693464,0.0037928103963017316
2006-10-04,0.04317873163006466,0.05201841938106459,0.008839687750999935
2006-10-05,-0.004267357605996671,-0.007301179335509608,-0.003033821729512937
2006-10-06,-0.018790048503109964,-0.020910875390920156,-0.0021208268878101927
2006-10-09,0.010024803023471862,0.013064558535544207,0.0030397555120723445
2006-10-10,-0.005039197646005003,-0.0072853875990657995,-0.002246189953060796
2006-10-11,-0.005397117446764012,-0.004085414702537542,0.00131170274422647
2006-10-12,0.036953708829820825,0.043888602562214725,0.0069348937323939
2006-10-13,0.014064313140463925,0.01825604935621644,0.004191736215752516
2006-10-16,0.005946596502696541,0.003130155546842635,-0.002816440955853906
2006-10-17,-0.020748092199411202,-0.026398321092369042,-0.00565022889295784
2006-10-18,0.0038454640628235023,0.0012778748429809826,-0.0025675892198425195
2006-10-19,-0.0013157953024532274,-0.002360879708038549,-0.0010450844055853216
2006-10-20,0.007980289642384305,0.011599754949094937,0.0036194653067106314
2006-10-23,0.012776940250415128,0.01626172467266473,0.003484784422249603
2006-10-24,-0.001807320842173114,-0.007036687008454548,-0.005229366166281434
2006-10-25,0.011751627249163296,0.013781022277437256,0.0020293950282739594
2006-10-26,0.02472379258643966,0.02890205484902349,0.004178262262583832
2006-10-27,-0.0231946078198305,-0.02831205844796158,-0.0051174506281310775
2006-10-30,0.012182050234665107,0.020045794875629595,0.007863744640964489
2006-10-31,0.010796699785490749,0.015162478967274937,0.004365779181784189
2006-11-01,-0.0007216059433695947,0.0020943506801342727,0.0028159566235038676
2006-11-02,-0.004138029396225741,-0.005410505481958267,-0.001272476085732526
2006-11-03,-0.03383718139761076,-0.04424806341695089,-0.01041088201934013
2006-11-06,0.04533697272876523,0.05358066779925368,0.00824369507048845
2006-11-07,0.02801330324131577,0.03619620095871415,0.008182897717398378
2006-11-08,0.013931121246119357,0.01753599630153913,0.0036048750554197716
2006-11-09,-0.011360027938024852,-0.008588449072991416,0.0027715788650334357
2006-11-10,0.01050213994813721,0.012035943544981793,0.0015338035968445827
2006-11-13,0.0005233475521093561,0.0032505307788525234,0.0027271832267431674
2006-11-14,0.028757858048185203,0.029739999306119983,0.00098214125793478
2006-11-15,-0.0042072112921596955,-0.007320323837485139,-0.003113112545325443
2006-11-16,0.0023907775282485315,0.004675267190901099,0.0022844896626525676
2006-11-17,0.007708617481215514,0.00820793366286948,0.0004993161816539667
2006-11-20,0.009075761205601472,0.01332888809363347,0.004253126888031998
2006-11-21,0.013540251082611103,0.014528329070169075,0.0009880779875579716
2006-11-22,0.02080935621781595,0.02379315231281632,0.002983796095000369
2006-11-24,0.011729638134332058,0.01608192980659871,0.0043522916722666515
2006-11-27,-0.04376068863106634,-0.048986179064201704,-0.005225490433135367
2006-11-28,0.010262532657436292,0.011962448425032326,0.0016999157675960334
2006-11-29,0.01512854509603052,0.011909569127258551,-0.0032189759687719696
2006-11-30,0.033765133325162934,0.037924471480393906,0.0041593381552309724
2006-12-01,0.0071308727387642025,0.007140509130532356,9.636391768153875e-06
2006-12-04,0.018914784103875953,0.02083950769459429,0.001924723590718335
2006-12-05,0.013074147983269536,0.013757159141362274,0.0006830111580927375
2006-12-06,-0.03203643088604799,-0.041540290729048496,-0.009503859843000506
2006-12-07,-0.011982397519098444,-0.017468682203326324,-0.00548628468422788
2006-12-08,-0.0239493495936582,-0.0279276262486316,-0.003978276654973398
2006-12-11,0.03215738059272494,0.03611486866327668,0.00395748807055174
2006-12-12,0.008197232551115844,0.008666514118842518,0.0004692815677266732
2006-12-13,-0.018236445784709742,-0.018108199974410953,0.00012824581029878893
2006-12-14,0.022986192277244834,0.023255397173543392,0.00026920489629855826
2006-12-15,-0.008200022130396207,-0.008390789484230754,-0.0001907673538345464
2006-12-18,-0.015811138666484734,-0.0183692414167659,-0.0025581027502811667
2006-12-19,0.01501302945662147,0.013826596477901885,-0.0011864329787195857
2006-12-20,-0.0028706203742211644,-0.0038576239131614854,-0.000987003538940321
2006-12-21,-0.0054476949953316724,-0.00509888276565544,0.00034881222967623245
2006-12-22,-0.03483528575333332,-0.03967523434622771,-0.00483994859289439
2006-12-26,0.01831490417422561,0.01764156547180164,-0.0006733387024239687
2006-12-27,0.03243219073244382,0.028678479032499715,-0.003753711699944106
2006-12-28,0.0019689082809550723,0.001122154687590905,-0.0008467535933641673
2006-12-29,-0.011250682815185391,-0.006330135463255688,0.004920547351929703
2007-01-03,-0.0066714761737074,-0.004529520617517821,0.002141955556189579
2007-01-04,0.004336871365151856,0.0108139061420984,0.006477034776946545
2007-01-05,-0.03870219577793428,-0.03571975850077293,0.002982437277161354
2007-01-08,0.0032809418874790563,0.002152062318365293,-0.0011288795691137632
2007-01-09,0.005563353645468667,0.009419730820861701,0.0038563771753930337
2007-01-10,0.0076404971151001885,0.010995175644687256,0.0033546785295870676
2007-01-11,0.0390212384330234,0.03916551696760798,0.00014427853458457568
2007-01-12,0.03196859206168285,0.03064196072126286,-0.001326631340419989
2007-01-16,-0.0016070904156951752,-0.0018954394959155231,-0.00028834908022034797
2007-01-17,-0.0046537422338663575,-0.006998396551403007,-0.0023446543175366496
2007-01-18,-0.014501114896401879,-0.0159776388146227,-0.0014765239182208227
2007-01-19,0.0026935018979381328,9.303445483848699e-05,-0.002600467443099646
2007-01-22,-0.011028387581403247,-0.009380671231912092,0.0016477163494911552
2007-01-23,0.010358136141063182,0.005669014827382175,-0.0046891213136810075
2007-01-24,0.01685915918915674,0.015273560438932894,-0.0015855987502238472
2007-01-25,-0.03054736704822007,-0.025724167052498033,0.004823199995722036
2007-01-26,-0.011302272790779522,-0.011507800854475532,-0.00020552806369601023
2007-01-29,0.0067444790701213335,0.007367344954798656,0.0006228658846773221
2007-01-30,0.004883370475904538,-0.0008473952380906748,-0.005730765713995212
2007-01-31,0.016644641463741176,0.015086890618913341,-0.0015577508448278345
2007-02-01,0.01452759321755704,0.007593488034226345,-0.0069341051833306955
2007-02-02,0.006098398412659626,0.006112087953336762,1.3689540677136632e-05
2007-02-05,-0.0031073335049308973,-0.002036045169110962,0.0010712883358199353
2007-02-06,0.002388326417640615,0.0012066827276684827,-0.0011816436899721322
2007-02-07,0.018087555559001305,0.020375349705476872,0.002287794146475567
2007-02-08,-0.0052822298177459415,-0.005858645823526461,-0.0005764160057805199
2007-02-09,-0.01858319407926644,-0.017799193283721336,0.0007840007955451055
2007-02-12,-0.008267978024453207,-0.006327866998054632,0.0019401110263985756
2007-02-13,0.010292216736100708,0.005772079561590887,-0.004520137174509821
2007-02-14,0.03870736793362079,0.04182315678283744,0.0031157888492166497
2007-02-15,0.006229316657168254,0.007385598062974649,0.0011562814058063949
2007-02-16,0.000481451300845415,-0.0027398431754485195,-0.0032212944762939344
2007-02-20,0.007654053891284143,0.00800395939396222,0.0003499055026780773
2007-02-21,0.014061852375052648,0.01733351897470058,0.0032716665996479315
2007-02-22,0.0007348070209875411,0.002732811117144066,0.001998004096156525
2007-02-23,-0.008376545369033653,-0.00876982174096477,-0.0003932763719311158
2007-02-26,0.004948695980041118,0.00553111575013048,0.0005824197700893619
2007-02-27,-0.11134826934364644,-0.11302739951444225,-0.001679130170795809
2007-02-28,-0.005480896033443924,-0.008527917926642415,-0.0030470218931984913
2007-03-01,-0.027089817743095056,-0.029820475126178768,-0.0027306573830837115
2007-03-02,-0.03775557850323384,-0.03833893012407004,-0.0005833516208361977
2007-03-05,-0.0200693073678043,-0.012510144736269135,0.007559162631535164
2007-03-06,0.015686387629888335,0.010329213005036619,-0.0053571746248517165
2007-03-07,0.006517797046233349,0.005324088648300821,-0.001193708397932528
2007-03-08,0.012670307746666718,0.009569903082804747,-0.0031004046638619717
2007-03-09,-0.008998736345666104,-0.007453226003222402,0.0015455103424437018
2007-03-12,0.012183610257513319,0.011239289094937198,-0.0009443211625761207
2007-03-13,-0.02383205539012646,-0.01637823804734872,0.007453817342777742
2007-03-14,0.005821521370377569,0.0069793923406619865,0.0011578709702844171
2007-03-15,-0.0001257558251811432,-0.0031359092799624574,-0.0030101534547813144
2007-03-16,-0.0006846159188409619,0.0009449581910472914,0.0016295741098882534
2007-03-19,0.013699450831114342,0.010209493855401949,-0.0034899569757123935
2007-03-20,0.014607407755901023,0.012139335166275503,-0.0024680725896255203
2007-03-21,0.032321689996163326,0.025843584901908835,-0.006478105094254491
2007-03-22,-0.013030892729276931,-0.013543946865797744,-0.0005130541365208127
2007-03-23,-0.009689824698771117,-0.010568180137712786,-0.0008783554389416685
2007-03-26,0.00815187038675866,0.009045134865136839,0.0008932644783781786
2007-03-27,-0.014208655678561385,-0.012955071782581151,0.0012535838959802335
2007-03-28,-0.012883407147770075,-0.011492337127254922,0.0013910700205151533
2007-03-29,0.007740103417598897,0.0070884138432774045,-0.0006516895743214927
2007-03-30,-0.002569061185445824,-0.002576809468689605,-7.74828324378099e-06
2007-04-02,0.0062728310561660765,0.005740304226517794,-0.0005325268296482825
2007-04-03,0.01799901663848994,0.017062651565312,-0.0009363650731779409
2007-04-04,0.01220155394091332,0.01342247513615145,0.0012209211952381293
2007-04-05,0.014929944567104864,0.014393372133872243,-0.0005365724332326207
2007-04-09,-0.0020518966718948697,-0.0027763328676489777,-0.000724436195754108
2007-04-10,0.023090091881284393,0.022689465760842412,-0.00040062612044198045
2007-04-11,-0.015621803592705543,-0.015520364819493109,0.00010143877321243389
2007-04-12,0.012155325550754641,0.01049904360088595,-0.0016562819498686914
2007-04-13,0.018923322487217877,0.016763140849788395,-0.0021601816374294813
2007-04-16,0.025719517508525264,0.021980838406797036,-0.0037386791017282282
2007-04-17,0.014492025057062482,0.014920797460818976,0.0004287724037564944
2007-04-18,-0.0010097090363476273,-0.0020982535210045962,-0.001088544484656969
2007-04-19,-0.0035144999078339217,0.0006656032074928792,0.004180103115326801
2007-04-20,0.025983369785843733,0.023112589765128404,-0.0028707800207153286
2007-04-23,-0.0032877834053408354,-0.0014412329270146282,0.0018465504783262072
2007-04-24,0.00257988598459811,0.0047917518291889965,0.0022118658445908863
2007-04-25,0.025292690597477265,0.02600373609735146,0.0007110454998741945
2007-04-26,-0.012689900506989305,-0.010838378113222854,0.0018515223937664513
2007-04-27,0.0015821994773703198,0.0030718666770727875,0.0014896671997024677
2007-04-30,-0.011705277903178598,-0.011255367068511777,0.0004499108346668213
2007-05-01,-0.002124285138834619,-0.004223014174081622,-0.002098729035247003
2007-05-02,0.016713171479128097,0.017080310011467596,0.00036713853233949836
2007-05-03,0.005754603815303991,0.005462998086014548,-0.00029160572928944254
2007-05-04,0.016908958662581536,0.016509393416435217,-0.00039956524614631964
2007-05-07,0.0046892601838081655,0.00504236586769594,0.0003531056838877748
2007-05-08,-0.009977846922880949,-0.008747256765856892,0.001230590157024057
2007-05-09,-0.004527736742062014,-0.008206074686455397,-0.0036783379443933823
2007-05-10,-0.03735167603164927,-0.036479221178954045,0.0008724548526952217
2007-05-11,0.027176127372825386,0.029001740594862116,0.0018256132220367295
2007-05-14,-0.00802175698932817,-0.009766949045192324,-0.001745192055864155
2007-05-15,-0.002892947621065283,-0.0031537052800185094,-0.00026075765895322654
2007-05-16,0.010232173049291311,0.010215412497353065,-1.6760551938246188e-05
2007-05-17,-0.009645317319793028,-0.013536899834592513,-0.0038915825147994854
2007-05-18,0.016243012259889382,0.016045860919149318,-0.0001971513407400642
2007-05-21,0.01323577413135242,0.015841111918855597,0.0026053377875031765
2007-05-22,-0.010779084465256935,-0.014768052333936837,-0.003988967868679902
2007-05-23,-0.00022868514129821953,-0.001936816074140122,-0.0017081309328419024
2007-05-24,-0.04010060619039282,-0.046923860565095246,-0.00682325437470243
2007-05-25,0.017326507276686096,0.019664294475800096,0.0023377871991140005
2007-05-29,0.004974681894727281,0.008597831153121955,0.0036231492583946737
2007-05-30,0.02137167235818372,0.022519725958347492,0.0011480536001637724
2007-05-31,0.01387450321430651,0.016234976549045058,0.0023604733347385477
2007-06-01,0.020002925102711788,0.019281985165499983,-0.000720939937211805
2007-06-04,0.0008287070595661736,-0.00027818673211942285,-0.0011068937916855965
2007-06-05,-0.00847705513900223,-0.004092450948507585,0.0043846041904946455
2007-06-06,-0.037316780068939084,-0.04078061846259776,-0.003463838393658679
2007-06-07,-0.04294906600054075,-0.04192563775244693,0.0010234282480938162
2007-06-08,0.0219414537748755,0.02226202961442568,0.0003205758395501794
2007-06-11,0.011512345823662673,0.011086778942568978,-0.000425566881093695
2007-06-12,-0.01890910641593662,-0.014034734910599665,0.004874371505336955
2007-06-13,0.030085370666576388,0.026509669028935087,-0.0035757016376413014
2007-06-14,0.023046098721284495,0.02371092767266543,0.0006648289513809351
2007-06-15,0.0290569728859369,0.03002135665118288,0.0009643837652459804
2007-06-18,0.005258497234855248,0.005769790394394609,0.0005112931595393612
2007-06-19,-0.0005383676870815776,-0.0008712114073303109,-0.00033284372024873325
2007-06-20,-0.026211319650895768,-0.02101184202635191,0.0051994776245438586
2007-06-21,0.007162900437379886,0.0073504008042348246,0.00018750036685493895
2007-06-22,-0.023329453579842556,-0.018569011556116764,0.004760442023725792
2007-06-25,-0.007169618332566415,-0.006073436209360921,0.0010961821232054947
2007-06-26,-0.01910513932154317,-0.0186803387360561,0.0004248005854870715
2007-06-27,0.015372561552040441,0.015492194402532128,0.00011963285049168722
2007-06-28,0.01218500234428906,0.012233252410471726,4.825006618266667e-05
2007-06-29,0.010511538331151567,0.013211481364491634,0.0026999430333400666
2007-07-02,0.03432036782191621,0.03302088081235495,-0.0012994870095612635
2007-07-03,0.007871551829563731,0.008492310333570308,0.0006207585040065768
2007-07-05,0.001386543121979131,0.004526646365261568,0.0031401032432824367
2007-07-06,0.019735785289425187,0.019025978348063997,-0.0007098069413611907
2007-07-09,0.006795298950558836,0.0063185891116576,-0.00047670983890123544
2007-07-10,-0.01956803077927469,-0.012625511144306444,0.006942519634968246
2007-07-11,0.009544767434239728,0.009098760029994737,-0.00044600740424499165
2007-07-12,0.047502023141243056,0.04213184306831651,-0.005370180072926549
2007-07-13,0.015136272540679502,0.016961477124824133,0.0018252045841446306
2007-07-16,-0.006350605020563363,-0.004848732904659045,0.0015018721159043178
2007-07-17,0.0030940926321776454,0.0071000008737123,0.004005908241534654
2007-07-18,0.002081147825900669,0.0035667943028284493,0.0014856464769277804
2007-07-19,0.010244014475561143,0.008690028968842568,-0.0015539855067185759
2007-07-20,-0.014931215673970847,-0.008762181196303443,0.006169034477667404
2007-07-23,0.00467398827637435,0.0022599097611945857,-0.0024140785151797644
2007-07-24,-0.03289312150227659,-0.02773581533321441,0.005157306169062181
2007-07-25,-0.00987599660909703,-0.01374591778839555,-0.0038699211792985206
2007-07-26,-0.03702790873197374,-0.025828062938368073,0.011199845793605664
2007-07-27,-0.05287508507500415,-0.05612857973582081,-0.003253494660816661
2007-07-30,0.015150529731384652,0.013106108427787528,-0.0020444213035971243
2007-07-31,-0.016085026271680344,-0.015201265928703961,0.0008837603429763825
2007-08-01,0.0006632749340732349,0.00118240932545628,0.000519134391383045
2007-08-02,0.010604839741954157,0.009647596158826715,-0.0009572435831274421
2007-08-03,-0.019641819545710003,-0.012892419743541165,0.006749399802168838
2007-08-06,0.007803821774045866,-0.0008724532231533614,-0.008676274997199227
2007-08-07,-0.003232790166444307,-0.005241046430773263,-0.002008256264328956
2007-08-08,0.004735879484696598,-0.003572643575047483,-0.008308523059744081
2007-08-09,-0.04859402309536961,-0.04355357246831712,0.005040450627052488
2007-08-10,0.006932284554333025,0.008526818483071016,0.0015945339287379906
2007-08-13,0.006392894208809028,0.011907093649485855,0.005514199440676827
2007-08-14,-0.019271850778046818,-0.014760994147422907,0.004510856630623911
2007-08-15,-0.017511981446113777,-0.017360186974903442,0.00015179447121033487
2007-08-16,0.004897803598258728,-0.002453988226319556,-0.007351791824578284
2007-08-17,0.01634623437842912,0.010016558295877984,-0.006329676082551135
2007-08-20,0.008863279850976954,0.01169837358017706,0.002835093729200107
2007-08-21,0.012989578308186978,0.01634267852983986,0.0033531002216528813
2007-08-22,0.01399485904990115,0.014168392472943218,0.0001735334230420684
2007-08-23,-0.004074089550332735,-0.003012259913782066,0.0010618296365506688
2007-08-24,0.01889640239992687,0.0182528541030863,-0.0006435482968405702
2007-08-27,-0.004872028229700656,-0.0021684874131782522,0.0027035408165224034
2007-08-28,-0.02522265385196819,-0.020747308540030904,0.004475345311937287
2007-08-29,0.031024911501382802,0.029009493541392952,-0.00201541795998985
2007-08-30,0.008887607571166032,0.011672611850602848,0.0027850042794368163
2007-08-31,0.011471121389775732,0.009202225427111752,-0.0022688959626639797
2007-09-04,0.025185790625036265,0.023480536576028013,-0.0017052540490082521
2007-09-05,-0.0038647871242513073,-0.002292857983491584,0.0015719291407597234
2007-09-06,0.0011061772610744722,-0.0016475894931511279,-0.0027537667542256
2007-09-07,-0.003555288299625246,-0.002270796453610777,0.001284491846014469
2007-09-10,0.007812431643320994,0.008742367930946161,0.0009299362876251677
2007-09-11,0.016919134740980127,0.014755028078392267,-0.0021641066625878603
2007-09-12,0.0028385780002451915,0.003017185950241968,0.00017860794999677646
2007-09-13,-0.0032484409148216147,-0.005271708627479233,-0.002023267712657618
2007-09-14,0.003210895741744296,0.002651445730004732,-0.0005594500117395637
2007-09-17,-0.011063557962052552,-0.010778187331165716,0.0002853706308868359
2007-09-18,0.05849824349268203,0.05414889244830748,-0.004349351044374554
2007-09-19,0.011753118203305258,0.009860624394773958,-0.0018924938085312995
2007-09-20,-0.007071764171080583,-0.0039037876369434833,0.0031679765341371
2007-09-21,0.013867451257887738,0.014449770179184104,0.0005823189212963657
2007-09-24,0.0013936544622294672,0.006826538899076368,0.005432884436846901
2007-09-25,0.010875423212725496,0.015983288184145614,0.005107864971420118
2007-09-26,0.008814641823538869,0.007254687757747061,-0.0015599540657918074
2007-09-27,0.025055827290292727,0.025035118709373545,-2.070858091918204e-05
2007-09-28,0.0010273533039139686,0.0010538960844613734,2.6542780547404764e-05
2007-10-01,0.020239205187540483,0.018030328839761762,-0.002208876347778721
2007-10-02,-0.016254100718759216,-0.01891658883599164,-0.0026624881172324227
2007-10-03,-0.018681484273558674,-0.021364396600998696,-0.002682912327440022
2007-10-04,0.010664586095067185,0.011899054029417253,0.0012344679343500673
2007-10-05,0.020951182913850012,0.02366060606894687,0.002709423155096858
2007-10-08,-0.006443575870316778,-0.0017570803885334219,0.004686495481783356
2007-10-09,0.013315409753034793,0.012357026199848516,-0.0009583835531862765
2007-10-10,0.004647741585841014,0.006797915655145161,0.002150174069304147
2007-10-11,-0.003923934429083407,-0.009317751997804347,-0.00539381756872094
2007-10-12,0.013912335219328437,0.020509023483107843,0.006596688263779406
2007-10-15,-0.00395466495644534,-3.047453908793672e-05,0.003924190417357403
2007-10-16,-0.009573548959335721,-0.006145771172540592,0.00342777778679513
2007-10-17,0.026090136067456367,0.035870359332083095,0.009780223264626728
2007-10-18,0.020155998229717226,0.028076834327336868,0.007920836097619642
2007-10-19,-0.032495650374440174,-0.033766433706182084,-0.0012707833317419093
2007-10-22,-0.005746136951266046,-0.0038260806309524417,0.001920056320313604
2007-10-23,0.03499725735667392,0.05057505584610215,0.015577798489428224
2007-10-24,0.003273443014579302,0.0035673355744790915,0.0002938925598997893
2007-10-25,0.005061347951428196,0.0025161717411961706,-0.002545176210232025
2007-10-26,0.03782449799817824,0.04689588858476984,0.0090713905865916
2007-10-29,0.016718105934829475,0.017947912626936704,0.0012298066921072291
2007-10-30,-0.012979304687578035,-0.010437954760945578,0.0025413499266324566
2007-10-31,0.01998842115494726,0.023931630702891886,0.003943209547944627
2007-11-01,-0.03781954597952686,-0.03557151939237116,0.0022480265871556993
2007-11-02,0.03709515898576617,0.047705112392107285,0.010609953406341112
2007-11-05,-0.016518357634509036,-0.019374204394543876,-0.0028558467600348393
2007-11-06,0.03696538118325641,0.04425809366157156,0.007292712478315151
2007-11-07,-0.01950782595269928,-0.01827032334153787,0.0012375026111614111
2007-11-08,-0.014850890466469532,-0.03474434521808312,-0.019893454751613585
2007-11-09,-0.03087214433707623,-0.04858030192127428,-0.01770815758419805
2007-11-12,-0.04220248085035884,-0.04394778941955069,-0.0017453085691918474
2007-11-13,0.014212916417076848,0.01168365617103466,-0.0025292602460421885
2007-11-14,-0.0013232954600182092,-0.0021803605577872336,-0.0008570650977690244
2007-11-15,-0.010738525827623753,-0.004485735667756828,0.006252790159866925
2007-11-16,0.013955565175581365,0.014307479927178915,0.00035191475159754987
2007-11-19,-0.0020400851509465192,0.006037359087197756,0.008077444238144275
2007-11-20,0.02725258659246921,0.028584769091650915,0.0013321824991817041
2007-11-21,-0.004543148351506921,-0.00023028881736007585,0.004312859534146845
2007-11-23,0.021952966115216407,0.014734136068267489,-0.007218830046948918
2007-11-26,0.00481192326110553,0.00914425905069858,0.004332335789593051
2007-11-27,-0.0034302606879743347,-0.002755586067157714,0.0006746746208166209
2007-11-28,0.013605615720781603,0.006793862125536259,-0.006811753595245344
2007-11-29,0.010073180790063615,0.01113878985706674,0.0010656090670031256
2007-11-30,-0.015162140964827429,-0.02224757260108664,-0.00708543163625921
2007-12-03,0.014053223409068446,0.014648251090165777,0.000595027681097331
2007-12-04,0.012268052236994934,0.01547061554923804,0.0032025633122431067
2007-12-05,0.010899324639348874,0.010886694595689281,-1.2630043659592888e-05
2007-12-06,0.007330111197163625,0.003362275869884511,-0.003967835327279115
2007-12-07,-0.01642761620524859,-0.01552628639137961,0.000901329813868982
2007-12-10,0.011317536628448413,0.007640311306518593,-0.0036772253219298197
2007-12-11,-0.012952578745605578,-0.006259928085113418,0.006692650660492161
2007-12-12,0.008701547844441184,0.013434914385176917,0.004733366540735733
2007-12-13,-0.030432770562122815,-0.03214498138725524,-0.001712210825132423
2007-12-14,-0.03870765280330224,-0.03567140106993387,0.0030362517333683697
2007-12-17,-0.023879341456612326,-0.024061661928382296,-0.00018232047176997002
2007-12-18,0.018459401330402483,0.016435727111078983,-0.0020236742193235
2007-12-19,0.007592187322849853,0.008730725746991234,0.0011385384241413814
2007-12-20,0.024624346895907805,0.02975616369675641,0.005131816800848607
2007-12-21,0.008539643980422196,0.006237095963156916,-0.00230254801726528
2007-12-24,0.010430856793115968,0.008815857529124968,-0.0016149992639909998
2007-12-26,0.006380403334502756,0.008583010299027962,0.0022026069645252064
2007-12-27,-0.00812974661493793,-0.004188926347160522,0.003940820267777409
2007-12-28,0.01561161103041049,0.015748777256313237,0.00013716622590274723
2007-12-31,-0.008937388734656286,-0.012438574411603698,-0.0035011856769474117
2008-01-02,0.02198473784191327,0.026276174950338398,0.004291437108425129
2008-01-03,0.011638613526476481,0.017239561322364264,0.005600947795887783
2008-01-04,-0.030616781560554,-0.036905838700951876,-0.0062890571403978746
2008-01-07,-0.00597374515058869,-0.007708319386289581,-0.001734574235700891
2008-01-08,-0.011776952059660884,-0.013177488136487628,-0.0014005360768267437
2008-01-09,0.026622738991897908,0.03370918860144125,0.0070864496095433445
2008-01-10,0.0027804213267130944,-0.005975100934174876,-0.008755522260887971
2008-01-11,0.00012578399390794436,-0.0021022172571765856,-0.0022280012510845298
2008-01-14,0.02916386709815574,0.03666411129421923,0.0075002441960634915
2008-01-15,-0.014534437876271048,-0.012502301028921529,0.002032136847349519
2008-01-16,-0.032737100299818744,-0.04557963190303844,-0.012842531603219694
2008-01-17,-0.01041637053065945,0.0009692355092364249,0.011385606039895874
2008-01-18,7.332239407710377e-05,0.0038032293940616357,0.003729906999984532
2008-01-22,-0.022526499205923953,-0.03761513006965561,-0.015088630863731658
2008-01-23,0.005508308023508488,-0.01092644970169118,-0.01643475772519967
2008-01-24,-0.01143210357707559,-0.009465640764118077,0.0019664628129575125
2008-01-25,-0.010408192086221943,-0.012150184902992047,-0.0017419928167701042
2008-01-28,0.027580653036358947,0.021942413311806054,-0.005638239724552893
2008-01-29,-0.0111667920422316,-0.0162549148107652,-0.0050881227685336
2008-01-30,-0.0008910667400698548,0.003343557431864573,0.004234624171934428
2008-01-31,0.030965859306711214,0.02915862787415137,-0.001807231432559845
2008-02-01,0.010195421344906143,0.0014286095936829485,-0.008766811751223194
2008-02-04,-0.004681337247393793,-0.003660416914500023,0.0010209203328937697
2008-02-05,-0.024912885541688766,-0.02137471937876171,0.003538166162927056
2008-02-06,-0.011189028216768157,-0.015031245926157632,-0.0038422177093894744
2008-02-07,-0.004151750814419567,-0.006255371464632027,-0.0021036206502124608
2008-02-08,0.030509955331545976,0.043026740783566844,0.012516785452020868
2008-02-11,0.020322480293561793,0.02717622768188402,0.006853747388322225
2008-02-12,-0.025391275579122272,-0.03515366884533198,-0.009762393266209705
2008-02-13,0.01708687814470306,0.02157097033863417,0.004484092193931113
2008-02-14,-0.017476212008118924,-0.019343022643855505,-0.0018668106357365814
2008-02-15,0.0042378671184979365,0.003929600235416124,-0.0003082668830818123
2008-02-19,0.0065719654751166525,0.009633133561037822,0.00306116808592117
2008-02-20,0.004137522489111769,0.0033520486750798144,-0.0007854738140319543
2008-02-21,0.01651394345248171,0.021793759111667567,0.005279815659185855
2008-02-22,0.012768789509937171,0.013355015775759229,0.0005862262658220575
2008-02-25,-0.0028670365391171024,-0.00924640218519031,-0.006379365646073208
2008-02-26,0.030778834429990104,0.03313656426218705,0.002357729832196946
2008-02-27,0.017938589137312996,0.022071446676564126,0.00413285753925113
2008-02-28,0.0355661475100055,0.04873061262884146,0.013164465118835955
2008-02-29,0.009926344064438713,0.014842543935333864,0.004916199870895151
2008-03-03,0.01365893426228943,0.01428119352757061,0.000622259265281179
2008-03-04,-0.0007482566352085965,0.005421694487868093,0.006169951123076689
2008-03-05,0.0023635681617019066,0.003653835267733077,0.0012902671060311703
2008-03-06,-0.008849932088342052,-0.0024752507939350098,0.006374681294407042
2008-03-07,0.0019094806873232494,0.006913403296307284,0.005003922608984034
2008-03-10,0.00305084975924942,0.009336272225723813,0.006285422466474393
2008-03-11,0.0076006615845752605,0.005027814691214638,-0.0025728468933606226
2008-03-12,0.020881259874467442,0.023982410168002195,0.0031011502935347525
2008-03-13,0.022881676517225297,0.024955627937004062,0.002073951419778765
2008-03-14,0.007137204425402954,0.012981998705649277,0.005844794280246323
2008-03-17,-0.005498640284205316,-0.0020069867660648523,0.003491653518140464
2008-03-18,0.008804933532609699,0.0008810877701596574,-0.007923845762450041
2008-03-19,-0.061498730619004266,-0.06444395245390112,-0.002945221834896858
2008-03-20,-0.014098600344904037,-0.024285024312602745,-0.010186423967698708
2008-03-24,-0.007469132450928377,-0.004777570000590295,0.0026915624503380817
2008-03-25,0.015875382426547978,0.013881344671768934,-0.0019940377547790437
2008-03-26,0.018602667244412473,0.019723793352907183,0.0011211261084947098
2008-03-27,-0.025300767789220642,-0.022635643646147806,0.002665124143072836
2008-03-28,0.0010114477097011253,0.004817821825670554,0.003806374115969429
2008-03-31,0.007663464902039057,0.004826862804556256,-0.002836602097482801
2008-04-01,-0.0060801505789285365,-0.008314513585025317,-0.0022343630060967807
2008-04-02,-0.005561696792185528,-0.005431753860657478,0.0001299429315280501
2008-04-03,0.0024585153154746326,0.0016672900303134643,-0.0007912252851611683
2008-04-04,0.024975210888257937,0.023712689893628038,-0.0012625209946298989
2008-04-07,-0.011960757831873264,-0.012303883303771572,-0.0003431254718983083
2008-04-08,-0.0029684786342293475,-0.0020092203219920553,0.0009592583122372922
2008-04-09,0.02048874196063161,0.021124357007203665,0.0006356150465720543
2008-04-10,0.0028372847521381524,0.005606084049729315,0.002768799297591163
2008-04-11,-0.01721791109987771,-0.015405609588785348,0.0018123015110923617
2008-04-14,0.0023084411509781675,0.005374817055651157,0.0030663759046729894
2008-04-15,-0.00133786805180012,-0.0011014910585901878,0.00023637699320993221
2008-04-16,0.024602733925877123,0.025024282013546853,0.00042154808766972987
2008-04-17,-0.01692130472386437,-0.017267792052317498,-0.00034648732845312877
2008-04-18,0.015131630655578264,0.017350179491865222,0.002218548836286959
2008-04-21,0.005021630297896796,0.009431302235109294,0.004409671937212498
2008-04-22,-0.0022213818848322653,-0.001508050771884797,0.0007133311129474684
2008-04-23,-0.0012501159421165612,0.0008159074227272617,0.002066023364843823
2008-04-24,-0.02362457922072621,-0.027703667885154857,-0.004079088664428646
2008-04-25,-0.005688470191699382,-0.012216584464643876,-0.006528114272944494
2008-04-28,0.009332086133865481,0.009386051511946459,5.396537808097755e-05
2008-04-29,-0.013574198962851327,-0.01004188084621259,0.003532318116638738
2008-04-30,0.001614713364148219,0.0001918902584436431,-0.0014228231057045759
2008-05-01,0.013536909076042611,0.014235732177530595,0.0006988231014879841
2008-05-02,-0.004153101049219899,-0.004764442032484712,-0.0006113409832648126
2008-05-05,0.008950526543697703,0.014280046041793679,0.0053295194980959755
2008-05-06,0.014380562211009971,0.014123908350351093,-0.0002566538606588783
2008-05-07,-0.018958417035454152,-0.014867804004193056,0.004090613031261096
2008-05-08,0.0218383177264029,0.02601925390930893,0.00418093618290603
2008-05-09,0.006545828491369302,0.008887744722508324,0.0023419162311390214
2008-05-12,0.01826510463337656,0.020662241037237173,0.0023971364038606127
2008-05-13,-0.013672065787036409,-0.011434638983564423,0.002237426803471986
2008-05-14,-0.00940546692095968,-0.014843630231874166,-0.005438163310914486
2008-05-15,0.032451888029004915,0.035539158582761333,0.003087270553756419
2008-05-16,0.012851777860599552,0.014607124066568717,0.001755346205969165
2008-05-19,-0.0044151367397400505,-0.007897956254755997,-0.0034828195150159464
2008-05-20,0.009082904881634619,0.01359156627313234,0.004508661391497722
2008-05-21,-0.016219834537894398,-0.01533207703519621,0.0008877575026981881
2008-05-22,-0.019953023464274147,-0.023690220706778783,-0.0037371972425046356
2008-05-23,0.008047867282938723,0.015560802454272347,0.0075129351713336245
2008-05-27,-0.00935222964073176,-0.006248044481528281,0.0031041851592034783
2008-05-28,-0.005680145308202768,-0.005642316879723632,3.782842847913602e-05
2008-05-29,-0.015661459759495892,-0.020266942019872815,-0.004605482260376922
2008-05-30,0.016840567793547784,0.01990049760063221,0.0030599298070844265
2008-06-02,0.002061690574674506,0.005402102095658751,0.0033404115209842446
2008-06-03,-0.007683818895502099,-0.00884190335443449,-0.0011580844589323914
2008-06-04,0.007483404981461358,0.01309337685746697,0.005609971876005611
2008-06-05,0.03321034443152092,0.031848061085785404,-0.0013622833457355155
2008-06-06,-0.009397613494164625,-0.0034895793215717757,0.005908034172592849
2008-06-09,-0.020001299815764557,-0.017418564251169277,0.0025827355645952794
2008-06-10,-0.030428907045678633,-0.03311657894598158,-0.002687671900302946
2008-06-11,0.0038172953628750938,0.006791226673717039,0.002973931310841945
2008-06-12,-0.018803068672916826,-0.022150204359901476,-0.003347135686984651
2008-06-13,0.024669884691162623,0.02494238120102926,0.00027249650986663557
2008-06-16,0.010234379267536849,0.013553056584683318,0.0033186773171464696
2008-06-17,0.0073378477620429094,0.012300073407051006,0.004962225645008096
2008-06-18,0.00913805322421434,0.014872878022480497,0.0057348247982661575
2008-06-19,0.0033129996508822262,0.008308302210434857,0.004995302559552631
2008-06-20,-0.011372935093058315,-0.010813539168738364,0.0005593959243199512
2008-06-23,-0.003799629902750888,0.0017868963225143072,0.005586526225265195
2008-06-24,-0.003550803387088368,-0.005096113814719652,-0.0015453104276312844
2008-06-25,0.011053821994550746,0.012858471595179648,0.0018046496006289027
2008-06-26,-0.006378257828214339,-0.005417649491740259,0.0009606083364740803
2008-06-27,0.013665221597493686,0.018177646281542725,0.004512424684049039
2008-06-30,-0.005411234483738931,-0.0050927416700352795,0.0003184928137036514
2008-07-01,0.028790774985085126,0.03726266645529165,0.008471891470206525
2008-07-02,-0.008136863820834254,-0.008442878184990113,-0.00030601436415585853
2008-07-03,-0.012060048550630698,-0.010787963078247129,0.001272085472383569
2008-07-07,-0.02028580704874648,-0.010192010254378566,0.010093796794367912
2008-07-08,0.014075154762067664,0.011847602376314496,-0.002227552385753168
2008-07-09,-0.019201241714315368,-0.017278349971567374,0.0019228917427479945
2008-07-10,0.036908140416208025,0.04552001662193063,0.008611876205722603
2008-07-11,-0.01020243180019106,-0.012157109276286748,-0.0019546774760956873
2008-07-14,0.0018820658333992078,0.00640159014474685,0.004519524311347643
2008-07-15,0.009770140501539527,0.016875001119606745,0.007104860618067218
2008-07-16,0.007480399545307341,-0.0013968012926543819,-0.008877200837961723
2008-07-17,-0.034560007447506924,-0.04608319385314543,-0.011523186405638507
2008-07-18,-0.03961355919754713,-0.053723287950991135,-0.014109728753444004
2008-07-21,0.006646153079898909,0.007552968654496804,0.0009068155745978954
2008-07-22,-0.018397391553542128,-0.03234901145297405,-0.013951619899431923
2008-07-23,-0.02063798934592553,-0.01954822974602973,0.0010897595998957989
2008-07-24,-0.005789908914538189,0.006092345456391993,0.01188225437093018
2008-07-25,0.008961050055082131,0.014348096873803477,0.005387046818721345
2008-07-28,-0.004743693272588053,0.001049586401124143,0.0057932796737121955
2008-07-29,0.011002619029800138,0.004972260263705619,-0.006030358766094519
2008-07-30,0.013700413489570962,0.007515804622290498,-0.006184608867280464
2008-07-31,-0.004021074201415426,0.0005946016730406896,0.004615675874456116
2008-08-01,-0.012240051443976684,-0.019301260519969134,-0.007061209075992451
2008-08-04,-0.02357640427329857,-0.022364732707600275,0.0012116715656982947
2008-08-05,0.015101969134789789,0.013335624832409562,-0.0017663443023802263
2008-08-06,0.010141509248514523,0.014522412908068588,0.004380903659554064
2008-08-07,-0.00487278261575906,0.007254884985256101,0.012127667601015161
2008-08-08,0.02363477384749831,0.01997181344183735,-0.0036629604056609595
2008-08-11,-0.0025416057651824198,-0.005116677777985217,-0.0025750720128027973
2008-08-12,0.007060134021441439,0.01800409371408545,0.010943959692644011
2008-08-13,0.0020003232753345907,0.004005662188098997,0.0020053389127644068
2008-08-14,0.01667602068643224,0.0163446792619538,-0.00033134142447844087
2008-08-15,-0.005488195732094318,-0.011362407988529735,-0.005874212256435417
2008-08-18,-0.004892921323857085,0.0031208678841686687,0.008013789208025753
2008-08-19,-0.009309596468591665,-0.004656835280176647,0.004652761188415018
2008-08-20,0.014224516654763646,0.012640967964778295,-0.0015835486899853507
2008-08-21,-0.007719876419217511,-0.010362559913586523,-0.0026426834943690117
2008-08-22,0.0015284751212713934,-0.0005182768359033569,-0.0020467519571747503
2008-08-25,-0.017243011457281264,-0.014534194846376775,0.0027088166109044895
2008-08-26,0.010972884961716287,0.008585801519141097,-0.00238708344257519
2008-08-27,0.008801868537352589,0.005659213726048828,-0.003142654811303761
2008-08-28,0.009469025501388206,-0.00013010644073436638,-0.009599131942122573
2008-08-29,-0.029778062658501546,-0.034226649894426836,-0.00444858723592529
2008-09-02,0.0019892340321631327,-0.0014136516752638972,-0.0034028857074270297
2008-09-03,-0.0010728514588725755,-0.005115411262908049,-0.004042559804035473
2008-09-04,-0.02853081580824281,-0.02143234731717964,0.007098468491063169
2008-09-05,0.012895420330641916,0.006572373343169012,-0.006323046987472904
2008-09-08,-0.00835699264814854,-0.02266360053258902,-0.01430660788444048
2008-09-09,-0.026124746118000752,-0.005873856245038339,0.020250889872962412
2008-09-10,0.0151701948958177,0.019498052520309443,0.004327857624491744
2008-09-11,0.04148178409836627,0.04885833371642346,0.007376549618057192
2008-09-12,-0.03977061452607361,-0.042197162182257594,-0.0024265476561839833
2008-09-15,0.010421285931567359,0.03738392136814815,0.02696263543658079
2008-09-16,0.03014334429461083,0.023523127745098876,-0.006620216549511955
2008-09-17,-0.0490274156989664,-0.04262385850324753,0.006403557195718876
2008-09-18,0.052053671209045936,0.030965434172296608,-0.02108823703674933
2008-09-19,-0.07498370005100702,-0.1053413402977114,-0.030357640246704384
2008-09-22,-0.07810119739878264,-0.07531307894819292,0.0027881184505897244
2008-09-23,-0.012076813530816547,-0.0020305342237137885,0.010046279307102758
2008-09-24,0.019070801774521775,0.02848699365891405,0.009416191884392276
2008-09-25,0.005058144917148001,0.0015464393723716194,-0.003511705544776382
2008-09-26,0.01099467518864555,0.005156264812527426,-0.005838410376118123
2008-09-29,-0.059160533995327225,-0.038697278158255806,0.02046325583707142
2008-09-30,0.01653540606334929,-0.007998299211108499,-0.02453370527445779
2008-10-01,0.0040697816544554045,0.0017275845441803766,-0.0023421971102750277
2008-10-02,-0.024276055603894654,-0.012628072726312169,0.011647982877582485
2008-10-03,-0.020123408593999262,-0.013877145291522616,0.006246263302476646
2008-10-06,0.059048579477513595,0.07424666359171933,0.015198084114205736
2008-10-07,-0.08909062187591735,-0.08430172545364613,0.004788896422271219
2008-10-08,-0.012120122607658827,-0.009198034040426996,0.0029220885672318307
2008-10-09,-0.07519936656029014,-0.04472378033031042,0.030475586229979715
2008-10-10,0.028453043270733443,0.0353332051598353,0.006880161889101854
2008-10-13,0.06138914750297197,0.06274519701117412,0.001356049508202152
2008-10-14,-0.05002244877517083,-0.06501425915687581,-0.014991810381704981
2008-10-15,-0.044075313384245515,-0.04299234035434713,0.0010829730298983833
2008-10-16,0.059504589032167085,0.07104552483136602,0.011540935799198931
2008-10-17,-0.01602010528694789,-0.019199176249457137,-0.0031790709625092485
2008-10-20,0.03038699152670838,0.027735687751881098,-0.002651303774827283
2008-10-21,-0.0008678905821033718,-0.00812201115407985,-0.007254120571976478
2008-10-22,-0.005243206531652212,0.006562345379964936,0.011805551911617147
2008-10-23,0.018357018353468785,0.025194261038349014,0.006837242684880229
2008-10-24,-0.007403007362301963,-0.005515840273522314,0.001887167088779649
2008-10-27,-0.011059446866933864,-0.004325010568261837,0.006734436298672027
2008-10-28,0.06445385649800082,0.07526731887335353,0.010813462375352703
2008-10-29,-0.027418613647775994,-0.036005946730438804,-0.00858733308266281
2008-10-30,0.005980961230050532,0.002718691284794003,-0.0032622699452565292
2008-10-31,0.0035763235481446544,-0.0007112145041811245,-0.004287538052325779
2008-11-03,0.018730143417191734,0.019254705432585187,0.0005245620153934531
2008-11-04,0.018947612106023252,0.00983215708759241,-0.009115455018430842
2008-11-05,-0.02650919632808087,-0.026852942247703807,-0.0003437459196229363
2008-11-06,-0.001617775881565028,0.009249275958208035,0.010867051839773063
2008-11-07,0.006926190450710083,0.004753105391559429,-0.002173085059150654
2008-11-10,-0.0009645853992240857,0.0008738319351092168,0.0018384173343333025
2008-11-11,-0.002251111403889978,0.005561974582679629,0.007813085986569608
2008-11-12,0.0012676011692479739,0.010502397418239856,0.009234796248991883
2008-11-13,0.03636406436887704,0.03540882366952893,-0.0009552406993481102
2008-11-14,-0.02889885842546448,-0.03220518899842157,-0.003306330572957091
2008-11-17,0.0026572254285292503,0.008772067334766992,0.006114841906237741
2008-11-18,0.02181662527312474,0.02487306806910934,0.0030564427959846006
2008-11-19,-0.02133012366297526,-0.013786202505834198,0.007543921157141063
2008-11-20,0.008225815599942057,0.024733494039172094,0.01650767843923004
2008-11-21,0.043186658422453145,0.03963391455449135,-0.0035527438679617968
2008-11-24,-0.002567815225412324,-0.011819508791189395,-0.009251693565777071
2008-11-25,0.01766762714762109,0.01199756968944857,-0.00567005745817252
2008-11-26,0.019561326686724424,0.0103520661893614,-0.009209260497363024
2008-11-28,0.004755383201010575,-0.00495333077156724,-0.009708713972577814
2008-12-01,-0.028103503120158985,-0.02421747186331256,0.003886031256846424
2008-12-02,0.03342720604536193,0.035367866498856086,0.0019406604534941557
2008-12-03,0.030197815990670663,0.03553662874567982,0.005338812755009154
2008-12-04,-0.004670507424548663,-0.0017891672695056497,0.0028813401550430127
2008-12-05,0.01880689077569727,0.02023076466351328,0.0014238738878160108
2008-12-08,-0.0034403500907113833,-0.010988956728761812,-0.00754860663805043
2008-12-09,-0.00367598509121538,-0.0017558158690779513,0.0019201692221374287
2008-12-10,-0.005262868749924443,-0.013178324269863997,-0.007915455519939555
2008-12-11,-0.019434310238126133,-0.021835248591460573,-0.00240093835333444
2008-12-12,0.016721172223676292,0.021884643693001048,0.0051634714693247555
2008-12-15,0.0009677021364838275,0.0008044412473024709,-0.00016326088918135662
2008-12-16,0.05198331527713819,0.05383219468431467,0.0018488794071764778
2008-12-17,-0.007721676952590586,-0.013414152379701748,-0.005692475427111162
2008-12-18,-0.002511255000906627,-0.0013183266970316263,0.001192928303875001
2008-12-19,-0.008284390491265435,-0.009685440277810346,-0.0014010497865449105
2008-12-22,-0.012568212736952477,-0.01065615956758806,0.001912053169364417
2008-12-23,-0.0038829350692783995,-0.0030127109214982697,0.0008702241477801299
2008-12-24,0.003220445730115305,0.004093266978141073,0.0008728212480257681
2008-12-26,0.006592617360649943,0.004036137099310764,-0.0025564802613391793
2008-12-29,0.005162692365067155,0.007064456912410666,0.001901764547343511
2008-12-30,0.012969748657465682,0.012620149134872126,-0.000349599522593556
2008-12-31,-0.007996070972613813,-0.01394864284881817,-0.005952571876204356
2009-01-02,-0.007038149361277565,-0.009697719262843558,-0.0026595699015659934
2009-01-05,-0.015890424752664438,-0.023878244063476394,-0.007987819310811956
2009-01-06,-0.007731171173152651,-0.014659600831931933,-0.006928429658779282
2009-01-07,-0.01924512777517578,-0.019476344982327688,-0.00023121720715190905
2009-01-08,0.01698710774348718,0.019602037209593224,0.0026149294661060446
2009-01-09,-0.007967575463730154,-0.008902113294692706,-0.0009345378309625514
2009-01-12,-0.003569793323830285,0.001164535502289366,0.004734328826119651
2009-01-13,0.0056130811457635234,0.005428785687518804,-0.0001842954582447192
2009-01-14,-0.0043560012929851144,-0.0011535746112114505,0.003202426681773664
2009-01-15,0.01224843224557056,0.018860039977875304,0.006611607732304743
2009-01-16,-0.00017282138225789803,0.0011385034181714564,0.0013113248004293543
2009-01-20,-0.023772631518870876,-0.021847779626153203,0.0019248518927176723
2009-01-21,0.007141975491819068,0.004270384343188289,-0.0028715911486307793
2009-01-22,-0.011868805017685686,-0.011565468271195634,0.0003033367464900516
2009-01-23,0.0030167220457638644,0.0007185306840076244,-0.00229819136175624
2009-01-26,-0.0025142276531947574,-0.0024734800074697606,4.074764572499674e-05
2009-01-27,0.011179991648880361,0.008281498590020898,-0.0028984930588594627
2009-01-28,0.008671854570757472,0.00762821008226056,-0.001043644488496912
2009-01-29,-0.030735944991159746,-0.029465611531409853,0.001270333459749893
2009-01-30,-0.010841025379681707,-0.010133104902081481,0.0007079204776002258
2009-02-02,0.022326013697326667,0.02967626945344643,0.007350255756119764
2009-02-03,-0.008081214190900814,-0.008050783974442876,3.0430216457938072e-05
2009-02-04,-0.012294773462578196,-0.012971172230808696,-0.0006763987682305
2009-02-05,0.01252506246706281,0.01320146063836435,0.0006763981713015389
2009-02-06,0.003964508590572423,0.002561684782235322,-0.001402823808337101
2009-02-09,-0.010964788602878674,-0.01258312263278985,-0.0016183340299111768
2009-02-10,-0.003300101485587877,0.0017913264488704373,0.0050914279344583145
2009-02-11,0.009991615346631877,0.00530847178831544,-0.004683143558316436
2009-02-12,0.020320089520499893,0.02449678402639376,0.004176694505893867
2009-02-13,-0.029639895176944618,-0.033128493157302666,-0.0034885979803580477
2009-02-17,0.007544732165692624,0.01304090595868402,0.005496173792991396
2009-02-18,-0.005431853190735648,-0.0035000140343858918,0.0019318391563497564
2009-02-19,-0.026967909850341237,-0.02931211074496606,-0.0023442008946248233
2009-02-20,0.01715824849174072,0.02596203550472238,0.008803787012981661
2009-02-23,-0.026761074727771336,-0.024440995831184167,0.002320078896587169
2009-02-24,0.015911932081538217,0.010663478353605083,-0.005248453727933134
2009-02-25,-0.020222129632408617,-0.018500230879475922,0.0017218987529326948
2009-02-26,-0.031163547332003626,-0.038620522110937666,-0.00745697477893404
2009-02-27,-0.0030769686601558226,0.0022738902629905666,0.005350858923146389
2009-03-02,0.01311586781413279,0.028400267868505847,0.015284400054373056
2009-03-03,-0.017933461805122623,-0.020592072849089614,-0.0026586110439669915
2009-03-04,-0.011364643235686383,-0.01529936926701913,-0.003934726031332747
2009-03-05,0.0013752794148544942,0.006840845037700954,0.0054655656228464605
2009-03-06,-0.0028166437379347677,-0.007600953603025129,-0.004784309865090361
2009-03-09,-0.023967875451432738,-0.03283851462938265,-0.008870639177949911
2009-03-10,0.018316658952333382,0.012763067601233868,-0.005553591351099514
2009-03-11,0.0074262693934642006,0.011902951022491542,0.004476681629027341
2009-03-12,0.02717892387337772,0.02337099627863284,-0.003807927594744881
2009-03-13,0.004612120052032651,0.003107353433173929,-0.0015047666188587215
2009-03-16,-0.025400500710576514,-0.031886558829252905,-0.006486058118676391
2009-03-17,0.0192256115813377,0.023080316828934914,0.0038547052475972135
2009-03-18,0.04358636325225071,0.04010242853738718,-0.0034839347148635305
2009-03-19,-0.01720862659948063,-0.01777487258915603,-0.0005662459896754006
2009-03-20,-0.00609632410589184,-0.0025863316195876896,0.00350999248630415
2009-03-23,0.030205405464335717,0.0231822271821354,-0.007023178282200317
2009-03-24,-0.03090149708940131,-0.03448609279772831,-0.0035845957083270007
2009-03-25,-0.0032410422373828885,-0.0047345163435593,-0.0014934741061764117
2009-03-26,0.02916835098996163,0.029273060906956132,0.0001047099169945026
2009-03-27,-0.015939555629710923,-0.015036676434724047,0.0009028791949868761
2009-03-30,-0.00047176946708711874,0.008405213334762789,0.008876982801849908
2009-03-31,0.007608079392761917,0.006015163863694831,-0.0015929155290670856
2009-04-01,0.013473628848897919,0.013163083996921583,-0.0003105448519763361
2009-04-02,-0.009215266078251431,-0.013546183226245453,-0.004330917147994022
2009-04-03,-0.013396766295752753,-0.014092503356008569,-0.000695737060255816
2009-04-06,-0.01301139887652905,-0.011444460505543867,0.0015669383709851822
2009-04-07,-0.007632059466874571,-0.005621319269303596,0.0020107401975709748
2009-04-08,0.017089641477295928,0.01837913118189063,0.0012894897045947033
2009-04-09,0.012319073101507328,0.0038282463720159463,-0.008490826729491382
2009-04-13,0.003193209807985273,-0.002850050270406034,-0.006043260078391307
2009-04-14,-0.011883198275238096,-0.011398354521775744,0.00048484375346235196
2009-04-15,0.0031775956702379503,-0.0014179767281845086,-0.004595572398422459
2009-04-16,0.008579612985898318,0.011356157509900867,0.0027765445240025485
2009-04-17,-0.015945239433244742,-0.019164611944358565,-0.003219372511113823
2009-04-20,-0.01632070482243337,-0.007516111193860584,0.008804593628572787
2009-04-21,0.0047835457213589415,9.782423978926832e-05,-0.004685721481569673
2009-04-22,-0.011639330907975308,-0.011552007975031656,8.732293294365194e-05
2009-04-23,0.010784800369415324,0.011821897898474957,0.0010370975290596336
2009-04-24,0.006694548794167266,0.002314606663662692,-0.004379942130504574
2009-04-27,0.006381008744359002,0.010901773439337858,0.004520764694978856
2009-04-28,-0.017262226596916917,-0.017301967540257857,-3.974094334094e-05
2009-04-29,0.009457219860674342,0.001959198569172383,-0.0074980212915019585
2009-04-30,0.0013769501976630492,0.0006907155016774351,-0.0006862346959856141
2009-05-01,-0.004574315366370763,-0.008235508847849845,-0.0036611934814790815
2009-05-04,0.025827865413047584,0.016168174230449524,-0.00965969118259806
2009-05-05,-0.008709050534469727,-0.011679146196777127,-0.0029700956623074006
2009-05-06,0.004455363356004902,-0.0038082696971236908,-0.008263633053128593
2009-05-07,-0.03376437874359032,-0.03731512074677913,-0.003550742003188813
2009-05-08,0.0039419614707178734,-0.01063865433262107,-0.014580615803338944
2009-05-11,0.005995059776876865,0.015327863716732334,0.009332803939855468
2009-05-12,-0.0009798780278309515,-0.003233594587562589,-0.0022537165597316376
2009-05-13,-0.0117993591017374,-0.005362932700139684,0.006436426401597716
2009-05-14,0.010855047763444788,0.009516878123641678,-0.00133816963980311
2009-05-15,-0.009049546174548513,-0.004488674381209558,0.0045608717933389555
2009-05-18,0.021523303655082763,0.01757671702277203,-0.0039465866323107335
2009-05-19,0.00433107410397493,0.00253862510064491,-0.00179244900333002
2009-05-20,0.004450009621169282,0.0015346192414181642,-0.002915390379751118
2009-05-21,-0.026384434066437333,-0.02567414344000159,0.0007102906264357424
2009-05-22,-0.0011393933996335934,-0.0021907338573443616,-0.0010513404577107682
2009-05-26,0.038056436418505125,0.04450409844663731,0.006447662028132184
2009-05-27,-0.02360728954976316,-0.022275692577294462,0.0013315969724686967
2009-05-28,0.00874895979660148,0.006837190384600566,-0.001911769412000914
2009-05-29,0.03931954577339389,0.03751432182128574,-0.001805223952108151
2009-06-01,0.022312736319784702,0.020212978203642377,-0.002099758116142325
2009-06-02,0.00842897714438841,0.00843892611270999,9.948968321580112e-06
2009-06-03,-0.011999690796537116,-0.003558367963794827,0.00844132283274229
2009-06-04,0.0021313252794240016,-0.0016500154256349241,-0.0037813407050589255
2009-06-05,-0.03813209328247892,-0.03764445536921043,0.0004876379132684877
2009-06-08,-0.015004650870165148,-0.01336094020797718,0.0016437106621879673
2009-06-09,0.01724288892533469,0.015120911936009023,-0.002121976989325666
2009-06-10,-0.007314123870062909,-0.00977061166153467,-0.00245648779147176
2009-06-11,0.01130954629026358,0.005344857446774236,-0.0059646888434893445
2009-06-12,-0.007932089443950845,-0.008875695230254744,-0.0009436057863038989
2009-06-15,-0.0444291484369081,-0.040453842900948125,0.003975305535959976
2009-06-16,-0.012798110234933784,-0.01016688306814564,0.002631227166788144
2009-06-17,0.013101953093500072,0.021460593206121016,0.008358640112620944
2009-06-18,-0.0056369160518373145,-0.00766742595533655,-0.0020305099034992353
2009-06-19,0.006755074356190839,0.008653147012138774,0.0018980726559479355
2009-06-22,-0.03410910629071761,-0.028279841623740004,0.005829264666977606
2009-06-23,-0.004614478849973067,-0.007510475870089917,-0.00289599702011685
2009-06-24,0.017567645872374162,0.019884387067631324,0.0023167411952571618
2009-06-25,0.03608255539661138,0.03515669002775119,-0.0009258653688601903
2009-06-26,0.005122756296403589,0.004617019462662687,-0.0005057368337409024
2009-06-29,0.010703615408148954,0.008935192480732346,-0.0017684229274166074
2009-06-30,-0.011510553825796894,-0.009291911384331327,0.002218642441465567
2009-07-01,0.013309307224468821,0.013144784703374792,-0.00016452252109402932
2009-07-02,-0.026921907609515232,-0.024266916088152284,0.0026549915213629482
2009-07-06,-0.0016900614413818502,-0.0028423610144925906,-0.0011522995731107404
2009-07-07,-0.020285076353275436,-0.02244665976801009,-0.0021615834147346545
2009-07-08,0.012493746545418221,0.016458291648833983,0.003964545103415762
2009-07-09,-0.01369738346922163,-0.014283829833222607,-0.0005864463640009761
2009-07-10,0.015936045022529096,0.019811957772300087,0.0038759127497709905
2009-07-13,0.020182317049787145,0.01795279295316986,-0.0022295240966172837
2009-07-14,-0.0011095001384295537,-0.0009904235342910528,0.0001190766041385008
2009-07-15,0.030882815343001285,0.032895774909608246,0.002012959566606961
2009-07-16,0.02015122139700801,0.020357761301069126,0.00020653990406111628
2009-07-17,0.002666290128475966,0.007979438799407693,0.005313148670931727
2009-07-20,0.035419214273257144,0.033385172220140584,-0.0020340420531165596
2009-07-21,0.01786516444348921,0.019636313518552193,0.0017711490750629832
2009-07-22,0.0012235650287320975,0.005128355884275249,0.003904790855543151
2009-07-23,0.028306625054056612,0.0267257791969523,-0.001580845857104312
2009-07-24,-0.0003343028063359102,-0.007458485186399117,-0.007124182380063206
2009-07-27,0.009018708887520552,0.010211479116572447,0.0011927702290518948
2009-07-28,-0.01384775963980459,-0.01675285442997293,-0.002905094790168339
2009-07-29,-0.01172354864682671,-0.004636663389180809,0.007086885257645901
2009-07-30,0.011924371525984653,0.006528879710483311,-0.005395491815501342
2009-07-31,0.017604842522572887,0.015222773322081882,-0.0023820692004910046
2009-08-03,0.01369888207150765,0.012508339854211263,-0.0011905422172963868
2009-08-04,0.008016990685590076,0.005279847290914006,-0.0027371433946760696
2009-08-05,-0.013703872742642455,-0.017816772872676783,-0.004112900130034328
2009-08-06,-0.011429168177646373,-0.012767417998911736,-0.0013382498212653627
2009-08-07,0.0065835768516123334,0.006349220468235944,-0.00023435638337638946
2009-08-10,-0.007763807100554324,-0.010320712120359458,-0.002556905019805134
2009-08-11,-0.015515551913503272,-0.010482129639601961,0.0050334222739013106
2009-08-12,0.02515578973887953,0.025626556946346024,0.0004707672074664958
2009-08-13,0.02195315355857553,0.017941998489004057,-0.0040111550695714725
2009-08-14,-0.021823142700000756,-0.02263141534411347,-0.0008082726441127133
2009-08-17,-0.049766331191469566,-0.04963093424489396,0.00013539694657560553
2009-08-18,0.02037626526725891,0.02202196919199363,0.0016457039247347212
2009-08-19,0.020590169929527974,0.020322424377274103,-0.0002677455522538709
2009-08-20,0.02417746873177614,0.024527702644053084,0.00035023391227694337
2009-08-21,0.018090745800605056,0.014217249020131892,-0.003873496780473164
2009-08-24,0.006998997289790958,0.006268048509750634,-0.0007309487800403235
2009-08-25,0.013284022899566459,0.01517803917530385,0.0018940162757373914
2009-08-26,-0.0018057370499496381,-0.002175424982610071,-0.0003696879326604329
2009-08-27,0.0030685327448924517,0.0028862868842259425,-0.00018224586066650913
2009-08-28,0.010513697713665875,0.011357437080317178,0.0008437393666513027
2009-08-31,-0.014384153466272441,-0.01538467064040785,-0.0010005171741354086
2009-09-01,-0.02904860033297086,-0.0263582173848199,0.0026903829481509586
2009-09-02,0.013856918083908003,0.014213595082490541,0.00035667699858253805
2009-09-03,0.01556677202387962,0.013524014683838263,-0.002042757340041357
2009-09-04,0.0252288870417898,0.029254889981174925,0.004026002939385126
2009-09-08,0.026451088534077453,0.025043368870367233,-0.0014077196637102204
2009-09-09,0.012443407262581738,0.012271881712433905,-0.0001715255501478323
2009-09-10,0.03709712385979441,0.034597625535565786,-0.002499498324228626
2009-09-11,0.015049867061098081,0.014334117919241905,-0.000715749141856176
2009-09-14,-0.011392470022283096,-0.012642060249207112,-0.0012495902269240161
2009-09-15,-0.00358977429516007,-0.005255385860243133,-0.0016656115650830632
2009-09-16,0.030436964342054527,0.026579846872006683,-0.0038571174700478446
2009-09-17,0.012464627606095185,0.01272866424343226,0.0002640366373370742
2009-09-18,-0.01901920395294124,-0.018125526942114265,0.0008936770108269772
2009-09-21,-0.008679453461423877,-0.0047715920516011555,0.003907861409822721
2009-09-22,0.030305690817113973,0.02601197449850657,-0.004293716318607404
2009-09-23,-0.007024084426660086,-0.004631700390466709,0.0023923840361933764
2009-09-24,-0.035041888326668755,-0.03277171722059815,0.002270171106070605
2009-09-25,-0.010327404917977238,-0.012040007353548668,-0.0017126024355714302
2009-09-28,0.03798673106459744,0.03790987487332136,-7.685619127607846e-05
2009-09-29,0.0020112596025229105,0.0014696798095436318,-0.0005415797929792787
2009-09-30,0.008545025888844992,0.011114559919776392,0.0025695340309314
2009-10-01,-0.04709398795982003,-0.04873062052465364,-0.0016366325648336094
2009-10-02,-0.01648303215052614,-0.014415934241940712,0.002067097908585426
2009-10-05,0.049215564596820534,0.04604269224300821,-0.003172872353812327
2009-10-06,0.06194325484709338,0.06249419155565632,0.0005509367085629394
2009-10-07,0.028479032072614697,0.026746782695662424,-0.0017322493769522732
2009-10-08,0.02363483961148642,0.022428967345683077,-0.0012058722658033413
2009-10-09,-0.027835603195971184,-0.026355697241409144,0.0014799059545620406
2009-10-12,0.01857716253751009,0.014185923269281218,-0.004391239268228871
2009-10-13,0.0168819216934782,0.013731024240519961,-0.0031508974529582384
2009-10-14,0.03857239530792635,0.030109323065081645,-0.008463072242844708
2009-10-15,-0.012199819535567254,-0.011708191857077294,0.0004916276784899601
2009-10-16,-0.031143699951286317,-0.02481311678889646,0.006330583162389856
2009-10-19,0.0483233856676312,0.04219680244112751,-0.006126583226503689
2009-10-20,0.006609850524963611,0.008289472996288858,0.0016796224713252466
2009-10-21,-0.01991449329781047,-0.011672502647069382,0.008241990650741087
2009-10-22,0.0035114902881983683,-9.902868590449761e-06,-0.003521393156788818
2009-10-23,-0.03180437589967137,-0.024808850080060212,0.006995525819611156
2009-10-26,-0.046858167842793716,-0.03744430248304063,0.009413865359753089
2009-10-27,-0.0331085832341674,-0.03984352554958963,-0.006734942315422231
2009-10-28,-0.08245338360223581,-0.08239861530594743,5.4768296288379426e-05
2009-10-29,0.04979405946021968,0.04777578748784739,-0.002018271972372296
2009-10-30,-0.062347768984055175,-0.06021309542284435,0.0021346735612108245
2009-11-02,0.012469882956185242,0.007873704052416946,-0.004596178903768296
2009-11-03,0.014046366711385684,0.010000593355903857,-0.004045773355481827
2009-11-04,0.013606191735401741,0.008218703622415294,-0.005387488112986448
2009-11-05,0.03546777395892713,0.025188227449273452,-0.010279546509653681
2009-11-06,0.013791630047762975,0.008640619438653149,-0.005151010609109826
2009-11-09,0.05800876016707607,0.0376640245054229,-0.020344735661653165
2009-11-10,0.010137073521947348,0.007929045895681438,-0.0022080276262659102
2009-11-11,0.02213040632007964,0.013805566413442726,-0.008324839906636915
2009-11-12,-0.020695242806624686,-0.012287766727857717,0.00840747607876697
2009-11-13,0.016364320900265895,0.011408444491720748,-0.004955876408545147
2009-11-16,0.0541728078257432,0.033540555671249646,-0.020632252154493554
2009-11-17,0.0018354224135894795,0.001122436250370855,-0.0007129861632186245
2009-11-18,-0.006148949577386241,-0.005272579004973924,0.0008763705724123168
2009-11-19,-0.026409427043956747,-0.018719556342658185,0.007689870701298562
2009-11-20,-0.012141400112294138,-0.009384258870488623,0.0027571412418055143
2009-11-23,0.03346463495653996,0.022593430121940317,-0.010871204834599642
2009-11-24,0.0026281254954610422,-0.00010438729954287229,-0.0027325127950039146
2009-11-25,0.03287937829459471,0.022317050528826585,-0.010562327765768126
2009-11-27,-0.03437822463998094,-0.023339111521773665,0.011039113118207277
2009-11-30,0.013070254958414032,0.008025739850134089,-0.0050445151082799435
2009-12-01,0.035728735688753864,0.024993403096045717,-0.010735332592708147
2009-12-02,0.0008835876361788789,0.0005640948480685138,-0.00031949278811036516
2009-12-03,-0.011778006468238346,-0.006943288223304265,0.004834718244934081
2009-12-04,-0.04369125376801764,-0.03016444910279216,0.013526804665225482
2009-12-07,0.001549477313378534,0.00018398257228081086,-0.001365494741097723
2009-12-08,-0.021246517851874536,-0.014621056099470876,0.006625461752403659
2009-12-09,-0.005379462391931964,-0.0009312467896710468,0.0044482156022609175
2009-12-10,-0.0002584247875071404,0.0004532848365563437,0.0007117096240634841
2009-12-11,-0.009493787260644362,-0.009628774133105714,-0.00013498687246135156
2009-12-14,0.01504847244241703,0.012864462551062267,-0.002184009891354763
2009-12-15,-0.02055704087941032,-0.01659752288420659,0.003959517995203731
2009-12-16,0.0182394242378851,0.015129441623472363,-0.0031099826144127384
2009-12-17,-0.02472059649608918,-0.01994321453061591,0.0047773819654732715
2009-12-18,0.0029774534268526822,0.004038613505346309,0.0010611600784936268
2009-12-21,0.008678785805603446,0.00934098778002102,0.0006622019744175738
2009-12-22,0.0062530527757545,0.006773512406117676,0.0005204596303631757
2009-12-23,0.01395038819375778,0.01383480400160552,-0.00011558419215225955
2009-12-24,0.019041595742901745,0.01765351500799448,-0.0013880807349072634
2009-12-28,0.0009436300060717611,0.0020322123438088167,0.0010885823377370556
2009-12-29,-0.0021465777470995686,-0.004118588104313624,-0.0019720103572140554
2009-12-30,-0.0031946470922420696,-0.0013448884761137207,0.0018497586161283488
2009-12-31,-0.01507098970954658,-0.011592465382907455,0.003478524326639124
2010-01-04,0.04906462517736298,0.04350644737410688,-0.005558177803256098
2010-01-05,0.020272572779802808,0.018865037297220312,-0.0014075354825824962
2010-01-06,0.010080099870860415,0.005945654057089898,-0.004134445813770518
2010-01-07,-0.005819618346856541,-0.007147096587673122,-0.001327478240816581
2010-01-08,0.016422793098597562,0.016426687534287162,3.894435689599796e-06
2010-01-11,0.0020506792939316482,-0.000843407447733976,-0.0028940867416656245
2010-01-12,-0.048484394609110804,-0.04398120851666916,0.004503186092441644
2010-01-13,0.014893657098654757,0.01480046069878344,-9.319639987131687e-05
2010-01-14,0.010728820114572846,0.00739650687077135,-0.0033323132438014963
2010-01-15,-0.031192318247793154,-0.026438428217267253,0.0047538900305259015
2010-01-19,0.028334268139124257,0.02288262250300087,-0.005451645636123388
2010-01-20,-0.051621313397826635,-0.04324429855464826,0.008377014843178376
2010-01-21,-0.044618128065335765,-0.03481482149793633,0.009803306567399438
2010-01-22,-0.05688305093736721,-0.05042827809733693,0.006454772840030279
2010-01-25,0.006360690850382219,0.005404551781646407,-0.0009561390687358121
2010-01-26,-0.004481106936402577,-0.0015998806366296222,0.0028812262997729553
2010-01-27,-0.001847487430240633,-0.0013088626254449884,0.0005386248047956445
2010-01-28,-0.02507625252835599,-0.02186718128026084,0.003209071248095153
2010-01-29,-0.018846763444044977,-0.0172127480204495,0.0016340154235954772
2010-02-01,0.021840323175586797,0.01793218781188113,-0.003908135363705666
2010-02-02,0.024498928137752434,0.018923128014410935,-0.005575800123341499
2010-02-03,-0.006367563104308797,-0.0011457061407045017,0.005221856963604296
2010-02-04,-0.042216479125298745,-0.03217640370182428,0.010040075423474466
2010-02-05,0.012105822773967878,0.009668374410937675,-0.002437448363030203
2010-02-08,-0.017525814920153343,-0.012833088992736033,0.00469272592741731
2010-02-09,0.013288884828784625,0.011447924079311472,-0.0018409607494731528
2010-02-10,-0.009638988626992995,-0.0073262995256629885,0.0023126891013300066
2010-02-11,0.020392104299514303,0.017495843074920452,-0.002896261224593851
2010-02-12,0.010483558628142778,0.009609507214517187,-0.0008740514136255911
2010-02-16,0.032897775428117094,0.025875996191364735,-0.00702177923675236
2010-02-17,-0.0007399040356939577,7.120622616380221e-05,0.0008111102618577598
2010-02-18,0.008251571920863385,0.006611462839959395,-0.00164010908090399
2010-02-19,-0.0010024325791830107,-0.0020011355635473093,-0.0009987029843642986
2010-02-22,-0.003311623889085561,-0.003359129547306942,-4.750565822138125e-05
2010-02-23,-0.02239282184219471,-0.02001235917480735,0.0023804626673873605
2010-02-24,0.010704528217104681,0.009829492407417737,-0.0008750358096869439
2010-02-25,0.008479414006672414,0.008316079243227878,-0.0001633347634445361
2010-02-26,0.018239276996456086,0.016397524461857396,-0.0018417525345986903
2010-03-01,0.03276021250462431,0.030940874208475206,-0.0018193382961491054
2010-03-02,0.01557426823408031,0.01286741201870509,-0.00270685621537522
2010-03-03,0.010677804801771601,0.009663967448866176,-0.0010138373529054254
2010-03-04,0.004047942909207708,0.004385241588361644,0.000337298679153936
2010-03-05,0.027929686891199887,0.02579825060711311,-0.0021314362840867754
2010-03-08,0.004080189373507209,0.0042400149819745,0.00015982560846729103
2010-03-09,0.0074235330846379975,0.007396387692555578,-2.7145392082419603e-05
2010-03-10,0.01059554050555846,0.010310053510002559,-0.00028548699555590133
2010-03-11,-0.0032451880949019418,-0.0029451006528566823,0.00030008744204525943
2010-03-12,0.0005535288816108997,0.0012134332951341882,0.0006599044135232885
2010-03-15,-0.00965690758063884,-0.01037173003183862,-0.0007148224511997793
2010-03-16,0.029995046783420718,0.024942037006524666,-0.005053009776896052
2010-03-17,0.015454562235572898,0.01183232975077787,-0.0036222324847950283
2010-03-18,-0.006335099499463657,-0.0045916993808028305,0.0017434001186608268
2010-03-19,-0.028945130833783212,-0.027473701015281352,0.0014714298185018598
2010-03-22,0.01777512595212948,0.017712617056589906,-6.250889553957237e-05
2010-03-23,0.017242306155220658,0.01595475271096053,-0.001287553444260129
2010-03-24,-0.03238922086444111,-0.02548067365555885,0.006908547208882263
2010-03-25,-0.007812724314241681,-0.006958710005954959,0.0008540143082867227
2010-03-26,0.0065796902478631155,0.0069177351281533486,0.0003380448802902331
2010-03-29,0.022721652115772574,0.021012904428740136,-0.001708747687032438
2010-03-30,0.0051697461879546425,0.005359275776951387,0.00018952958899674452
2010-03-31,0.0017489273872339233,0.000570018200926734,-0.0011789091863071894
2010-04-01,0.015135476374486376,0.012916482362929901,-0.0022189940115564747
2010-04-05,0.023453010381909847,0.025482886156320862,0.002029875774411015
2010-04-06,0.010359958457578866,0.010838144167958355,0.00047818571037948863
2010-04-07,0.006602423325452995,0.007312734338502344,0.0007103110130493489
2010-04-08,0.0007869248139215913,0.001673526078656322,0.0008866012647347307
2010-04-09,0.01748745821097748,0.0173030196909285,-0.00018443852004897815
2010-04-12,0.004145129691848662,0.0034003587923890077,-0.000744770899459654
2010-04-13,0.005382639428210802,0.007915203866655441,0.0025325644384446393
2010-04-14,0.02852894957869924,0.029839377236420432,0.001310427657721193
2010-04-15,0.017659639202273054,0.01880443820550902,0.0011447990032359655
2010-04-16,-0.03679971690279899,-0.03643642367302665,0.0003632932297723407
2010-04-19,-0.009394909145449977,-0.012483563430520725,-0.003088654285070748
2010-04-20,0.022293984445955702,0.02184168391404187,-0.00045230053191383165
2010-04-21,0.022511687509305187,0.028376119653417804,0.005864432144112617
2010-04-22,0.0017153725231352378,0.005906650601340371,0.004191278078205133
2010-04-23,0.01264502803757316,0.012930385504806732,0.00028535746723357125
2010-04-26,0.005728795112691706,0.009349904835360788,0.0036211097226690825
2010-04-27,-0.046810744910372924,-0.05373012845325061,-0.006919383542877688
2010-04-28,-0.012374467306614225,-0.015077533706224945,-0.00270306639961072
2010-04-29,0.04869163849732045,0.05660110625443384,0.00790946775711339
2010-04-30,-0.023768140846752647,-0.030998652388295647,-0.007230511541543
2010-05-03,0.02331772505994319,0.025720532794242204,0.002402807734299014
2010-05-04,-0.050329347503881045,-0.05507928515651309,-0.004749937652632048
2010-05-05,-0.00873395307315127,-0.010080740898272225,-0.0013467878251209545
2010-05-06,-0.028019445547908958,-0.03009317910028117,-0.0020737335523722117
2010-05-07,-0.06342586230617184,-0.06865998108047448,-0.005234118774302646
2010-05-10,0.05839338008499793,0.046305756112531606,-0.012087623972466321
2010-05-11,0.005255039575837581,0.003949268092772519,-0.0013057714830650618
2010-05-12,0.03329460055528562,0.025784533147255106,-0.007510067408030511
2010-05-13,-0.014125343180255403,-0.012111874475456957,0.002013468704798446
2010-05-14,-0.01646510539717116,-0.013427521033135964,0.0030375843640351972
2010-05-17,-0.005636872978783849,-0.004312304091812488,0.0013245688869713617
2010-05-18,-0.003753443155671293,-0.003920337824412551,-0.00016689466874125758
2010-05-19,-0.013817209852331066,-0.010770850686026637,0.0030463591663044288
2010-05-20,-0.03969061822657267,-0.02866053422529585,0.011030084001276818
2010-05-21,0.017896700527385505,0.01387467645780308,-0.004022024069582426
2010-05-24,-0.007511230075366435,-0.0028084254569624672,0.004702804618403968
2010-05-25,0.024472957165522082,0.018732725526664096,-0.005740231638857986
2010-05-26,-0.019022330827496634,-0.015053781741702134,0.0039685490857945
2010-05-27,0.011013257784205945,0.012757347600208082,0.0017440898160021364
2010-05-28,0.0008657155761978009,0.0017633451096649704,0.0008976295334671695
2010-06-01,-0.014217928956508794,-0.00975002276394067,0.0044679061925681236
2010-06-02,0.020995795315390472,0.015308563443398787,-0.005687231871991685
2010-06-03,-0.0010651183590995828,0.00012728745856051767,0.0011924058176601005
2010-06-04,-0.003544226491496416,-0.003849225616670585,-0.000304999125174169
2010-06-07,-0.016309181821628594,-0.01698907913582249,-0.0006798973141938953
2010-06-08,0.009047536087492066,0.0029714528158743757,-0.00607608327161769
2010-06-09,-0.016882036334930656,-0.01385016701550784,0.003031869319422816
2010-06-10,0.003504191550134346,0.004869649010490855,0.001365457460356509
2010-06-11,0.032319430162765006,0.027957712433703936,-0.0043617177290610695
2010-06-14,-0.01642625356877914,-0.012545751429395752,0.0038805021393833877
2010-06-15,0.025688891802426294,0.024685475439602356,-0.0010034163628239376
2010-06-16,0.005064063068741514,0.005753619550573066,0.0006895564818315521
2010-06-17,0.016517134329397137,0.014062205317042628,-0.0024549290123545096
2010-06-18,-0.005874515984698907,-0.006294867391165976,-0.00042035140646706944
2010-06-21,-0.00990182259003727,-0.010357252002743384,-0.0004554294127061143
2010-06-22,-0.012388379569024393,-0.009954932214974526,0.0024334473540498676
2010-06-23,-0.001548457260366538,-0.0016826884776504182,-0.0001342312172838802
2010-06-24,-0.025098154316621542,-0.024104075618017196,0.000994078698604347
2010-06-25,0.009201146615149418,0.005652019063167685,-0.003549127551981733
2010-06-28,0.004855186496809329,0.0027846425916514105,-0.0020705439051579184
2010-06-29,-0.04294445226693923,-0.044873525221502474,-0.0019290729545632448
2010-06-30,-0.020571651041043297,-0.02150740751124608,-0.0009357564702027824
2010-07-01,-0.0082494925256834,-0.006653764635155767,0.0015957278905276333
2010-07-02,-0.015719503068027992,-0.015097895961393201,0.000621607106634791
2010-07-06,0.0006440858889507124,-0.0005923963884647799,-0.0012364822774154922
2010-07-07,0.03061871544877612,0.02672326355599956,-0.003895451892776562
2010-07-08,0.00035905783320528697,-0.0010331616773444005,-0.0013922195105496875
2010-07-09,0.009409584187947328,0.009125845990895913,-0.0002837381970514155
2010-07-12,0.0018903725182518993,0.0023170610010428312,0.00042668848279093195
2010-07-13,0.00701087337061413,0.005446392688098257,-0.0015644806825158728
2010-07-14,0.016538042067199363,0.014318531140564016,-0.0022195109266353475
2010-07-15,0.015422999437993253,0.012107377459725397,-0.003315621978267855
2010-07-16,-0.02196646400643362,-0.018881037488859664,0.0030854265175739547
2010-07-19,-0.0030069205691074727,-0.0018674953896129342,0.0011394251794945385
2010-07-20,0.015464298030345063,0.014244117073989331,-0.001220180956355732
2010-07-21,-0.0007117633672086777,-0.0003996418198238871,0.00031212154738479055
2010-07-22,0.017722870269096375,0.016720062191108807,-0.0010028080779875687
2010-07-23,-0.0066328591821949974,-0.006669457110846389,-3.659792865139122e-05
2010-07-26,0.00927369557445999,0.006440626192994539,-0.002833069381465451
2010-07-27,-0.018200981958752745,-0.015619837200212094,0.002581144758540651
2010-07-28,0.006404364972224528,0.006024863267436546,-0.0003795017047879823
2010-07-29,0.007099131133214516,0.005869473681174086,-0.0012296574520404297
2010-07-30,0.030069909673902974,0.027030264721769816,-0.003039644952133158
2010-08-02,0.031217945086781707,0.027307902752640254,-0.003910042334141453
2010-08-03,0.012098051995017386,0.009924667883444312,-0.002173384111573074
2010-08-04,0.009917636813447652,0.010070823879570272,0.00015318706612262034
2010-08-05,0.005997281047594564,0.0059218402250173895,-7.544082257717431e-05
2010-08-06,0.0065784566135243605,0.006137456504379654,-0.0004410001091447067
2010-08-09,0.010803672197953562,0.010275211115111886,-0.0005284610828416754
2010-08-10,-0.02030987783520072,-0.01865048337181858,0.0016593944633821432
2010-08-11,-0.04160259626687153,-0.03763894117455944,0.003963655092312092
2010-08-12,-0.01845663675921263,-0.01765245909846096,0.0008041776607516683
2010-08-13,0.0034919628991630434,0.0023321433157858255,-0.001159819583377218
2010-08-16,0.025173996348337155,0.021472340867651412,-0.003701655480685743
2010-08-17,0.014818469811304583,0.01225722590462943,-0.002561243906675153
2010-08-18,0.009181273267102706,0.009236647722227832,5.537445512512548e-05
2010-08-19,-0.016410098232175017,-0.013352674784663647,0.00305742344751137
2010-08-20,-0.015318893029593491,-0.012074711002627535,0.0032441820269659555
2010-08-23,-0.0032737160712965796,-0.006235340864801179,-0.0029616247935045996
2010-08-24,-0.009354648458454521,-0.009652425777108778,-0.00029777731865425656
2010-08-25,0.0007451590952534251,0.0023409367197752893,0.0015957776245218644
2010-08-26,0.0020467982081626883,0.0004353010106610184,-0.00161149719750167
2010-08-27,-0.009024019045043557,-0.010520405894075107,-0.0014963868490315505
2010-08-30,0.011056476900290307,0.011776368700474429,0.0007198918001841224
2010-08-31,0.006774054086448995,0.006567055470138301,-0.00020699861631069422
2010-09-01,0.0132300228015146,0.013069821217983942,-0.00016020158353065826
2010-09-02,0.011713286529216525,0.011678248742362323,-3.50377868542015e-05
2010-09-03,0.010006475434630915,0.01054461232077908,0.0005381368861481651
2010-09-07,0.015454956435883216,0.0154666580843151,1.1701648431883954e-05
2010-09-08,-0.0036229392568939314,-0.001563306512289408,0.0020596327446045235
2010-09-09,-0.015881078114500805,-0.014901188255969153,0.0009798898585316514
2010-09-10,-0.0036553378032967345,-0.003567831691466436,8.750611183029871e-05
2010-09-13,0.040624692242234146,0.03853179620302898,-0.0020928960392051638
2010-09-14,0.029621784103110223,0.029859896963114762,0.00023811286000453846
2010-09-15,-0.0024813792473206957,-0.001870623517096687,0.0006107557302240088
2010-09-16,-0.005406870500882576,-0.004004027066067936,0.00140284343481464
2010-09-17,0.014326076913383768,0.013095934257925776,-0.0012301426554579917
2010-09-20,0.03384231839258116,0.031001744340975152,-0.002840574051606006
2010-09-21,0.013824895306638553,0.013169819640106644,-0.0006550756665319093
2010-09-22,0.013446542800914361,0.01389467337356086,0.00044813057264649937
2010-09-23,-0.01162252067424803,-0.008193659810370268,0.0034288608638777616
2010-09-24,0.04308673923701985,0.0383741431003331,-0.004712596136686745
2010-09-27,0.005259432799931543,0.003949654492627022,-0.0013097783073045214
2010-09-28,0.009644093801815705,0.006026498975726863,-0.0036175948260888423
2010-09-29,-0.001071924398726515,-0.0011694905156888042,-9.756611696228913e-05
2010-09-30,-0.010249422690906422,-0.010022768646032324,0.00022665404487409724
2010-10-01,0.00044094871158789227,-0.0013646222748448721,-0.0018055709864327643
2010-10-04,-0.007880133480862302,-0.006901106410925291,0.0009790270699370114
2010-10-05,0.05260603148078519,0.047968666304418456,-0.004637365176366731
2010-10-06,0.02323783127717751,0.018214440087333923,-0.005023391189843587
2010-10-07,0.004684851024764301,0.0063509541464344555,0.0016661031216701544
2010-10-08,0.03109166675484204,0.02716391635731802,-0.003927750397524021
2010-10-11,0.007561023886841529,0.006571776445692597,-0.000989247441148932
2010-10-12,-0.0011293610711525202,-0.0005125102693985752,0.0006168508017539451
2010-10-13,0.030690792076663698,0.026134778549746784,-0.004556013526916914
2010-10-14,2.956507361214562e-05,0.0017725962008950462,0.0017430311272829007
2010-10-15,0.004536253498677666,0.0095458084302561,0.005009554931578434
2010-10-18,0.01159009477053132,0.006058375787191925,-0.005531718983339395
2010-10-19,-0.03506385862764816,-0.028252687019028687,0.006811171608619472
2010-10-20,0.024380605757610915,0.021540994393283046,-0.002839611364327869
2010-10-21,-0.0038110348514287227,-0.0028857782438926607,0.000925256607536062
2010-10-22,0.0010547451035878813,0.001224055763359632,0.00016931065977175068
2010-10-25,0.019332469788383263,0.01821616417936044,-0.0011163056090228232
2010-10-26,-0.024898014552047605,-0.022416332452038955,0.0024816821000086496
2010-10-27,-0.031431853110742376,-0.028222014980017578,0.0032098381307247986
2010-10-28,0.025254631003091978,0.023839103167190876,-0.0014155278359011016
2010-10-29,0.010009574099911564,0.00856671043470832,-0.001442863665203244
2010-11-01,0.01108357303813314,0.011509763644170695,0.0004261906060375551
2010-11-02,0.025236439498505247,0.024699141898572995,-0.0005372975999322523
2010-11-03,0.016001783256572803,0.01579765780748036,-0.00020412544909244323
2010-11-04,0.07335522847094669,0.06756020053183846,-0.00579502793910823
2010-11-05,0.007652347743908906,0.005513780163250528,-0.0021385675806583782
2010-11-08,-0.01069908423975933,-0.008708770115699075,0.001990314124060255
2010-11-09,-0.02219516164891404,-0.01851294302706218,0.003682218621851859
2010-11-10,0.005980595709075594,0.005584990384943257,-0.00039560532413233755
2010-11-11,-0.012349795200607016,-0.010812572182968069,0.0015372230176389466
2010-11-12,-0.05238731548584286,-0.0466960576446933,0.005691257841149565
2010-11-15,-0.011777352252940142,-0.008836283584994586,0.0029410686679455563
2010-11-16,-0.03547247638847492,-0.025849280437538924,0.009623195950935998
2010-11-17,-0.002405959677923039,-0.0004014946434775053,0.0020044650344455336
2010-11-18,0.02956019760615138,0.021218542444292072,-0.008341655161859307
2010-11-19,0.0024120181999365835,0.001470341860401487,-0.0009416763395350965
2010-11-22,0.009032265902250798,0.00959692300936436,0.0005646571071135625
2010-11-23,-0.020558966733581294,-0.016351364352929575,0.00420760238065172
2010-11-24,0.016016827941149395,0.013905015208131963,-0.0021118127330174326
2010-11-26,-0.012020612968696212,-0.00883206677319256,0.003188546195503652
2010-11-29,0.0011424894485819214,0.0012756871667582894,0.00013319771817636803
2010-11-30,-0.007775604611689775,-0.008079066188945036,-0.0003034615772552606
2010-12-01,0.023640424731176037,0.019144682006834005,-0.004495742724342031
2010-12-02,0.017238175087316645,0.013723248232238108,-0.0035149268550785373
2010-12-03,0.015504673098094241,0.012638898297016475,-0.0028657748010777664
2010-12-06,0.009557917505956295,0.008346232655361904,-0.0012116848505943911
2010-12-07,-0.01664966015534247,-0.014248381301669848,0.0024012788536726237
2010-12-08,-0.012490411134306193,-0.010757439226485139,0.0017329719078210543
2010-12-09,0.0013761087644117889,0.0009279797673941999,-0.00044812899701758893
2010-12-10,0.004571360647511695,0.0038240407223496036,-0.0007473199251620917
2010-12-13,0.0075151595356524785,0.004915325029979432,-0.0025998345056730465
2010-12-14,-0.0038355349723455502,-0.0033889432842055312,0.000446591688140019
2010-12-15,-0.01922563024472837,-0.0174373511383343,0.001788279106394071
2010-12-16,0.008469479382985607,0.00736977544298856,-0.0010997039399970468
2010-12-17,0.009457491428604739,0.006930894975557007,-0.002526596453047732
2010-12-20,0.006666479222578628,0.0059854035951284095,-0.0006810756274502183
2010-12-21,0.015790863421033433,0.015292338433274603,-0.0004985249877588298
2010-12-22,0.0031512693472112527,0.001185364908121759,-0.001965904439089494
2010-12-23,-0.005342526612565584,-0.0060487379931787825,-0.0007062113806131981
2010-12-27,0.004356809504333202,0.004179570801866338,-0.0001772387024668639
2010-12-28,0.0003930853342973688,-0.0008059235877090247,-0.0011990089220063936
2010-12-29,0.018388591639647834,0.01852866597237584,0.00014007433272800532
2010-12-30,-0.006220271366650743,-0.0064235656474096155,-0.00020329428075887244
2010-12-31,0.008909872377859144,0.007681093502925063,-0.0012287788749340816
2011-01-03,0.021336459761824134,0.025006176591914175,0.003669716830090042
2011-01-04,-0.017152621496726864,-0.018035834605185427,-0.0008832131084585623
2011-01-05,-0.000778476022173523,6.422908539738808e-05,0.0008427051075709111
2011-01-06,-0.0023882145596898397,-0.0021574555246270523,0.0002307590350627874
2011-01-07,0.0012414099362721782,0.002286971021815846,0.0010455610855436678
2011-01-10,0.008277542377019713,0.011855788740648295,0.0035782463636285823
2011-01-11,0.006376492502152059,0.005221081859053587,-0.001155410643098472
2011-01-12,0.024366815553533216,0.025755363925335777,0.0013885483718025608
2011-01-13,0.008155483134707424,0.011556878720344015,0.003401395585636591
2011-01-14,0.005045219949390359,0.005455301668642619,0.0004100817192522598
2011-01-18,0.012394196765473164,0.012933151028668783,0.0005389542631956193
2011-01-19,-0.016889736746162197,-0.018234293450651053,-0.0013445567044888564
2011-01-20,-0.03172792657840502,-0.036702405462612005,-0.004974478884206983
2011-01-21,7.007917618667012e-06,-0.0035766595575565355,-0.0035836674751752026
2011-01-24,0.01985752112117169,0.024311939233045157,0.004454418111873467
2011-01-25,-0.0007428650030387446,0.0002497724747686395,0.0009926374778073841
2011-01-26,0.016714148853854825,0.0185449760850508,0.0018308272311959757
2011-01-27,0.012445850814326332,0.015083990703209121,0.0026381398888827897
2011-01-28,-0.03745499802234839,-0.042614404968130154,-0.005159406945781764
2011-01-31,0.015035771640144129,0.015108497129841301,7.272548969717262e-05
2011-02-01,0.042150971396016056,0.04827796533673461,0.006126993940718556
2011-02-02,-0.002713760608239755,-0.0034391006866837234,-0.0007253400784439684
2011-02-03,-0.0002736827544152365,0.00022708408272766113,0.0005007668371428977
2011-02-04,-0.0011013288047421884,-0.0011418993637692834,-4.057055902709499e-05
2011-02-07,0.013760122603613343,0.015027581369626878,0.0012674587660135347
2011-02-08,0.010884303290685595,0.013363677613814838,0.0024793743231292433
2011-02-09,0.004360631416192127,0.005783754914109198,0.0014231234979170714
2011-02-10,-0.0036892139137619812,-0.002997010020825042,0.0006922038929369394
2011-02-11,0.013238805801047525,0.016521861905082987,0.003283056104035462
2011-02-14,0.006870889390245276,0.007773986627828695,0.0009030972375834194
2011-02-15,-0.010562497310854459,-0.010253980650075994,0.00030851666077846493
2011-02-16,0.0184029413711346,0.02129757165156935,0.002894630280434747
2011-02-17,0.015905790762586584,0.015823728552875272,-8.206220971131162e-05
2011-02-18,0.005167976241646783,0.0029970419441092515,-0.0021709342975375313
2011-02-22,-0.05405900880765451,-0.07027551613660266,-0.016216507328948145
2011-02-23,-0.015031617175411125,-0.018271826731386925,-0.0032402095559757992
2011-02-24,0.0048559774718187785,0.008006744473669268,0.00315076700185049
2011-02-25,0.031249781281194825,0.03953010082254001,0.008280319541345182
2011-02-28,0.014412806317290368,0.013488084177144881,-0.0009247221401454866
2011-03-01,-0.02217123677618141,-0.024701495670265628,-0.002530258894084217
2011-03-02,0.008158950856879003,0.011342703455175646,0.003183752598296643
2011-03-03,0.03254617562999575,0.037612391084728546,0.005066215454732799
2011-03-04,-0.0027513636424443023,-0.002480565416511561,0.0002707982259327413
2011-03-07,-0.02443361019179359,-0.03040625342467167,-0.005972643232878081
2011-03-08,0.0050793282384232865,0.0031226874548546005,-0.001956640783568686
2011-03-09,-0.002688513054780194,-0.006864407461311716,-0.004175894406531521
2011-03-10,-0.04256370542789502,-0.048086055117792535,-0.005522349689897517
2011-03-11,0.008553110559096523,0.010064899771119845,0.001511789212023322
2011-03-14,-0.00033804196847353246,0.0010914681439604676,0.0014295101124340002
2011-03-15,-0.04405943368169282,-0.04365381952864035,0.00040561415305247206
2011-03-16,-0.027973415787094242,-0.030325962688926802,-0.0023525469018325605
2011-03-17,0.025123840733078596,0.025276849077581463,0.00015300834450286682
2011-03-18,0.00735811982208466,0.0024908736178717726,-0.004867246204212887
2011-03-21,0.03221392970282329,0.03404737459575448,0.0018334448929311908
2011-03-22,-0.004596943779538019,-0.004199256306974705,0.00039768747256331387
2011-03-23,0.00581977274954345,0.007260737523439896,0.0014409647738964464
2011-03-24,0.019949122661672005,0.02324707647728689,0.003297953815614884
2011-03-25,0.002053763815176655,0.002586157991217036,0.0005323941760403809
2011-03-28,-0.01617490428651798,-0.015808315973678204,0.00036658831283977594
2011-03-29,0.013407770309310481,0.013563565780656527,0.00015579547134604577
2011-03-30,0.018577587401046092,0.015725926253351608,-0.0028516611476944835
2011-03-31,0.014561923199619072,0.014325748812616876,-0.00023617438700219637
2011-04-01,0.009322528871339454,0.006829055724502582,-0.002493473146836872
2011-04-04,0.0073797374609773725,0.00490976562165174,-0.002469971839325633
2011-04-05,-0.0037064466923300947,-0.005049541451584355,-0.0013430947592542606
2011-04-06,0.008368715660325612,0.006735310522313668,-0.0016334051380119449
2011-04-07,-0.0014516763558803227,-0.0010105251364231514,0.00044115121945717127
2011-04-08,0.009021681438126133,0.007898921181128019,-0.0011227602569981142
2011-04-11,-0.008752892802840197,-0.00923734480438618,-0.0004844520015459836
2011-04-12,-0.03941544142624721,-0.03861890010039892,0.0007965413258482837
2011-04-13,0.017714176036792,0.021711343871178696,0.0039971678343866945
2011-04-14,0.003571326166792923,0.0021993070336503912,-0.0013720191331425317
2011-04-15,0.013247454324689304,0.010370546880140975,-0.0028769074445483284
2011-04-18,-0.02972795825303068,-0.029277150996715125,0.0004508072563155531
2011-04-19,0.012379858550683898,0.014087913071854296,0.0017080545211703973
2011-04-20,0.049936921659238305,0.05548696921077629,0.005550047551537984
2011-04-21,0.03403113604711447,0.03811752933488188,0.004086393287767415
2011-04-25,0.007623311820151572,0.00858674698121585,0.0009634351610642768
2011-04-26,0.01114913399607512,0.008069976333158053,-0.0030791576629170675
2011-04-27,0.016708575632410752,0.014749293189429389,-0.001959282442981363
2011-04-28,0.01596646997439569,0.011878223491495234,-0.004088246482900456
2011-04-29,0.0196522494677061,0.01712631453439831,-0.002525934933307789
2011-05-02,-0.004312170026074423,-0.005054463833590442,-0.0007422938075160191
2011-05-03,-0.02053521854074807,-0.020882085799031072,-0.0003468672582830033
2011-05-04,-0.026448081721951566,-0.02395269670168469,0.0024953850202668777
2011-05-05,-0.04263970510836719,-0.04033931267889407,0.002300392429473122
2011-05-06,-0.001517683133527899,-0.002200003272333424,-0.000682320138805525
2011-05-09,0.018446153350917222,0.015089499507624468,-0.0033566538432927544
2011-05-10,0.014099301243638339,0.011641071414263347,-0.0024582298293749916
2011-05-11,-0.020350832078382362,-0.016699885862382816,0.0036509462159995468
2011-05-12,-0.0035510312894531785,-0.0037206363653991574,-0.00016960507594597886
2011-05-13,-0.01671609394656877,-0.015094641898887795,0.0016214520476809744
2011-05-16,-0.018802523709336785,-0.02033644202437231,-0.0015339183150355241
2011-05-17,0.0020418805219265973,0.00254320349180262,0.0005013229698760226
2011-05-18,0.01418031969908922,0.012386101414338107,-0.0017942182847511135
2011-05-19,0.010603436434509414,0.009838671881030657,-0.000764764553478757
2011-05-20,-0.004284339646037152,-0.003751247705403607,0.0005330919406335444
2011-05-23,-0.03127976688741809,-0.030007805988243,0.001271960899175091
2011-05-24,-0.0019949642574219485,-0.0033088297246750423,-0.0013138654672530939
2011-05-25,0.011793634273018366,0.011377193207986398,-0.0004164410650319677
2011-05-26,0.02686990898838608,0.025374671269870887,-0.0014952377185151917
2011-05-27,0.016828044096322783,0.015815594545049647,-0.0010124495512731368
2011-05-31,0.024693448867923837,0.0264252652367427,0.001731816368818865
2011-06-01,-0.025101367392068717,-0.023690363072567406,0.0014110043195013112
2011-06-02,-0.009352216822236812,-0.008012637334947637,0.0013395794872891748
2011-06-03,-0.011661916787952937,-0.01287981249808066,-0.0012178957101277223
2011-06-06,-0.019927935389121916,-0.018942346953393592,0.000985588435728324
2011-06-07,0.0026674943001936307,0.0025630104833550744,-0.00010448381683855626
2011-06-08,-0.003016813691965486,-0.003895831090072324,-0.000879017398106838
2011-06-09,0.0010846436684635655,-0.0009978652870557053,-0.0020825089555192708
2011-06-10,-0.02645628711345539,-0.027907094380057087,-0.0014508072666016975
2011-06-13,-0.00689268421032111,-0.007739309021818755,-0.0008466248114976449
2011-06-14,0.007396198106765385,0.00875019379297195,0.0013539956862065649
2011-06-15,-0.027278221930290582,-0.028818042392956534,-0.0015398204626659515
2011-06-16,0.0010086068596873979,-0.0020306131543410553,-0.0030392200140284533
2011-06-17,-0.0004521873578253233,-0.003697050718085359,-0.0032448633602600355
2011-06-20,0.005351678108097954,0.006376422914759685,0.0010247448066617315
2011-06-21,0.0353560464143809,0.04128994062814545,0.00593389421376455
2011-06-22,-0.007399111683423295,-0.007494168888716895,-9.505720529359978e-05
2011-06-23,0.009380216385821271,0.0157945932141237,0.0064143768283024295
2011-06-24,-0.020590408985285837,-0.025450371448831017,-0.00485996246354518
2011-06-27,0.004057578826354315,0.008429722587237159,0.004372143760882844
2011-06-28,0.003359972321506097,0.005092154198146642,0.001732181876640545
2011-06-29,0.0085443691758538,0.007892033839021088,-0.0006523353368327114
2011-06-30,0.011773032931810232,0.015085483703328363,0.0033124507715181304
2011-07-01,0.02333839530756258,0.02551293337114655,0.002174538063583968
2011-07-05,0.0185298115740786,0.0213589863263273,0.0028291747522486976
2011-07-06,0.013986741365804026,0.014162715958847952,0.00017597459304392535
2011-07-07,0.01585780793388922,0.014509033736095524,-0.0013487741977936969
2011-07-08,0.013621255647918114,0.015835285006039704,0.0022140293581215907
2011-07-11,-0.018720303210138806,-0.014941751269887917,0.003778551940250889
2011-07-12,-0.012458727151725676,-0.012352302116890016,0.00010642503483566067
2011-07-13,0.019823471100467362,0.01745217119993295,-0.0023712999005344113
2011-07-14,-0.01590728350731444,-0.015120855384479784,0.0007864281228346579
2011-07-15,0.021374641019419893,0.022084756871381866,0.0007101158519619739
2011-07-18,-0.011526572560107513,-0.007962375481831147,0.003564197078276366
2011-07-19,0.03531042051200402,0.035228032463053845,-8.238804895017299e-05
2011-07-20,-0.00820200777774914,-0.008291013740055291,-8.900596230615107e-05
2011-07-21,0.007807385297611063,0.004175001851927458,-0.003632383445683606
2011-07-22,0.015942916612992946,0.017853657706846646,0.0019107410938536996
2011-07-25,-0.007521860681557677,-0.004037469302831408,0.003484391378726269
2011-07-26,0.016254711635810784,0.01994800346680818,0.0036932918309973972
2011-07-27,-0.04532669636035426,-0.04454531188600361,0.0007813844743506521
2011-07-28,-0.003183332821334447,-0.001139838968494627,0.00204349385283982
2011-07-29,0.020057292831881957,0.022388445680899816,0.002331152849017859
2011-08-01,-0.001207455264038631,-0.0010473683165433518,0.00016008694749527932
2011-08-02,-0.02188601692877911,-0.021857981083491046,2.803584528806441e-05
2011-08-03,0.020297182972916078,0.021777511956639788,0.0014803289837237096
2011-08-04,-0.05959960737746989,-0.056560311462395124,0.0030392959150747634
2011-08-05,-0.02167894774409585,-0.023524130434856003,-0.0018451826907601512
2011-08-08,-0.03366614525933316,-0.028263262940136185,0.005402882319196976
2011-08-09,0.07822076852651462,0.07101466765957633,-0.007206100866938292
2011-08-10,-0.026271585498872506,-0.020479598612340114,0.005791986886532392
2011-08-11,0.03749696833190185,0.03304685929028974,-0.00445010904161211
2011-08-12,0.008558412875907794,0.008969935328498513,0.00041152245259071935
2011-08-15,0.014350702791614812,0.008815710794098333,-0.005534991997516479
2011-08-16,0.003318861101360583,0.004334782442018714,0.001015921340658131
2011-08-17,0.005726064938326001,0.003575833590567758,-0.0021502313477582435
2011-08-18,-0.043387198123769136,-0.038085686802216454,0.005301511321552682
2011-08-19,-0.008978811000444675,-0.00977110738697433,-0.0007922963865296551
2011-08-22,0.0052740414985567195,0.005400617659402601,0.00012657616084588152
2011-08-23,0.031194505963558612,0.02889807141558338,-0.002296434547975231
2011-08-24,-0.010414121118405893,-0.010258626889487452,0.00015549422891844057
2011-08-25,-0.01814571181573746,-0.015137120399090787,0.0030085914166466717
2011-08-26,0.03885456535065832,0.03607264087015075,-0.0027819244805075694
2011-08-29,0.020864637293492617,0.016317549062703513,-0.004547088230789104
2011-08-30,0.014866898137246462,0.014541179441387683,-0.00032571869585877947
2011-08-31,-0.010264720496729036,-0.010281574991449988,-1.685449472095188e-05
2011-09-01,-0.007750202093898621,-0.0043757476222142985,0.0033744544716843225
2011-09-02,0.001030497102088591,0.0033159929003185717,0.0022854957982299806
2011-09-06,-0.0065791223671312574,-0.0018928977648534648,0.004686224602277793
2011-09-07,0.002848141196175655,-0.0040401860282651865,-0.006888327224440841
2011-09-08,-1.2902706222451952e-05,0.004083317421895626,0.004096220128118077
2011-09-09,-0.014098510563497153,-0.009648312533837106,0.004450198029660048
2011-09-12,0.00657908112751569,0.007699686043358433,0.0011206049158427427
2011-09-13,0.004051776588733811,0.0031422849833371708,-0.0009094916053966401
2011-09-14,0.011266393327557987,0.00886504456206061,-0.0024013487654973766
2011-09-15,-0.004937334263781117,-0.006936544358735595,-0.001999210094954478
2011-09-16,0.016121471659532614,0.01749254426570381,0.001371072606171194
2011-09-19,0.020960218661657707,0.029943770458587916,0.008983551796930209
2011-09-20,-0.0013051839483170704,0.0012273512209197122,0.0025325351692367824
2011-09-21,-0.022238619815404616,-0.016718528670022072,0.005520091145382544
2011-09-22,-0.011038376178110139,-0.005321318642540302,0.005717057535569837
2011-09-23,-0.01807146692285204,-0.019993297727468926,-0.0019218308046168864
2011-09-26,0.0004957607552306955,-0.005556800158070059,-0.006052560913300755
2011-09-27,-0.021226388632015883,-0.026210562630526353,-0.00498417399851047
2011-09-28,-0.009520846057817665,-0.0042057774919903555,0.0053150685658273095
2011-09-29,0.0010956859119523681,-0.006899656272314943,-0.00799534218426731
2011-09-30,-0.010689811065857707,-0.008770498671601576,0.0019193123942561306
2011-10-03,0.01005033551364195,0.01794499551552029,0.00789466000187834
2011-10-04,0.018552977197493235,0.010338474880894274,-0.00821450231659896
2011-10-05,-0.011246516129379271,-0.014062696276868826,-0.002816180147489555
2011-10-06,-0.006663008560556153,-0.010227774588183124,-0.0035647660276269706
2011-10-07,-0.013921252545760808,-0.008685956031528481,0.005235296514232327
2011-10-10,0.009007632517232871,0.007369059610439256,-0.0016385729067936146
2011-10-11,0.0032756613521836998,0.004131268857783389,0.0008556075055996893
2011-10-12,-0.006746829443443335,-0.012609418712883406,-0.005862589269440071
2011-10-13,0.012083264519522003,0.017584294745625888,0.005501030226103884
2011-10-14,0.010776130766729888,0.010028787175637523,-0.0007473435910923653
2011-10-17,-0.005942954172469307,-0.0009162150110807447,0.005026739161388563
2011-10-18,0.014093870606669383,0.007322464579516439,-0.006771406027152944
2011-10-19,-0.013449520244218662,-0.012578856256218613,0.0008706639880000488
2011-10-20,0.0007635657478254869,-0.0026243529982071133,-0.0033879187460326
2011-10-21,0.012944887686819758,0.009401004985983374,-0.0035438827008363837
2011-10-24,-0.0012042538290941624,-0.007407557116218221,-0.006203303287124059
2011-10-25,-0.0021351016084126513,0.0033856156607169822,0.005520717269129633
2011-10-26,-0.0025121866630259566,-0.00963294451757687,-0.007120757854550913
2011-10-27,-0.00011067649014912877,-0.01494526944516141,-0.014834592955012282
2011-10-28,0.005545772855102046,0.0031400165805388785,-0.002405756274563167
2011-10-31,-0.0036257181326581835,0.008231704317477787,0.01185742245013597
2011-11-01,-0.006757751483355684,-0.0006042856001742319,0.006153465883181452
2011-11-02,0.009369851361033094,0.003686927674166202,-0.005682923686866893
2011-11-03,0.020148565070953344,0.020203747775474283,5.518270452093896e-05
2011-11-04,-0.00036062373240561485,-0.002067661428456348,-0.001707037696050733
2011-11-07,0.018363380842886846,0.023735991143678786,0.00537261030079194
2011-11-08,0.007678374501856668,0.007142909655018677,-0.0005354648468379915
2011-11-09,-0.021149125811700788,-0.013455555717450263,0.007693570094250524
2011-11-10,-0.009582493414719463,-0.01177135339412358,-0.0021888599794041164
2011-11-11,0.011737122281735535,0.009498442406708421,-0.0022386798750271136
2011-11-14,0.0042624846492985355,0.006850497937203305,0.0025880132879047696
2011-11-15,0.011651542649840592,0.015268607389708432,0.0036170647398678403
2011-11-16,-0.014518448922746487,-0.014029093507914713,0.0004893554148317734
2011-11-17,-0.016653611219316418,-0.014884869251657521,0.0017687419676588965
2011-11-18,-0.012931087410854102,-0.013141476406812206,-0.00021038899595810477
2011-11-21,-0.014810695592835505,-0.012987916608712607,0.0018227789841228983
2011-11-22,0.010691760476460824,0.016257325657418373,0.005565565180957549
2011-11-23,-0.008618585785361883,-0.004894753750158001,0.003723832035203882
2011-11-25,-0.014450231045600538,-0.015735936530279302,-0.001285705484678764
2011-11-28,0.024769516492635698,0.02128449102848495,-0.0034850254641507483
2011-11-29,-0.008911467291614333,-0.009585174491582096,-0.0006737071999677637
2011-11-30,0.026970098196716648,0.01797848660597416,-0.008991611590742486
2011-12-01,-0.011742226001246688,-0.00867152120283864,0.0030707047984080485
2011-12-02,0.008162163366526982,0.0068726299766769085,-0.001289533389850074
2011-12-05,0.002935131322186788,-0.001923767706136867,-0.004858899028323655
2011-12-06,0.0003200420153179755,-5.8163728221380514e-05,-0.000378205743539356
2011-12-07,0.017333514908242073,0.01985862892957274,0.0025251140213306683
2011-12-08,-0.007227496021280195,-0.0001128091987387152,0.0071146868225414805
2011-12-09,0.010714861129649709,0.0072552090862486925,-0.003459652043401016
2011-12-12,-0.0062087191877896976,-0.0004520386273706248,0.005756680560419072
2011-12-13,0.0007497156607944201,0.0053551300828230545,0.004605414422028635
2011-12-14,-0.004680000904037818,-0.0015438276698659552,0.0031361732341718624
2011-12-15,0.0040686391355606935,0.0047288960392531,0.0006602569036924062
2011-12-16,0.011646685226250727,0.011894875702019234,0.00024819047576850675
2011-12-19,-0.007530866790436884,-0.0016003581181555481,0.005930508672281336
2011-12-20,0.002077597944685958,-0.003523893686352046,-0.005601491631038004
2011-12-21,-0.01252600151284143,-0.016243422675440697,-0.0037174211625992677
2011-12-22,0.0035900302945073292,-0.0015455279158881627,-0.005135558210395492
2011-12-23,0.003973114464507357,0.005480851339903073,0.001507736875395716
2011-12-27,0.005379445442700555,0.008455111821092367,0.003075666378391812
2011-12-28,0.0011750878864227696,0.005647270360394931,0.004472182473972162
2011-12-29,0.018039203923396786,0.015356968632551041,-0.002682235290845745
2011-12-30,0.0021667790427760437,0.0006350553911698634,-0.0015317236516061805
2012-01-03,0.005220946823852253,0.00014650453545623,-0.0050744422883960225
2012-01-04,0.008193577598796976,0.011733400450250302,0.003539822851453326
2012-01-05,0.009645929435556007,0.009916009451857829,0.00027008001630182167
2012-01-06,0.0074841081200684055,0.00924982595322587,0.001765717833157464
2012-01-09,-0.005089264720199414,-0.009546290037893318,-0.004457025317693904
2012-01-10,0.0018447975957809845,-0.003790261267110472,-0.005635058862891456
2012-01-11,0.014580351555047954,0.01082289060506889,-0.003757460949979063
2012-01-12,-0.007651087071289916,-0.009168266960380558,-0.0015171798890906418
2012-01-13,0.019672325923752756,0.024529318948735408,0.004856993024982652
2012-01-17,0.018927079621055262,0.022806199543041212,0.0038791199219859497
2012-01-18,-0.003950421070229561,-0.009909342498320485,-0.0059589214280909245
2012-01-19,-0.014255319353956452,-0.018527290784890675,-0.0042719714309342235
2012-01-20,-0.012562193391987882,-0.013310241124569753,-0.0007480477325818701
2012-01-23,-0.007203204748024665,-0.00819607693664632,-0.0009928721886216544
2012-01-24,-0.009889687251952519,-0.014170332950682917,-0.004280645698730398
2012-01-25,0.036974941075742444,0.03708235988954663,0.00010741881380418872
2012-01-26,0.014232778140113868,0.015926861778783184,0.001694083638669316
2012-01-27,0.0033919473572905203,0.0018521813781759756,-0.0015397659791145447
2012-01-30,0.01067350203919401,0.01563950144233528,0.004965999403141269
2012-01-31,0.013932844312700825,0.015309971502543136,0.0013771271898423108
2012-02-01,0.01118761537268574,0.007566310710261584,-0.003621304662424156
2012-02-02,0.004594495510312263,0.0028968707435793055,-0.001697624766732957
2012-02-03,-0.006646751078908529,-0.013750427063415262,-0.0071036759845067325
2012-02-06,0.0022832900821918964,0.00015947813088224594,-0.0021238119513096506
2012-02-07,-0.007894732458647705,-0.006741522048241578,0.0011532104104061266
2012-02-08,0.007536560513026649,0.008862434319161467,0.0013258738061348177
2012-02-09,0.0033708208264513714,0.007488719661953003,0.0041178988355016315
2012-02-10,-0.0007955835818370973,0.003438272127260372,0.004233855709097469
2012-02-13,0.014156189994947783,0.015276802395269094,0.0011206124003213108
2012-02-14,0.010927022100392737,0.015051105601236838,0.004124083500844101
2012-02-15,-0.0010139492190483835,-0.003260247912027467,-0.0022462986929790837
2012-02-16,-0.0008972840848681373,-0.0036002697188353625,-0.0027029856339672253
2012-02-17,0.008139877125043252,0.007439798336715237,-0.0007000787883280147
2012-02-21,-0.002219730662097366,0.0006739618848471065,0.0028936925469444726
2012-02-22,0.005748217841873724,0.00639556102053879,0.0006473431786650661
2012-02-23,0.014862341316634973,0.014700359825115231,-0.00016198149151974185
2012-02-24,0.010034756786122846,0.010326326182185073,0.0002915693960622266
2012-02-27,0.014194667968398737,0.0165608357414349,0.0023661677730361617
2012-02-28,0.02576837065372357,0.03230829087786185,0.0065399202241382785
2012-02-29,-0.022222102099119633,-0.018313084019654046,0.003909018079465587
2012-03-01,0.01273006671369548,0.012973655771940472,0.00024358905824499281
2012-03-02,0.010688293223369618,0.016171040410150116,0.005482747186780499
2012-03-05,-0.024285282036845452,-0.02334285959593616,0.0009424224409092935
2012-03-06,-0.03062007157288313,-0.023624174446239453,0.006995897126643676
2012-03-07,0.003321014629372861,0.0016081704854951722,-0.0017128441438776887
2012-03-08,0.016813300695927066,0.01577083955959952,-0.0010424611363275445
2012-03-09,0.009928714818759132,0.00840473211344477,-0.0015239827053143608
2012-03-12,0.009949375952058461,0.014553476669922277,0.004604100717863815
2012-03-13,0.019751578638316336,0.01689113109373729,-0.002860447544579047
2012-03-14,-0.04141591378639538,-0.03672661305874705,0.004689300727648331
2012-03-15,0.002384639888417986,-0.0037006366873163516,-0.0060852765757343375
2012-03-16,-0.003098060684459416,-0.008725165209918057,-0.005627104525458641
2012-03-19,0.0003179832961442649,0.0011486346220451664,0.0008306513259009015
2012-03-20,-0.01826474974756284,-0.012992239748276064,0.005272509999286775
2012-03-21,0.0014960510759170903,0.002762134042062391,0.0012660829661453009
2012-03-22,-0.011020166104361675,-0.003218871324240441,0.007801294780121234
2012-03-23,0.004600707662385473,-0.0009281514037206453,-0.005528859066106118
2012-03-26,0.04598360146888286,0.049576918355325204,0.0035933168864423423
2012-03-27,0.010235624079978203,0.014584734577168338,0.004349110497190134
2012-03-28,-0.0246267422048655,-0.021246456849158914,0.003380285355706586
2012-03-29,-0.001565543885875448,-0.002744329199340709,-0.001178785313465261
2012-03-30,-0.003262277243468654,-0.007425859733432099,-0.004163582489963445
2012-04-02,0.02685453997239304,0.02989529178912243,0.0030407518167293902
2012-04-03,-0.010396094498507032,-0.00488756519889659,0.005508529299610442
2012-04-04,-0.0414624219710097,-0.04064839581452376,0.0008140261564859447
2012-04-05,0.01358398623376504,0.02146850799224743,0.007884521758482392
2012-04-09,-0.013048729061498034,-0.005376999382012522,0.0076717296794855125
2012-04-10,-0.022794421093361605,-0.019924541593261413,0.0028698795001001927
2012-04-11,-0.00014790060197465154,-0.0042084680323310275,-0.004060567430356376
2012-04-12,0.02030497668673088,0.013099918918997113,-0.007205057767733766
2012-04-13,-0.013682616213965253,-0.01157883624237856,0.002103779971586693
2012-04-16,-0.0126921057106386,-0.018645455424080106,-0.005953349713441506
2012-04-17,0.029445414112642235,0.031140367179107103,0.0016949530664648674
2012-04-18,0.0029986911222204204,0.0061692645043918614,0.003170573382171441
2012-04-19,-0.019619480508018473,-0.026288504758908402,-0.0066690242508899295
2012-04-20,0.005222704915708383,0.009272510943068819,0.0040498060273604355
2012-04-23,-0.015423783256246595,-0.014870804526998127,0.000552978729248468
2012-04-24,-0.010449362559246974,-0.016852383954261627,-0.006403021395014653
2012-04-25,0.046135866172363,0.05566060780219046,0.009524741629827457
2012-04-26,0.028020272544288894,0.02680383000279101,-0.0012164425414978829
2012-04-27,0.013337763006707635,0.016393262652472804,0.0030554996457651685
2012-04-30,-0.011742820819868252,-0.015838241550753716,-0.004095420730885464
2012-05-01,-6.1003657102845144e-05,-0.0036031909424443396,-0.0035421872853414944
2012-05-02,0.021941695818887746,0.03164547677918254,0.00970378096029479
2012-05-03,-0.023003616604915227,-0.01944810469845118,0.003555511906464047
2012-05-04,-0.03367171566092935,-0.04020204163810567,-0.0065303259771763225
2012-05-07,0.008520909828589919,0.01070108270993977,0.002180172881349852
2012-05-08,0.008957279134315082,0.01319917009173706,0.004241890957421978
2012-05-09,-0.010711507231817378,-0.009188388921197416,0.0015231183106199624
2012-05-10,0.00662032174210983,0.008991999335680359,0.0023716775935705287
2012-05-11,0.0032152297315496663,0.0040891457658129,0.0008739160342632335
2012-05-14,0.00258465167621295,0.006156745948020996,0.0035720942718080457
2012-05-15,-0.00037373975651282737,0.006471794974017632,0.006845534730530459
2012-05-16,-0.0050189112167029065,-0.0019521297519293126,0.003066781464773594
2012-05-17,-0.019180001577202403,-0.022171435397230103,-0.0029914338200277
2012-05-18,-0.006512091842905533,-0.006422964985866948,8.91268570385852e-05
2012-05-21,0.010024498358617868,0.008809514494056741,-0.001214983864561127
2012-05-22,-0.013000906749388566,-0.012350992459122339,0.0006499142902662274
2012-05-23,0.03883371262731168,0.03785883482076836,-0.0009748778065433242
2012-05-24,-0.000158394343576012,-0.0001714714796468297,-1.307713607081771e-05
2012-05-25,0.0038028036513035137,0.003047212994676025,-0.0007555906566274889
2012-05-29,0.014112337297886758,0.010787528824686438,-0.0033248084732003195
2012-05-30,0.05692741256139561,0.0712647378190241,0.014337325257628486
2012-05-31,0.020182546125779934,0.022662312762155568,0.002479766636375634
2012-06-01,0.0013754023588689406,0.003979912910464317,0.0026045105515953766
2012-06-04,-0.017973979599891273,-0.012209376494793485,0.005764603105097788
2012-06-05,-0.006276191527694594,-0.01297590004865945,-0.006699708520964856
2012-06-06,-0.028057847916909715,-0.032445727112582375,-0.004387879195672659
2012-06-07,-0.02049435779011683,-0.018686849870938074,0.0018075079191787573
2012-06-08,0.04281000906438363,0.042553874272809315,-0.0002561347915743181
2012-06-11,-0.01848471855456482,-0.012915734668149624,0.005568983886415194
2012-06-12,-0.008232854535540431,-0.00961519896502092,-0.0013823444294804883
2012-06-13,-0.004310093321913879,-0.00031179195881786523,0.003998301363096014
2012-06-14,0.0035954564084504127,0.00028258085050068295,-0.0033128755579497297
2012-06-15,0.021416447151211566,0.014383244000535101,-0.007033203150676464
2012-06-18,0.011357675714411288,0.016134124679223927,0.004776448964812639
2012-06-19,0.008148788928751831,0.0016500059344598036,-0.006498782994292028
2012-06-20,-0.009836660306151525,-0.008909933251311213,0.0009267270548403116
2012-06-21,-0.033305675815305955,-0.02504780431987101,0.008257871495434943
2012-06-22,0.0033468884822963566,0.003470694681712256,0.00012380619941589933
2012-06-25,0.003141400845688335,0.007639711002391484,0.004498310156703149
2012-06-26,0.008926010325625665,0.01068427421024173,0.0017582638846160657
2012-06-27,0.010037330507102548,0.0034333991121128266,-0.006603931394989722
2012-06-28,-0.0056340012139981495,-0.010991770890966238,-0.005357769676968088
2012-06-29,0.013866484126706104,0.007834529574480172,-0.0060319545522259325
2012-07-02,0.03335950707291232,0.03728552188060466,0.003926014807692342
2012-07-03,0.0071197506963257655,0.0015031871571716232,-0.005616563539154142
2012-07-05,0.02168631335763619,0.026886851838121215,0.005200538480485024
2012-07-06,-0.00552380401565394,0.001074602803063267,0.006598406818717207
2012-07-09,0.010916474193435168,0.01594755756098883,0.0050310833675536615
2012-07-10,-0.009244246927036076,-0.00425262024640483,0.004991626680631246
2012-07-11,-0.011056106170394812,-0.01456397685554244,-0.0035078706851476276
2012-07-12,-0.01086379904384023,-0.014269376733748352,-0.003405577689908122
2012-07-13,0.03772311833611561,0.0381437797148104,0.00042066137869479353
2012-07-16,0.015711270572801625,0.01714377629608794,0.0014325057232863134
2012-07-17,0.004819741713886798,0.003952442529443323,-0.0008672991844434754
2012-07-18,0.02579608337262865,0.02627363051849447,0.00047754714586581773
2012-07-19,-0.0020674419166989114,-0.0017180825235628464,0.000349359393136065
2012-07-20,-0.001606941739327061,-0.0008943903286281155,0.0007125514106989454
2012-07-23,-0.017858359319114503,-0.015289165981244546,0.002569193337869957
2012-07-24,-0.014734300089522699,-0.009119816713978775,0.005614483375543924
2012-07-25,-0.011108517396929451,-0.019662395137683728,-0.008553877740754277
2012-07-26,-0.0004909052997026967,-0.003337116202990592,-0.002846210903287895
2012-07-27,0.0008751288731243242,-0.0023286090612442602,-0.0032037379343685846
2012-07-30,0.022368720856470146,0.026554096837947506,0.004185375981477359
2012-07-31,0.0005996906043603626,0.007118763516214806,0.006519072911854443
2012-08-01,-0.024280124232263906,-0.02044907235865696,0.0038310518736069457
2012-08-02,0.008096965607437114,0.01499006757315631,0.006893101965719196
2012-08-03,-0.007406140999188309,-0.01228430382786967,-0.0048781628286813615
2012-08-06,0.01154872698608081,0.010230274847308197,-0.0013184521387726127
2012-08-07,-0.015551169275848431,-0.021694991292157583,-0.006143822016309152
2012-08-08,0.008598522312730917,0.011747392703268295,0.0031488703905373783
2012-08-09,0.0047065016679788425,0.001391926851839521,-0.0033145748161393217
2012-08-10,0.010781121393100147,0.009582165086302418,-0.0011989563067977289
2012-08-13,-0.00786880093385582,-0.0028637138425879676,0.005005087091267852
2012-08-14,-0.00733926723827686,-0.00226247309496811,0.00507679414330875
2012-08-15,-0.005707710370904247,-0.00782526945741669,-0.0021175590865124437
2012-08-16,0.018786816148512218,0.0193029525192254,0.0005161363707131827
2012-08-17,0.01787579340023259,0.019778471212671858,0.001902677812439267
2012-08-20,0.008807210354723562,0.01244339783273629,0.0036361874780127274
2012-08-21,-0.003275779049302079,-0.0048071821739494305,-0.0015314031246473517
2012-08-22,0.014210105834688262,0.01636692949507729,0.0021568236603890286
2012-08-23,-0.013183056150204348,-0.013027927057252342,0.00015512909295200585
2012-08-24,0.008937876257614453,0.009821605129154401,0.0008837288715399481
2012-08-27,0.006101587522176513,0.009566270017508259,0.0034646824953317454
2012-08-28,0.002860928153605094,0.002399012447434232,-0.00046191570617086205
2012-08-29,-0.0008540239673015427,-0.0022626083017384903,-0.0014085843344369476
2012-08-30,-0.01739210588047538,-0.016606971548653027,0.0007851343318223541
2012-08-31,0.027148132893519878,0.02535556055286754,-0.0017925723406523389
2012-09-04,-0.007017517082578502,-0.007412749832978016,-0.00039523275039951393
2012-09-05,-0.011099138384501767,-0.012067478680658978,-0.0009683402961572114
2012-09-06,0.038766150607525966,0.03793476389954579,-0.0008313867079801779
2012-09-07,0.02299780506702913,0.01461511835193569,-0.008382686715093438
2012-09-10,-0.04501034617996129,-0.05063466221379351,-0.005624316033832219
2012-09-11,0.004524709659838003,7.089446093866402e-05,-0.004453815198899339
2012-09-12,0.004215124082338266,0.00347899468569182,-0.000736129396646446
2012-09-13,0.07419267530169689,0.07111424664317617,-0.0030784286585207182
2012-09-14,0.00916453805667947,0.007698550322559097,-0.0014659877341203732
2012-09-17,-0.03061589185230942,-0.025340020385214053,0.005275871467095367
2012-09-18,-0.006152042882341555,-0.0036154822321115107,0.002536560650230044
2012-09-19,0.03181528033057385,0.03396791034664107,0.0021526300160672196
2012-09-20,-0.020014491042118422,-0.018276119414853183,0.0017383716272652387
2012-09-21,0.01575149745672702,0.01360247884242352,-0.0021490186143035012
2012-09-24,-0.016672670475356612,-0.016505891790640253,0.00016677868471635937
2012-09-25,-0.02927539656939717,-0.02892447082728758,0.000350925742109591
2012-09-26,-0.03089592184161775,-0.03313849803976271,-0.0022425761981449584
2012-09-27,0.04777349214016842,0.04994479891079185,0.002171306770623431
2012-09-28,-0.01642597148111638,-0.02076651071922049,-0.00434053923810411
2012-10-01,0.0074917605222988405,0.004513896741448692,-0.0029778637808501483
2012-10-02,0.009270377291865818,0.011912331427214142,0.0026419541353483247
2012-10-03,0.012025039836483863,0.018981758876967292,0.006956719040483429
2012-10-04,0.03131037346044703,0.028335822363955692,-0.002974551096491338
2012-10-05,-0.020817122130443424,-0.022117169455408568,-0.0013000473249651437
2012-10-08,-0.019096014508062406,-0.024708169097533508,-0.0056121545894711015
2012-10-09,-0.059496625241493635,-0.06302521559321081,-0.0035285903517171743
2012-10-10,-0.026607777698051782,-0.022667513857130023,0.003940263840921759
2012-10-11,0.006820135982402446,0.0012184301726160184,-0.005601705809786427
2012-10-12,-0.010856729801190864,-0.009400127786169528,0.0014566020150213362
2012-10-15,0.017710367936739847,0.013993887420474716,-0.0037164805162651308
2012-10-16,0.022201634947697765,0.017126293128299074,-0.005075341819398692
2012-10-17,-0.0007536774310047222,-0.00196541150139302,-0.0012117340703882975
2012-10-18,-0.020890259198524636,-0.02152845886818733,-0.0006381996696626958
2012-10-19,-0.06237682854945449,-0.049259913607742796,0.013116914941711695
2012-10-22,0.004907225348278108,0.008794222810494077,0.003886997462215969
2012-10-23,-0.05106341504546461,-0.039545323900696275,0.011518091144768337
2012-10-24,-0.009372857940416465,-0.0043461047706357695,0.005026753169780696
2012-10-25,-0.009379698477090402,-0.011634925457370798,-0.002255226980280396
2012-10-26,0.0033608363458365554,0.0044832194111030016,0.0011223830652664461
2012-10-31,0.001480654202376011,-0.0037324492259764174,-0.005213103428352428
2012-11-01,0.04611085287341748,0.03920544785377493,-0.006905405019642548
2012-11-02,-0.0331283685969339,-0.024400569749071434,0.00872779884786247
2012-11-05,0.012531408731697058,0.011885027728759797,-0.0006463810029372612
2012-11-06,0.014191632106483755,0.008351697733163214,-0.005839934373320541
2012-11-07,-0.047064554982938434,-0.042224542753253075,0.004840012229685359
2012-11-08,-0.05867286393093009,-0.05137717708230521,0.007295686848624881
2012-11-09,0.005404944247239156,0.007547250937556872,0.0021423066903177154
2012-11-12,-0.0017133895059686815,-0.0013029749898645388,0.0004104145161041427
2012-11-13,-0.01350148152316845,-0.012867492873723383,0.0006339886494450674
2012-11-14,-0.03603005731281586,-0.032355623389390055,0.003674433923425806
2012-11-15,-0.015830306253317494,-0.015264921606265627,0.0005653846470518673
2012-11-16,0.019296579751894742,0.01812746087801504,-0.0011691188738797015
2012-11-19,0.05531571305999143,0.05680531310897508,0.0014896000489836511
2012-11-20,-0.007497541950909124,-0.005221518673628561,0.0022760232772805625
2012-11-21,-0.0016176888270200492,-0.003973739291545453,-0.002356050464525404
2012-11-23,0.04805437525968153,0.047136582682333,-0.0009177925773485307
2012-11-26,0.006048139541125384,0.006722697685644454,0.0006745581445190699
2012-11-27,-0.010173317809490394,-0.007937963249561145,0.002235354559929249
2012-11-28,0.022986695175430387,0.015841860726570504,-0.0071448344488598825
2012-11-29,0.020019117076089152,0.014276253957632554,-0.005742863118456598
2012-11-30,0.010191945771943763,0.0076580103870319445,-0.0025339353849118187
2012-12-03,-0.016044630757472585,-0.009218162763864383,0.006826467993608202
2012-12-04,-0.009557811883391871,-0.007777114297159809,0.0017806975862320624
2012-12-05,0.0038948114366890744,-0.005537454400306092,-0.009432265836995166
2012-12-06,0.007453853369445417,0.0073150250503284525,-0.00013882831911696432
2012-12-07,-0.010760755067618833,-0.013431426617066087,-0.0026706715494472545
2012-12-10,0.01112269969903547,0.008789787410242493,-0.002332912288792977
2012-12-11,0.019714428465229132,0.017039996101928474,-0.002674432363300658
2012-12-12,0.009383343785144382,0.006557344805764314,-0.002825998979380068
2012-12-13,-0.039389296999671426,-0.03186243887794465,0.007526858121726779
2012-12-14,-0.008066099463074657,-0.010619065996726804,-0.002552966533652147
2012-12-17,0.02712678617869856,0.026072052537126123,-0.0010547336415724362
2012-12-18,0.025541825389417634,0.020576808931536694,-0.004965016457880941
2012-12-19,-0.009809931511316164,-0.006884645913184901,0.002925285598131263
2012-12-20,-0.0033796269136451918,-0.005250957047452616,-0.0018713301338074244
2012-12-21,-0.057320236003486305,-0.05420994354894902,0.0031102924545372834
2012-12-24,-0.009162975257658232,-0.006283153440746758,0.0028798218169114737
2012-12-26,-0.017568748566323636,-0.017982419225736873,-0.0004136706594132372
2012-12-27,0.020718918488759553,0.018851046497719723,-0.0018678719910398302
2012-12-28,-0.03045488862073109,-0.024645024431387275,0.005809864189343816
2012-12-31,0.05613530604005971,0.05464450027351278,-0.001490805766546928
2013-01-02,0.10782319941043003,0.10346776706651002,-0.00435543234392001
2013-01-03,-0.026560826623712543,-0.027985870857816716,-0.0014250442341041739
2013-01-04,-0.01228590940740322,-0.020285113649973877,-0.007999204242570657
2013-01-07,-0.004038618398646634,-0.002081468366525517,0.001957150032121117
2013-01-08,-0.008727464277400758,-0.004300171634510454,0.004427292642890304
2013-01-09,0.015196308048779706,0.01041681739899515,-0.004779490649784557
2013-01-10,0.04307270194699634,0.03323273424826545,-0.00983996769873089
2013-01-11,-0.003806428150180084,-0.0037616390049168926,4.478914526319117e-05
2013-01-14,0.004225426733239143,0.0007065840834300752,-0.003518842649809068
2013-01-15,-0.027468660976683434,-0.02779114401265193,-0.00032248303596849395
2013-01-16,0.004903392609876503,0.008271726961476896,0.0033683343516003935
2013-01-17,0.02714030328354491,0.02051095337292348,-0.006629349910621432
2013-01-18,0.0007808211041530628,-0.0019344450623897276,-0.0027152661665427904
2013-01-22,0.014456130803676852,0.010151017628473938,-0.004305113175202914
2013-01-23,0.004728342388226552,0.008022839683951784,0.003294497295725232
2013-01-24,-0.021678252025957623,-0.030435059296682606,-0.008756807270724982
2013-01-25,0.015149132337654341,0.009767577567933583,-0.005381554769720758
2013-01-28,-0.0068278821087093535,-0.003781653522073647,0.0030462285866357064
2013-01-29,0.02544940892264243,0.02172539663706194,-0.003724012285580492
2013-01-30,0.0011698968035720977,0.003296006581862527,0.0021261097782904297
2013-01-31,-0.01059262801204092,-0.011895683398152793,-0.0013030553861118725
2013-02-01,0.05611508584923005,0.05242648224898953,-0.0036886036002405226
2013-02-04,-0.06428719192624116,-0.06173650695468018,0.002550684971560982
2013-02-05,0.028952055598337984,0.02895761537767002,5.559779332035136e-06
2013-02-06,-0.00422907560992724,-0.008601509685124163,-0.004372434075196922
2013-02-07,-0.015912631967449357,-0.011974062853327812,0.003938569114121545
2013-02-08,0.009222946425881852,0.00934262287159737,0.00011967644571551916
2013-02-11,0.011681995649922068,0.01232738864227167,0.0006453929923496016
2013-02-12,0.0014973409816034866,-0.0011873498820700234,-0.0026846908636735103
2013-02-13,0.01676779857840993,0.01634096092657853,-0.0004268376518314007
2013-02-14,0.0007897306053245609,-0.0016882504745783632,-0.0024779810799029243
2013-02-15,-0.018418682117059035,-0.015818180740365586,0.002600501376693449
2013-02-19,0.030516723938942385,0.0284578281852729,-0.002058895753669486
2013-02-20,-0.05037685425703512,-0.04728755327043891,0.0030893009865962107
2013-02-21,-0.04497690228803994,-0.04323450878182063,0.0017423935062193113
2013-02-22,0.032676713175178805,0.029516943690750606,-0.0031597694844281987
2013-02-25,-0.05086920190926727,-0.04290321878958854,0.007965983119678728
2013-02-26,0.01453312551241303,0.013505908564467107,-0.0010272169479459223
2013-02-27,0.03924890271675928,0.03463262639933371,-0.0046162763174255675
2013-02-28,0.01025518993377038,0.008969463628184257,-0.0012857263055861233
2013-03-01,0.03134136243760199,0.03238362387967933,0.0010422614420773427
2013-03-04,0.017279054584874765,0.019711462384946258,0.0024324078000714927
2013-03-05,0.039926209666113016,0.040032606610183014,0.00010639694406999745
2013-03-06,0.004450850536121086,0.0010669423677659136,-0.0033839081683551724
2013-03-07,-0.007260785259077172,-0.00764749501183599,-0.00038670975275881866
2013-03-08,0.014327293257358707,0.008837851400637333,-0.005489441856721374
2013-03-11,0.012102265938233723,0.011082168599587484,-0.0010200973386462388
2013-03-12,-0.009833124310264708,-0.010157427396513067,-0.0003243030862483589
2013-03-13,0.004129184052757902,0.0027260627624691473,-0.001403121290288755
2013-03-14,0.013310112645121141,0.009426125149932869,-0.0038839874951882725
2013-03-15,-0.00010444211294542392,-0.0022401584990487753,-0.0021357163861033513
2013-03-18,-0.007993059658212046,-0.004727798186316594,0.0032652614718954517
2013-03-19,0.025356265069268746,0.028094656998874014,0.0027383919296052675
2013-03-20,0.012336268859098288,0.011931092811778872,-0.0004051760473194159
2013-03-21,-0.036758781663057,-0.038056087137271294,-0.0012973054742142914
2013-03-22,0.0168835492153933,0.01888415070600764,0.0020006014906143385
2013-03-25,0.0015717814304907968,0.0017690534895298787,0.00019727205903908186
2013-03-26,0.02845746400395043,0.02728479184330987,-0.0011726721606405595
2013-03-27,0.022670249253894537,0.02455724716850944,0.0018869979146149025
2013-03-28,-0.014486386442804432,-0.01688596722012871,-0.0023995807773242762
2013-04-01,-0.014584023099139226,-0.013708361706741954,0.0008756613923972725
2013-04-02,0.015612035419449563,0.02140559730078474,0.005793561881335176
2013-04-03,-0.009071346948317372,-0.0070601133781345035,0.0020112335701828682
2013-04-04,0.019374640653639943,0.01912528619223859,-0.0002493544614013514
2013-04-05,-0.01667610031840315,-0.019625138608570736,-0.0029490382901675855
2013-04-08,0.0046571613351910094,0.0034838149907724476,-0.0011733463444185618
2013-04-09,0.014956429964184972,0.0170288568750263,0.002072426910841328
2013-04-10,0.03559037611716504,0.04224579266781421,0.006655416550649169
2013-04-11,0.031696434876597165,0.03294594066234564,0.0012495057857484712
2013-04-12,0.006872660269921178,0.00935090212057223,0.002478241850651052
2013-04-15,-0.09096797568429964,-0.08484176994498142,0.0061262057393182134
2013-04-16,0.03561889880487114,0.03402577036447817,-0.0015931284403929713
2013-04-17,-0.042999116716437524,-0.04516922137288536,-0.0021701046564478327
2013-04-18,-0.03128470912140254,-0.035061408800696754,-0.0037766996792942126
2013-04-19,0.03624869358484912,0.04317401254743118,0.006925318962582062
2013-04-22,0.022595018063288976,0.02164300797837352,-0.0009520100849154563
2013-04-23,0.024645532898561563,0.019437085551457185,-0.005208447347104378
2013-04-24,0.008086294532111713,0.0059203818919410685,-0.0021659126401706447
2013-04-25,-0.00032889190694382033,-0.00169299621316112,-0.0013641043062172997
2013-04-26,0.009652602178313596,0.007086456127391223,-0.002566146050922373
2013-04-29,0.02665982376389803,0.021245673513921655,-0.005414150249976376
2013-04-30,0.01740073152136292,0.014744545535308561,-0.00265618598605436
2013-05-01,-0.014743575710709791,-0.00795542769482374,0.006788148015886052
2013-05-02,0.027659889776948852,0.022886585504080553,-0.0047733042728683
2013-05-03,-0.013966077568274542,-0.014121509623010817,-0.00015543205473627503
2013-05-06,0.012451611316735497,0.012725374410168055,0.00027376309343255835
2013-05-07,0.004397499715853183,0.001131241405129988,-0.003266258310723195
2013-05-08,0.02155527434835754,0.017067805534143284,-0.0044874688142142564
2013-05-09,-0.004615983546435508,-0.003763327619374582,0.0008526559270609258
2013-05-10,-0.02311043952226973,-0.021341986205316788,0.0017684533169529427
2013-05-13,-0.003459857579814502,-0.0019549977288305085,0.0015048598509839937
2013-05-14,0.03155022464828846,0.02516045841492641,-0.00638976623336205
2013-05-15,0.021900658119293693,0.020282417532150813,-0.0016182405871428794
2013-05-16,-0.009830904413354477,-0.009127244505804339,0.000703659907550138
2013-05-17,0.018725983676901373,0.015893531952896844,-0.0028324517240045297
2013-05-20,0.005999156932288403,0.0035895401770142904,-0.0024096167552741126
2013-05-21,0.009332903958898587,0.009529053278529317,0.0001961493196307295
2013-05-22,-0.0289200714141971,-0.02464779318614013,0.00427227822805697
2013-05-23,-0.03900915952163004,-0.03780123089494882,0.0012079286266812178
2013-05-24,0.0009336058221073089,0.001606221686397921,0.0006726158642906122
2013-05-28,0.017708372644134128,0.015099181363898566,-0.0026091912802355625
2013-05-29,-0.024645133962331114,-0.02142178794371547,0.003223346018615642
2013-05-30,-0.009167530064928226,-0.00826302599359607,0.0009045040713321559
2013-05-31,-0.032236088491682746,-0.02565038403411162,0.006585704457571125
2013-06-03,-0.007472773117664649,-0.009772555724754101,-0.002299782607089452
2013-06-04,-0.00969232554819918,-0.008686242253375545,0.0010060832948236356
2013-06-05,-0.05920338513865032,-0.053199471411222256,0.006003913727428062
2013-06-06,0.0028705178195258937,0.0009423402375896972,-0.0019281775819361964
2013-06-07,0.04036025516129191,0.03617911183817108,-0.004181143323120827
2013-06-10,0.009403212217637603,0.007948290104223446,-0.0014549221134141574
2013-06-11,-0.02865640319260277,-0.025860284557919496,0.002796118634683275
2013-06-12,-0.032142968695920836,-0.030993669837960598,0.0011492988579602376
2013-06-13,0.028560065094137423,0.02549267078245879,-0.003067394311678632
2013-06-14,-0.009995955593422541,-0.00944377162350269,0.0005521839699198505
2013-06-17,0.022195890284691096,0.02153971332582083,-0.0006561769588702658
2013-06-18,0.02100431247620705,0.0193721866771525,-0.0016321257990545499
2013-06-19,-0.036436590277554956,-0.03222429061337838,0.0042122996641765775
2013-06-20,-0.08000692087449494,-0.07361915279398976,0.006387768080505188
2013-06-21,-0.025220999069881896,-0.03437262454311935,-0.009151625473237456
2013-06-24,-0.02392890780660555,-0.020523686163036375,0.0034052216435691736
2013-06-25,0.027055357360564188,0.024182363248607633,-0.0028729941119565554
2013-06-26,0.013894787985778607,0.012689047033141972,-0.0012057409526366348
2013-06-27,0.008662635245728457,0.006087451601149744,-0.0025751836445787124
2013-06-28,-0.0013759249199186755,0.000639012870053648,0.0020149377899723233
2013-07-01,0.01696389617759691,0.013366280468314774,-0.003597615709282135
2013-07-02,-0.00016637502307733582,0.0009263490632973067,0.0010927240863746425
2013-07-03,0.0001935836309112467,0.0016683383802547729,0.0014747547493435262
2013-07-05,0.0436590214764718,0.03649288699245676,-0.007166134484015041
2013-07-08,0.0029870101012595034,0.0003523019066256029,-0.0026347081946339005
2013-07-09,0.022610390127624592,0.01810605642870629,-0.004504333698918301
2013-07-10,0.0026112219006986367,0.003046941693478618,0.0004357197927799812
2013-07-11,0.024377189734707677,0.02063136469347694,-0.003745825041230739
2013-07-12,0.006803567629329223,0.0060487076863091176,-0.0007548599430201057
2013-07-15,0.008551159165264248,0.007769878733471852,-0.0007812804317923958
2013-07-16,-0.012971935761055273,-0.008864725180084741,0.004107210580970532
2013-07-17,0.008893315606542362,0.006979217363221047,-0.0019140982433213148
2013-07-18,0.011471935938990109,0.006656447117074406,-0.004815488821915703
2013-07-19,-0.005253036308257969,-0.010277610351268663,-0.005024574043010694
2013-07-22,0.009358209811622557,0.009612810025138219,0.0002546002135156624
2013-07-23,-0.00311865024905341,-0.005761312013687886,-0.002642661764634476
2013-07-24,-0.0014090257514960416,0.0050320070967219376,0.0064410328482179795
2013-07-25,0.004304536314565403,0.0016930478720488856,-0.002611488442516517
2013-07-26,0.002724780092622111,0.005009773842588081,0.0022849937499659703
2013-07-29,-0.014555679112533594,-0.013197042952280493,0.0013586361602531006
2013-07-30,0.012555934152310468,0.0137372701556911,0.0011813360033806324
2013-07-31,-0.0006903541170223609,0.0018205319933338546,0.0025108861103562154
2013-08-01,0.05173718221144471,0.044278411824310734,-0.007458770387133974
2013-08-02,0.017962063531162514,0.019324206430132163,0.001362142898969649
2013-08-05,-0.0035613524554313635,-0.003325027329669227,0.00023632512576213629
2013-08-06,-0.02548703834211093,-0.0222084098590016,0.003278628483109329
2013-08-07,-0.014216728639773937,-0.01071203523475668,0.0035046934050172573
2013-08-08,0.010313842660236588,0.009722656186419782,-0.0005911864738168057
2013-08-09,-0.007725752223147253,-0.007705322823545293,2.042939960195979e-05
2013-08-12,-0.0005922938716948912,0.0003070212003013672,0.0008993150719962585
2013-08-13,0.012393763445239075,0.013019366058164424,0.0006256026129253488
2013-08-14,-0.011295715594149564,-0.008655413733103216,0.0026403018610463482
2013-08-15,-0.04168796890623391,-0.03855419857725273,0.0031337703289811836
2013-08-16,-0.0017158129819936218,0.0010893505054768292,0.002805163487470451
2013-08-19,-0.009195558555802634,-0.006180032965355109,0.0030155255904475257
2013-08-20,0.0067370176484864265,0.005726337550462395,-0.0010106800980240315
2013-08-21,-0.014069766133035287,-0.011890170244599398,0.0021795958884358885
2013-08-22,0.016821511396961242,0.014342104007169504,-0.0024794073897917383
2013-08-23,0.008624089292057819,0.007877462475604599,-0.0007466268164532195
2013-08-26,-0.005215399597869724,-0.004309413045028147,0.0009059865528415773
2013-08-27,-0.055949984613608825,-0.055762763790567174,0.00018722082304165055
2013-08-28,0.013290407399342612,0.014067682002522857,0.000777274603180245
2013-08-29,0.000656150545594234,0.001989660535267675,0.0013335099896734412
2013-08-30,-0.027735592043508634,-0.029739217187424276,-0.0020036251439156418
2013-09-03,0.012574348803514098,0.01249440498085364,-7.994382266045784e-05
2013-09-04,0.016633804093312964,0.01608489845053809,-0.0005489056427748738
2013-09-05,0.007116969503465316,0.006683999489547148,-0.00043297001391816824
2013-09-06,-0.008627468994421635,-0.008200655212067292,0.0004268137823543426
2013-09-09,0.02633894951107684,0.02166453621644783,-0.004674413294629011
2013-09-10,0.02031719473776475,0.017623507647122626,-0.0026936870906421224
2013-09-11,0.007079824770777753,0.0036528257369506196,-0.003426999033827133
2013-09-12,-0.007130563621902922,-0.0050116565800366,0.0021189070418663218
2013-09-13,0.0038239915093556186,0.0023769538637472896,-0.001447037645608329
2013-09-16,0.018945790698168645,0.01436983928382182,-0.004575951414346824
2013-09-17,0.006748923131966978,0.004757985494175582,-0.001990937637791396
2013-09-18,0.04857927962993814,0.04134867474055774,-0.007230604889380397
2013-09-19,0.0031719119572581086,0.003896620767436906,0.0007247088101787974
2013-09-20,-0.03782658264170699,-0.03384881879448289,0.003977763847224099
2013-09-23,-0.014903387009173581,-0.013470220721313615,0.0014331662878599664
2013-09-24,-0.005296168212413968,-0.0025479729721584266,0.0027481952402555413
2013-09-25,-0.0044398697638389694,-0.003679113954998959,0.0007607558088400103
2013-09-26,0.011055197225521141,0.011507889448264148,0.0004526922227430074
2013-09-27,0.002211698620448517,0.005702696379202039,0.003490997758753522
2013-09-30,-0.023535979903978373,-0.02041326591497836,0.003122713989000013
2013-10-01,0.024484660869633273,0.02481238276365486,0.0003277218940215855
2013-10-02,0.005573893988498953,0.005299679909811167,-0.0002742140786877855
2013-10-03,-0.02517880123557485,-0.025757046820001822,-0.0005782455844269736
2013-10-04,0.010434819344526912,0.011012701899603678,0.0005778825550767658
2013-10-07,-0.02465241419471456,-0.02578481335477018,-0.0011323991600556173
2013-10-08,-0.0432975148300852,-0.046916692462400135,-0.0036191776323149377
2013-10-09,-0.013290392167332871,-0.012743068142414882,0.0005473240249179896
2013-10-10,0.05128246999278697,0.052698677000085146,0.0014162070072981786
2013-10-11,0.03299659554640076,0.036389889278916246,0.0033932937325154844
2013-10-14,0.013883798374489692,0.018309239827520613,0.0044254414530309205
2013-10-15,-0.0091773958299558,-0.0048327010871875705,0.004344694742768229
2013-10-16,0.03600471210828914,0.03685777578935131,0.0008530636810621661
2013-10-17,0.03765459071097039,0.04120020781085938,0.003545617099888994
2013-10-18,0.03776614708600809,0.05092391288588296,0.01315776579987487
2013-10-21,0.006237457129316495,0.007528304154336365,0.0012908470250198702
2013-10-22,0.025634558829961965,0.019963240998881658,-0.005671317831080307
2013-10-23,-0.01577687658001665,-0.013804575150237386,0.001972301429779265
2013-10-24,0.01935939613493392,0.01561908693816357,-0.003740309196770349
2013-10-25,0.015554442971180128,0.01575697955597428,0.00020253658479415376
2013-10-28,0.004801754965923439,0.003884053791810988,-0.0009177011741124514
2013-10-29,0.007451778340119443,0.004892024871328828,-0.0025597534687906154
2013-10-30,-0.003087249141278322,0.0035166827204255323,0.0066039318617038545
2013-10-31,-0.019063321672691667,-0.015260588250911613,0.0038027334217800544
2013-11-01,-0.013337217368483633,-0.012204227013017935,0.0011329903554656972
2013-11-04,0.012641599987038434,0.008712586950389806,-0.003929013036648627
2013-11-05,-0.0027008664694264536,0.0017213197265590326,0.004422186195985486
2013-11-06,0.009428834973540263,0.004913473354352933,-0.00451536161918733
2013-11-07,-0.05024456356340995,-0.049074510972095316,0.001170052591314634
2013-11-08,0.023096923462227817,0.021482271117065254,-0.0016146523451625629
2013-11-11,0.0048147352515657315,0.002687136079056265,-0.0021275991725094663
2013-11-12,-0.0038146048615150187,-0.001089299918088559,0.00272530494342646
2013-11-13,0.0445935562627477,0.043327863534937804,-0.0012656927278098945
2013-11-14,0.020188557277168284,0.01809896035307308,-0.0020895969240952057
2013-11-15,0.0009623105867141395,-0.0029276356596315838,-0.0038899462463457234
2013-11-18,-0.010019531290436855,-0.011880829289669622,-0.0018612979992327673
2013-11-19,-0.010984633297647187,-0.010993273483580174,-8.640185932986752e-06
2013-11-20,-0.010750283829193442,-0.008787551366658547,0.001962732462534896
2013-11-21,0.0233277981422654,0.02169221522202441,-0.001635582920240991
2013-11-22,0.024880720175071976,0.024930226567378422,4.950639230644552e-05
2013-11-25,0.007599906610554274,0.01104834108149293,0.0034484344709386563
2013-11-26,0.011519222131060757,0.012830169522978782,0.0013109473919180256
2013-11-27,0.01698115662400676,0.01963078918381563,0.0026496325598088684
2013-11-29,0.007999115350731638,0.011643055554960436,0.003643940204228799
2013-12-02,-0.011651023988636863,-0.009894496261638209,0.0017565277269986548
2013-12-03,-0.020018338427021953,-0.020086616510415874,-6.827808339392172e-05
2013-12-04,-0.006811826429007087,-0.005931317994380422,0.0008805084346266649
2013-12-05,-0.017200198159787135,-0.018210990723777007,-0.001010792563989872
2013-12-06,0.03791587265649612,0.038266178542404834,0.0003503058859087166
2013-12-09,0.012035141556275284,0.013386483993751547,0.0013513424374762637
2013-12-10,-0.006503218366620466,-0.002883965554318532,0.0036192528123019335
2013-12-11,-0.050296517026059216,-0.050595685191156474,-0.00029916816509725774
2013-12-12,-0.014248276671711841,-0.013193861376012287,0.0010544152956995546
2013-12-13,0.0008365008534717698,-6.674334271708001e-06,-0.0008431751877434778
2013-12-16,0.01649025762545794,0.013862471518433757,-0.002627786107024183
2013-12-17,-0.004396792454896892,-0.004588424696131444,-0.00019163224123455204
2013-12-18,0.05119390109141431,0.04473214001528533,-0.0064617610761289745
2013-12-19,-0.010166569855564835,-0.010711657097864213,-0.0005450872422993781
2013-12-20,0.011967354049204999,0.00863155089550843,-0.0033358031536965694
2013-12-23,0.02618284173248538,0.026646737121812758,0.00046389538932737825
2013-12-24,0.005216674929819166,0.002211045093864777,-0.003005629835954389
2013-12-26,0.014121939412282972,0.012832969563956062,-0.0012889698483269096
2013-12-27,0.014173498392296622,0.011874315874366768,-0.002299182517929854
2013-12-30,-0.005693956945353868,-0.0076568626222888745,-0.0019629056769350063
2013-12-31,0.010777401602609045,0.011413626892575145,0.0006362252899661004
2014-01-02,-0.05024949396137382,-0.04929340642757568,0.0009560875337981389
2014-01-03,-0.020344150452056873,-0.026894609558155747,-0.006550459106098874
2014-01-06,-0.01154278505832124,-0.009885019415488742,0.0016577656428324976
2014-01-07,0.021630876126050306,0.018793975774402838,-0.002836900351647468
2014-01-08,0.0039861481172548145,0.004561986502008337,0.0005758383847535228
2014-01-09,-0.011520882455512452,-0.014094121794416836,-0.0025732393389043835
2014-01-10,-0.002299450754020902,-0.006281562934150962,-0.0039821121801300605
2014-01-13,-0.041414563525014235,-0.037097295043847456,0.004317268481166779
2014-01-14,0.043578066618511685,0.04303951520885012,-0.0005385514096615668
2014-01-15,0.02633469102679427,0.02404552675887936,-0.002289164267914909
2014-01-16,0.0028983424329222665,0.0005962281742064537,-0.0023021142587158127
2014-01-17,-0.016388904724588364,-0.016106087457388774,0.00028281726719959
2014-01-21,0.017049573217120195,0.017831231035311184,0.0007816578181909888
2014-01-22,0.004575647777954451,0.0054413639563656415,0.0008657161784111902
2014-01-23,-0.011178902041345008,-0.0077935771377832105,0.0033853249035617978
2014-01-24,-0.06658881451470292,-0.06031770150357269,0.0062711130111302235
2014-01-27,-0.02266624916635673,-0.021558891964955345,0.001107357201401385
2014-01-28,0.014481313641487414,0.007244764530486865,-0.007236549111000549
2014-01-29,-0.00870634131659872,-0.006269574519309574,0.002436766797289147
2014-01-30,0.025586473285876304,0.025925094427757332,0.0003386211418810285
2014-01-31,-0.0021485743674312776,0.0017332487862226763,0.0038818231536539537
2014-02-03,-0.04917821331658591,-0.04482393380386361,0.004354279512722298
2014-02-04,0.01931180307072038,0.019598238871837228,0.000286435801116848
2014-02-05,-0.008864611356280878,-0.00741321993050224,0.0014513914257786378
2014-02-06,0.019138377325571273,0.018913704906134327,-0.00022467241943694566
2014-02-07,0.04731809994681123,0.047117625072083016,-0.00020047487472821257
2014-02-10,0.0005431087435493354,0.00021742521679463564,-0.00032568352675469976
2014-02-11,0.030526241502393615,0.0316210275585722,0.001094786056178583
2014-02-12,-0.011108285349360566,-0.010269280506791755,0.0008390048425688107
2014-02-13,0.041961570493472586,0.042545695656636,0.0005841251631634112
2014-02-14,0.015080702587761783,0.015655341551441233,0.0005746389636794493
2014-02-18,0.023506810665020243,0.02394425216330483,0.0004374414982845874
2014-02-19,-0.028302653363948858,-0.02740853547744557,0.0008941178865032873
2014-02-20,0.015222716755856815,0.011446052376284252,-0.0037766643795725634
2014-02-21,0.0020846270443901356,0.0024664252045393954,0.00038179816014925977
2014-02-24,0.023828005324933878,0.024120634006220148,0.0002926286812862701
2014-02-25,0.006057963446085085,0.0049635894924477935,-0.0010943739536372916
2014-02-26,0.0022746043985403894,-0.00034526802585232053,-0.00261987242439271
2014-02-27,0.024184214751192513,0.02064644642882812,-0.0035377683223643923
2014-02-28,0.016489928160370117,0.018531144293335633,0.0020412161329655155
2014-03-03,-0.023166798510138472,-0.02216067950610799,0.0010061190040304806
2014-03-04,0.028296792876055823,0.022109225884766853,-0.0061875669912889696
2014-03-05,0.0132505880599338,0.016005829166816688,0.0027552411068828882
2014-03-06,0.013946496992174044,0.015264354533049316,0.001317857540875272
2014-03-07,-0.012505736637586317,-0.015197097934777313,-0.0026913612971909955
2014-03-10,-0.004731290756503884,-0.0034386562307869464,0.0012926345257169374
2014-03-11,-0.011623677631066108,-0.008888310002387226,0.0027353676286788822
2014-03-12,0.009421918969599489,0.00972267380161004,0.00030075483201055103
2014-03-13,-0.021310032584057954,-0.021624909463288815,-0.0003148768792308604
2014-03-14,-0.01869476224065568,-0.025289027283263734,-0.006594265042608054
2014-03-17,0.02794929652779096,0.027349520823602633,-0.000599775704188326
2014-03-18,0.02960643281739772,0.029574096419895963,-3.233639750175807e-05
2014-03-19,-0.04784274552799956,-0.04653253872689289,0.0013102068011066684
2014-03-20,0.012491790404220297,0.01248155938058404,-1.0231023636257316e-05
2014-03-21,-0.026002738479335746,-0.03199430404409019,-0.005991565564754445
2014-03-24,-0.014656510761235107,-0.012669979425082715,0.001986531336152392
2014-03-25,0.007883752967361145,0.00897705313168849,0.0010933001643273453
2014-03-26,-0.01984792571671137,-0.020273204599464655,-0.0004252788827532848
2014-03-27,-0.009918720505927795,-0.015561434464975295,-0.0056427139590475
2014-03-28,-0.0003307379631762313,-0.00030346889214991887,2.726907102631245e-05
2014-03-31,0.021901260699146087,0.019600938050771424,-0.0023003226483746635
2014-04-01,0.037357835032472905,0.04532345635628506,0.007965621323812157
2014-04-02,-0.004553242836329049,-0.005552510065932906,-0.0009992672296038566
2014-04-03,-0.014373181085044763,-0.016199358784742955,-0.0018261776996981918
2014-04-04,-0.04872096630402754,-0.05734342523173425,-0.008622458927706717
2014-04-07,-0.02075349514088834,-0.01940739371373448,0.0013461014271538597
2014-04-08,0.007422195965031933,0.009393249970618172,0.001971054005586239
2014-04-09,0.03793197138947794,0.041630615117428084,0.003698643727950146
2014-04-10,-0.020027218632686514,-0.02115506367288191,-0.001127845040195398
2014-04-11,-0.04115181559667056,-0.04300494376378614,-0.0018531281671155808
2014-04-14,0.007172849113767727,0.00736969050399488,0.00019684139022715236
2014-04-15,0.00978523176169814,0.006828241432010125,-0.0029569903296880152
2014-04-16,0.033897709538369215,0.03983212223848647,0.005934412700117256
2014-04-17,-0.008409664719267757,-0.010829729974124543,-0.0024200652548567857
2014-04-21,0.00599483375060616,0.007900943160609861,0.0019061094100037007
2014-04-22,0.018025205990622566,0.01955676254416925,0.001531556553546684
2014-04-23,0.004763887394993769,0.004908879022036725,0.00014499162704295632
2014-04-24,0.005204646471422507,0.011722143050266708,0.006517496578844201
2014-04-25,-0.025472335669833774,-0.028397239661939504,-0.0029249039921057304
2014-04-28,0.007342930379589665,0.00848609642972694,0.0011431660501372747
2014-04-29,0.020170496810811196,0.023816756021198673,0.003646259210387477
2014-04-30,0.02711081580012335,0.033031974045218314,0.0059211582450949644
2014-05-01,0.004794681952189985,0.005272516373249685,0.0004778344210597
2014-05-02,0.0019685003559763692,0.005892308744323595,0.003923808388347225
2014-05-05,0.008263501885088242,0.01135519260343435,0.0030916907183461077
2014-05-06,-0.012251109709950577,-0.010040407344031816,0.0022107023659187607
2014-05-07,0.002620671895860307,-0.0001720176862839172,-0.0027926895821442244
2014-05-08,0.0042103070860654655,0.007584955220269258,0.0033746481342037922
2014-05-09,-0.014405260273906378,-0.018223170170130865,-0.0038179098962244865
2014-05-12,0.03163547639814655,0.035991669465837886,0.004356193067691333
2014-05-13,0.018209900585722496,0.022531943937234063,0.0043220433515115675
2014-05-14,-0.004906432278926045,-0.006355656635451369,-0.0014492243565253238
2014-05-15,-0.025401891465526794,-0.026414856604369763,-0.0010129651388429695
2014-05-16,-0.0003156342498347499,-0.001018745252537841,-0.0007031110027030912
2014-05-19,0.020521143829414633,0.02661800772893361,0.006096863899518978
2014-05-20,-0.01402524658350974,-0.00810816260684136,0.00591708397666838
2014-05-21,0.022525337675743377,0.02710193978582553,0.004576602110082154
2014-05-22,0.013726354264882149,0.011971023100233314,-0.001755331164648835
2014-05-23,0.0211783578167352,0.02646398433347855,0.005285626516743351
2014-05-27,0.02403296771885268,0.02808387548342814,0.004050907764575458
2014-05-28,0.024049146417315873,0.027883661230125117,0.003834514812809244
2014-05-29,0.01695321501782986,0.017536860928591153,0.0005836459107612935
2014-05-30,-0.0018949047083368893,-0.00027321292257187263,0.0016216917857650166
2014-06-02,-0.017818976758590153,-0.01811787152138329,-0.0002988947627931386
2014-06-03,-0.023004882378436287,-0.024147611685817662,-0.0011427293073813759
2014-06-04,0.005444577544024411,0.005575349366667869,0.0001307718226434577
2014-06-05,0.03979299890819421,0.0398924557197514,9.945681155718727e-05
2014-06-06,0.013907374430904375,0.012076127324463249,-0.0018312471064411261
2014-06-09,-0.009457563930157505,-0.01986065071160899,-0.010403086781451486
2014-06-10,-0.008392486077497832,-0.009351602179569289,-0.0009591161020714566
2014-06-11,0.001712654339915169,0.005400909925434984,0.0036882555855198146
2014-06-12,-0.01995400064653386,-0.024150433102129144,-0.004196432455595284
2014-06-13,0.019433945912125435,0.019942318906801582,0.000508372994676147
2014-06-16,-0.0027129910950121233,-0.007551712082194606,-0.004838720987182483
2014-06-17,-0.011548439264476762,-0.017382805964438128,-0.0058343666999613655
2014-06-18,0.03640736902085375,0.03503061604301322,-0.0013767529778405327
2014-06-19,0.016108074689562112,0.016004077334460087,-0.00010399735510202568
2014-06-20,-0.003793937087075744,-0.006518961418808736,-0.002725024331732992
2014-06-23,-0.007750194364557338,-0.009581884780321325,-0.0018316904157639879
2014-06-24,-0.004753316269350537,0.0015397653039471884,0.006293081573297726
2014-06-25,0.03114550727801208,0.03626713677584988,0.005121629497837801
2014-06-26,0.02078147953423489,0.028006481127172765,0.007225001592937874
2014-06-27,0.010443295059493072,0.01184470117289342,0.0014014061134003473
2014-06-30,0.0069522783423846685,0.008133815628358234,0.0011815372859735659
2014-07-01,0.023671240387814214,0.027393651831936382,0.003722411444122168
2014-07-02,-0.010111396027129814,-0.009479110866969074,0.0006322851601607404
2014-07-03,0.015375936195921576,0.017552085664593042,0.0021761494686714667
2014-07-07,0.0003798457299584145,0.012013883940557371,0.011634038210598956
2014-07-08,0.0013610060851439547,0.00856047719395574,0.007199471108811786
2014-07-09,0.020666910204247393,0.02493475883201262,0.004267848627765226
2014-07-10,-0.0031894810895533336,0.0010746836558784398,0.004264164745431774
2014-07-11,0.010780238899714426,0.014164869124924654,0.0033846302252102285
2014-07-14,0.001754735446416524,0.00178252370127311,2.7788254856585867e-05
2014-07-15,-0.012337217977759175,-0.007892055817106938,0.004445162160652237
2014-07-16,0.014193021586181334,0.017617778452340728,0.0034247568661593935
2014-07-17,-0.004397455796746869,0.0002861161537200759,0.004683571950466945
2014-07-18,0.02888267559124286,0.02992006526738666,0.0010373896761438003
2014-07-21,-0.0015079539690467146,-0.0006611307365655221,0.0008468232324811925
2014-07-22,0.036372543180270674,0.038018700677121695,0.001646157496851021
2014-07-23,0.012193785445873117,0.012160482723029869,-3.330272284324774e-05
2014-07-24,-0.04137229495771719,-0.048317263922545976,-0.006944968964828789
2014-07-25,0.010110176864103307,0.014984550573073345,0.0048743737089700385
2014-07-28,-0.014732846759041693,-0.0134142723264057,0.0013185744326359924
2014-07-29,0.005938575581405884,0.004564863014473484,-0.0013737125669324004
2014-07-30,-0.04497556637716107,-0.051569346583872126,-0.0065937802067110585
2014-07-31,-0.062351569245258226,-0.05412651686861097,0.008225052376647259
2014-08-01,-0.012343917018990694,-0.009936498463746413,0.002407418555244281
2014-08-04,0.020177670304097336,0.013813915824913469,-0.006363754479183867
2014-08-05,-0.02220682582852402,-0.017587426313884096,0.004619399514639924
2014-08-06,0.006194638902799341,0.004106750450448263,-0.002087888452351078
2014-08-07,-0.00610617915613014,-0.002146212791440716,0.003959966364689423
2014-08-08,0.024012429031846784,0.015130716207199033,-0.008881712824647751
2014-08-11,0.016399034545407986,0.01280795130833474,-0.0035910832370732466
2014-08-12,-0.00568488271160503,-0.001972920688972866,0.0037119620226321636
2014-08-13,0.047047780670880196,0.04255186593962658,-0.004495914731253617
2014-08-14,0.012517716748700475,0.00875892483858588,-0.003758791910114594
2014-08-15,0.02586612268355838,0.027729316803352652,0.0018631941197942738
2014-08-18,0.009922197419465758,0.004180834592078935,-0.005741362827386823
2014-08-19,0.01874576672347528,0.014379921846951253,-0.004365844876524028
2014-08-20,-0.0033977534979983664,-0.0031289905932437023,0.00026876290475466406
2014-08-21,0.009213707297126303,0.007645338658643254,-0.0015683686384830482
2014-08-22,-0.004909326881354472,-0.003450398904967733,0.0014589279763867393
2014-08-25,0.026866883409728138,0.02146241947755958,-0.005404463932168559
2014-08-26,0.005195269796326363,0.00015726105992968625,-0.005038008736396677
2014-08-27,0.016674935091662197,0.01597650080792747,-0.0006984342837347279
2014-08-28,0.005783081279166683,0.0073534713612117475,0.0015703900820450648
2014-08-29,0.01791998652548052,0.01334552483973835,-0.00457446168574217
2014-09-02,-0.02314498965746139,-0.01964806148739082,0.0034969281700705686
2014-09-03,-2.5061610369669334e-05,-0.0012070254405233656,-0.0011819638301536963
2014-09-04,-0.010630514611136194,-0.00940498637573113,0.0012255282354050635
2014-09-05,0.028308825781639818,0.025767613384051223,-0.002541212397588595
2014-09-08,-0.004268820497741624,-0.002699315690084454,0.0015695048076571705
2014-09-09,-0.03448993227548231,-0.028701214779371226,0.005788717496111085
2014-09-10,0.0008978122510140017,-0.00038457691521995177,-0.0012823891662339534
2014-09-11,0.012810940253099385,0.00874959086557653,-0.004061349387522855
2014-09-12,-0.03794392481152002,-0.033832128995022734,0.004111795816497288
2014-09-15,-0.003481946220332952,-0.002361284072465633,0.0011206621478673192
2014-09-16,0.024396526716506745,0.021541359162055164,-0.0028551675544515806
2014-09-17,0.0033335706207451242,0.0005534902249290864,-0.002780080395816038
2014-09-18,0.008329517659213798,0.007254162604170736,-0.0010753550550430622
2014-09-19,0.025836869217922647,0.02243627457767046,-0.003400594640252188
2014-09-22,-0.015803277039541933,-0.008591581529602581,0.007211695509939352
2014-09-23,-0.005901152328609078,-0.0010070935035102443,0.004894058825098834
2014-09-24,0.014528862568457174,0.00898488292962089,-0.0055439796388362834
2014-09-25,-0.01582443954195108,-0.010887414053304957,0.004937025488646123
2014-09-26,0.023119845346520708,0.019030787667814845,-0.0040890576787058625
2014-09-29,2.3826608127287332e-05,0.00023055839137817345,0.00020673178325088612
2014-09-30,-0.007267506137085283,-0.0011337772577370317,0.006133728879348252
2014-10-01,-0.009137841889712787,-0.005005846576775076,0.004131995312937711
2014-10-02,-0.027425596405758156,-0.030973720552161344,-0.003548124146403188
2014-10-03,0.054822009132697275,0.046062849974183244,-0.00875915915851403
2014-10-06,-0.003864763323433656,-0.0004565747153530055,0.0034081886080806504
2014-10-07,-0.03498822098812732,-0.025714438822406455,0.009273782165720869
2014-10-08,0.06095790808364849,0.056321502595828014,-0.004636405487820475
2014-10-09,-0.052607094172184156,-0.03941724868919749,0.013189845482986663
2014-10-10,-0.009116183305033368,-0.01030356768180779,-0.001187384376774422
2014-10-13,-0.020555905747048506,-0.017294922858501333,0.0032609828885471724
2014-10-14,0.013497227035917148,0.007787797034356608,-0.0057094300015605405
2014-10-15,-0.00528614171781856,-0.015196782149197853,-0.009910640431379292
2014-10-16,-0.00768553226784437,-0.017596182899360824,-0.009910650631516454
2014-10-17,0.014487445692399039,0.01696308408279824,0.0024756383903992013
2014-10-20,0.030034531220028495,0.031353695156142766,0.001319163936114271
2014-10-21,0.0652170327532297,0.06785287670324705,0.0026358439500173553
2014-10-22,-0.024514024818576775,-0.0149504682088846,0.009563556609692174
2014-10-23,0.015026583199952624,0.010182827743992259,-0.004843755455960365
2014-10-24,0.015057535727208417,0.01724192754358009,0.002184391816371674
2014-10-27,0.004357546742933244,0.00605355588027513,0.0016960091373418862
2014-10-28,0.012077838410360841,0.007115537632477204,-0.004962300777883637
2014-10-29,-0.015060582374468723,-0.010697579880055041,0.004363002494413681
2014-10-30,0.012577202829566533,0.004845560606545414,-0.0077316422230211184
2014-10-31,0.03571719758737244,0.030999330055511344,-0.004717867531861097
2014-11-03,0.01338852876419152,0.015845101111985588,0.0024565723477940685
2014-11-04,-0.0011276939485466713,0.0007849384767692187,0.00191263242531589
2014-11-05,0.017122866286568787,0.01653174982899338,-0.0005911164575754073
2014-11-06,0.01150403662158404,0.007315839624103756,-0.004188196997480284
2014-11-07,0.00903525150499548,0.005146400279167425,-0.0038888512258280555
2014-11-10,-0.003325661082766317,-0.005350395619375405,-0.002024734536609088
2014-11-11,-0.001610591922930428,-0.0025657353799497574,-0.0009551434570193294
2014-11-12,0.004066704651329656,0.003917886826613829,-0.00014881782471582675
2014-11-13,0.02414450653865585,0.028590349293759976,0.004445842755104127
2014-11-14,0.010330387503618529,0.009464505942381194,-0.000865881561237335
2014-11-17,0.00012165618507768625,0.0016120337179300899,0.0014903775328524037
2014-11-18,0.01987574031304282,0.021647625596548946,0.0017718852835061256
2014-11-19,-0.007092583362923761,-0.007827242956202345,-0.0007346595932785837
2014-11-20,0.014129981088437948,0.012223896859526082,-0.0019060842289118658
2014-11-21,0.027617593932729077,0.023011013039668446,-0.004606580893060631
2014-11-24,0.018053351105798674,0.019469265109623053,0.001415914003824379
2014-11-25,0.028880013722637883,0.036051011035428904,0.007170997312791021
2014-11-26,0.02064667717035825,0.025095188213850827,0.004448511043492576
2014-11-28,0.058348502728652496,0.0737315471988839,0.015383044470231408
2014-12-01,-0.04520165519645436,-0.03496085915282599,0.010240796043628368
2014-12-02,-0.0020782907268988406,-0.0037503185566157425,-0.001672027829716902
2014-12-03,0.014640538177903646,0.00979128543602823,-0.004849252741875417
2014-12-04,0.012028857493350245,0.014182414471387381,0.0021535569780371366
2014-12-05,-0.011175679711879145,-0.011564197000696892,-0.0003885172888177472
2014-12-08,0.0018134184952418593,0.007349709689163221,0.005536291193921361
2014-12-09,0.009085939492605156,0.005317022333691613,-0.003768917158913543
2014-12-10,-0.030365157376171088,-0.01820448466606928,0.012160672710101808
2014-12-11,0.010790699974832946,0.00817541031545924,-0.0026152896593737065
2014-12-12,0.005334215029556726,0.008991442449879393,0.003657227420322667
2014-12-15,-0.026369506293633445,-0.02145742987569945,0.004912076417933994
2014-12-16,-0.011999441719515117,-0.01386460982753977,-0.001865168108024652
2014-12-17,0.016224054008369817,0.004492601249463618,-0.011731452758906198
2014-12-18,0.025527789620077374,0.017711520878179947,-0.007816268741897427
2014-12-19,0.014323572906676362,0.006121991819153085,-0.008201581087523276
2014-12-22,0.017322433677428403,0.015092710538992674,-0.0022297231384357293
2014-12-23,-0.003187105477595233,-0.0032412467719388485,-5.4141294343615625e-05
2014-12-24,0.005517848723265145,0.005980228823161244,0.0004623800998960984
2014-12-26,0.01529684690011023,0.014053898178519436,-0.0012429487215907947
2014-12-29,0.024401420476144967,0.023635218560315738,-0.0007662019158292295
2014-12-30,-0.016265965107230447,-0.014430051438038247,0.0018359136691921997
2014-12-31,-0.028297630784658107,-0.02981700064968485,-0.0015193698650267443
2015-01-02,0.03543120676255579,0.031281015801719145,-0.004150190960836644
2015-01-05,-0.002977353908923277,0.0044141314472303855,0.007391485356153663
2015-01-06,0.0059088374422713264,0.007019489467751832,0.001110652025480506
2015-01-07,0.036324461741030815,0.03603221477848436,-0.0002922469625464552
2015-01-08,0.03234937079227879,0.02930152335439905,-0.0030478474378797353
2015-01-09,-0.004745933070041195,-0.004400455378980166,0.000345477691061029
2015-01-12,0.017131965908727793,0.01820195052804008,0.001069984619312285
2015-01-13,0.023066773822050093,0.02648238866590611,0.003415614843856017
2015-01-14,-0.012311496907510034,-0.011929939188418505,0.00038155771909152876
2015-01-15,0.03432990395596347,0.041662541699813024,0.007332637743849554
2015-01-16,-0.05106167457522898,-0.055519312831541774,-0.004457638256312797
2015-01-20,0.024914002911032015,0.030561219272566713,0.005647216361534698
2015-01-21,0.007880297080808805,0.007396250502984135,-0.0004840465778246702
2015-01-22,0.08309450243542434,0.08758946780219783,0.00449496536677349
2015-01-23,0.048250011462407136,0.05189805641381076,0.0036480449514036256
2015-01-26,-0.015075829358181907,-0.01890986661866421,-0.0038340372604823043
2015-01-27,-0.04793585264351731,-0.045100270848171656,0.002835581795345654
2015-01-28,0.008129888841626748,0.014706301666965247,0.006576412825338499
2015-01-29,0.018583610832036825,0.014264128957896648,-0.004319481874140177
2015-01-30,-0.014484267020556992,-0.014273446184169038,0.00021082083638795414
2015-02-02,0.021124003526968582,0.012991592270150565,-0.008132411256818017
2015-02-03,-0.027771685187974047,-0.023937831723667154,0.003833853464306893
2015-02-04,0.002410105766262955,0.004676544298237814,0.002266438531974859
2015-02-05,0.007432287759555005,0.00040458895924882745,-0.007027698800306178
2015-02-06,-0.05200830662274683,-0.04017557253909141,0.01183273408365542
2015-02-09,-0.015140283439044232,-0.010542507910144926,0.004597775528899306
2015-02-10,0.024216939436434538,0.018699679975394914,-0.005517259461039623
2015-02-11,0.0071934700421004425,0.006632909627090433,-0.0005605604150100097
2015-02-12,0.02022320273849541,0.012638968020466736,-0.0075842347180286734
2015-02-13,-0.002285997279324409,-0.003887923788107005,-0.001601926508782596
2015-02-17,-0.019523406587085033,-0.0152545749408195,0.004268831646265533
2015-02-18,0.013566120392444687,0.010210500761939151,-0.0033556196305055356
2015-02-19,-0.0012930613778873914,-0.0010664432057474926,0.00022661817213989873
2015-02-20,0.0104941503096929,0.007658518345655432,-0.0028356319640374687
2015-02-23,0.017975352983584377,0.016338827045987457,-0.00163652593759692
2015-02-24,0.01954129899801413,0.0150216474256841,-0.004519651572330028
2015-02-25,-0.01403360338115397,-0.017047652749406648,-0.003014049368252678
2015-02-26,-0.00029177712899954467,0.0016345056254430156,0.0019262827544425602
2015-02-27,-0.002115992922173063,-0.0009825853558700754,0.0011334075663029875
2015-03-02,0.007366331894267626,0.0071403684602320446,-0.0002259634340355818
2015-03-03,-0.02348684645995407,-0.019180157072338336,0.004306689387615734
2015-03-04,-0.014400063407543115,-0.012739720265275978,0.0016603431422671372
2015-03-05,0.009834539183602359,0.005281217837680862,-0.004553321345921497
2015-03-06,-0.041694177752032865,-0.03083370551734146,0.010860472234691405
2015-03-09,0.017973543546044895,0.01582784082368715,-0.002145702722357746
2015-03-10,-0.021271143066578856,-0.017265615093001428,0.004005527973577429
2015-03-11,0.0013112862812494133,-0.002189178275053265,-0.0035004645563026784
2015-03-12,0.023061854746738445,0.016730496403953063,-0.006331358342785382
2015-03-13,0.008838214647383383,0.009536486703170984,0.0006982720557876
2015-03-16,0.0283757943169711,0.022755661770909135,-0.005620132546061966
2015-03-17,0.0055330078408758355,0.006797909584469329,0.0012649017435934938
2015-03-18,0.03183312542631567,0.023395748564877757,-0.00843737686143791
2015-03-19,0.003013516668562758,0.004913148677422181,0.0018996320088594228
2015-03-20,0.015399612686523052,0.011751457773476621,-0.003648154913046431
2015-03-23,-0.012190444419616643,-0.00922903835968101,0.0029614060599356326
2015-03-24,-0.005300660010500788,-0.004512180846628192,0.000788479163872596
2015-03-25,-0.05133623782516796,-0.04294428474914842,0.008391953076019538
2015-03-26,-0.022590402844354804,-0.019442403070894745,0.0031479997734600584
2015-03-27,0.01870954839246897,0.015730972475190064,-0.0029785759172789063
2015-03-30,0.028173455320045407,0.020189650607985513,-0.007983804712059894
2015-03-31,-0.009587698079303097,-0.0072984525348731,0.0022892455444299973
2015-04-01,-0.003891688960273338,-0.0028133264044678617,0.0010783625558054765
2015-04-02,-0.005496687691894385,-0.006279212799317722,-0.0007825251074233376
2015-04-06,0.01280391645296411,0.008331876844903389,-0.00447203960806072
2015-04-07,-0.0037752537753147457,-0.004632919835853399,-0.0008576660605386531
2015-04-08,0.018680397915497807,0.017855106878858742,-0.0008252910366390656
2015-04-09,0.006903134189035136,0.004434179779423772,-0.0024689544096113637
2015-04-10,0.018815378385809316,0.014150218170566036,-0.00466516021524328
2015-04-13,0.004743079282564183,0.005178229317508274,0.0004351500349440915
2015-04-14,-0.010709246724807006,-0.013050516653586143,-0.002341269928779137
2015-04-15,0.005636018635261762,0.0009424748956734033,-0.004693543739588359
2015-04-16,-0.0038695467631004094,-0.0036671363981861105,0.00020241036491429895
2015-04-17,-0.03512377027918415,-0.029374326458681987,0.005749443820502159
2015-04-20,0.018291307251306437,0.017916222984168024,-0.0003750842671384133
2015-04-21,0.007585864685795723,0.010247255433623762,0.0026613907478280395
2015-04-22,-0.006032132636130713,-0.005234578593987005,0.0007975540421437085
2015-04-23,0.0014734993497058117,-0.00013049396103030465,-0.0016039933107361163
2015-04-24,0.023742668002426512,0.027400065352193356,0.0036573973497668437
2015-04-27,-0.004860419227277361,-0.0021008957510262392,0.002759523476251122
2015-04-28,-0.007806924687304292,-0.007515010084586147,0.00029191460271814525
2015-04-29,-0.03505581667010543,-0.03254853343934191,0.0025072832307635254
2015-04-30,-0.04029428048019009,-0.03365918384719265,0.006635096632997439
2015-05-01,0.02099072229573493,0.018626296855299776,-0.0023644254404351535
2015-05-04,0.00626792596841532,0.0045719193584246,-0.0016960066099907202
2015-05-05,-0.028773894357751368,-0.023066024183052987,0.005707870174698381
2015-05-06,-0.021955387954370048,-0.018844216446351335,0.0031111715080187133
2015-05-07,0.0056179592155952635,0.005481371130745728,-0.00013658808484953537
2015-05-08,0.03444593502572978,0.025465867377982034,-0.008980067647747749
2015-05-11,-0.011211026155753829,-0.008101513718709543,0.0031095124370442862
2015-05-12,-0.009735219037627873,-0.009763345930052583,-2.8126892424710365e-05
2015-05-13,0.005116983018379929,0.005209007856361791,9.20248379818623e-05
2015-05-14,0.032131853976745714,0.0290060514282217,-0.003125802548524015
2015-05-15,0.011175259191125917,0.009090911928557687,-0.0020843472625682296
2015-05-18,0.0005132862818505913,0.00014259154625463123,-0.0003706947355959601
2015-05-19,-0.004935270207110739,-0.002211349154755065,0.0027239210523556743
2015-05-20,0.0028588152178012595,0.002304595759956585,-0.0005542194578446744
2015-05-21,0.009896227087406208,0.008828683046745615,-0.001067544040660593
2015-05-22,-0.002394609868838998,-0.0010731178909922671,0.0013214919778467308
2015-05-26,-0.0175814709588209,-0.014501840612066282,0.003079630346754618
2015-05-27,0.025244981352837148,0.02674616508008856,0.0015011837272514116
2015-05-28,0.0023024509950656685,0.0022632842145699343,-3.9166780495734216e-05
2015-05-29,-0.012358163348933247,-0.010932516071278566,0.0014256472776546809
2015-06-01,-8.138651204620139e-05,0.0009276715997161704,0.0010090581117623719
2015-06-02,-0.029001967124811522,-0.03258374199325452,-0.0035817748684429974
2015-06-03,-0.006538021889725857,-0.008537899723349868,-0.0019998778336240107
2015-06-04,-0.01495755186802533,-0.011278048725064589,0.003679503142960741
2015-06-05,-0.013747703335084628,-0.0187560004086504,-0.005008297073565772
2015-06-08,-0.025226571719507897,-0.024165386140146756,0.0010611855793611416
2015-06-09,-0.006467101754188048,-0.005840546783911455,0.0006265549702765931
2015-06-10,0.014752243114944366,0.01262325783963881,-0.002128985275305556
2015-06-11,0.013649901967031785,0.012996074257486685,-0.0006538277095451007
2015-06-12,-0.012852478438562239,-0.010836735223740524,0.0020157432148217146
2015-06-15,-0.013036810216003846,-0.012928397653216192,0.00010841256278765372
2015-06-16,0.010723528996525044,0.00937169383479243,-0.0013518351617326143
2015-06-17,0.006438917969358417,0.005665543062146683,-0.000773374907211734
2015-06-18,0.03115656399509377,0.0317284954599992,0.0005719314649054313
2015-06-19,-0.0021633555147790593,-0.0025133245628508453,-0.000349969048071786
2015-06-22,0.00823419840401203,0.006354853641336409,-0.0018793447626756212
2015-06-23,-0.004487040113663418,-0.005395852165736922,-0.0009088120520735037
2015-06-24,-0.015949260640421875,-0.010830283399768761,0.005118977240653114
2015-06-25,-0.009292189154021465,-0.00617477695454499,0.0031174121994764752
2015-06-26,-0.004160228843046605,-0.005206262332767063,-0.0010460334897204578
2015-06-29,-0.044348181598049236,-0.038921015594353715,0.00542716600369552
2015-06-30,-0.0017705313315317256,-0.005555819456929413,-0.0037852881253976874
2015-07-01,0.02269966093977249,0.02886782563907231,0.00616816469929982
2015-07-02,0.0029994652780707285,0.003188791904447523,0.00018932662637679426
2015-07-06,0.0008862803385703431,0.004897356276278341,0.004011075937707997
2015-07-07,0.01447707249872276,0.011642547211798478,-0.002834525286924282
2015-07-08,-0.03683613822804271,-0.03332852963472032,0.0035076085933223866
2015-07-09,-0.009927112739474057,-0.017021892413138548,-0.007094779673664491
2015-07-10,0.022562297911946836,0.024391327838723095,0.0018290299267762593
2015-07-13,0.03322644879625971,0.038625561085884344,0.005399112289624634
2015-07-14,0.015841635988202124,0.016142940079906257,0.00030130409170413264
2015-07-15,0.013273367503538882,0.021578881574106545,0.008305514070567663
2015-07-16,0.026771445687290736,0.032023928562674366,0.0052524828753836295
2015-07-17,0.00958875067125034,0.017284833687047776,0.007696083015797436
2015-07-20,0.0006314794551080746,0.0046976714443423126,0.004066191989234238
2015-07-21,-0.010748914848829167,-0.00647973096515684,0.0042691838836723265
2015-07-22,-0.021458478071188693,-0.021909869730013857,-0.00045139165882516347
2015-07-23,-0.008894187002137177,-0.0063116543140765684,0.0025825326880606087
2015-07-24,-0.019343708489506926,-0.010813584263176256,0.00853012422633067
2015-07-27,-0.014524984740715162,-0.010084734767082356,0.004440249973632807
2015-07-28,0.006803452702057001,-0.001063927330124297,-0.007867380032181298
2015-07-29,0.013501732510068646,0.009989251515921786,-0.0035124809941468604
2015-07-30,0.011005459784539312,0.011578360709534165,0.0005729009249948527
2015-07-31,0.00798766077760382,0.008684256810683093,0.0006965960330792727
2015-08-03,-0.003404022466063199,9.397716732638647e-05,0.0034979996333895855
2015-08-04,-0.011371838224558182,-0.00981196322575474,0.001559874998803442
2015-08-05,0.014400533263905052,0.016172830422546542,0.0017722971586414896
2015-08-06,-0.022265454125514363,-0.021150190900316963,0.0011152632251974007
2015-08-07,-0.007306502444702842,-0.001802840414969752,0.0055036620297330896
2015-08-10,0.01594088892843683,0.00841312235811919,-0.00752776657031764
2015-08-11,-0.0016704933506349387,0.0008796928535734885,0.0025501862042084274
2015-08-12,-0.018329755386012225,-0.020840869108023283,-0.0025111137220110574
2015-08-13,-0.010923885093966612,-0.00684842110475722,0.004075463989209392
2015-08-14,0.008597033618451596,0.007227153432218386,-0.0013698801862332098
2015-08-17,0.01741280327970136,0.015946068468357243,-0.0014667348113441177
2015-08-18,-0.0035622922256288133,-0.0009797212366167997,0.0025825709890120135
2015-08-19,0.012439995864097683,0.019743135236554524,0.007303139372456842
2015-08-20,-0.03915099433217715,-0.03428748060717964,0.004863513724997506
2015-08-21,-0.055589980986038956,-0.0600038732332603,-0.004413892247221343
2015-08-24,-0.01885780721664831,-0.011323951467865637,0.007533855748782674
2015-08-25,-0.034095280259649974,-0.0306343684142148,0.003460911845435174
2015-08-26,0.046862598595754465,0.048570319974252436,0.0017077213784979714
2015-08-27,-0.001996288290878251,-0.011448434101429239,-0.009452145810550988
2015-08-28,-0.01914425343486177,-0.02641487820519746,-0.0072706247703356874
2015-08-31,-0.013226147520464127,-0.015160112162999168,-0.0019339646425350406
2015-09-01,-0.040106591553011675,-0.03769021146932641,0.002416380083685263
2015-09-02,0.04154027508119164,0.04633843746992468,0.0047981623887330405
2015-09-03,0.0036297843739967377,0.002762661279494735,-0.0008671230945020026
2015-09-04,-0.0033710353858930806,-0.0004979623338871789,0.0028730730520059016
2015-09-08,0.013632530513914094,0.011832940251788705,-0.0017995902621253893
2015-09-09,-0.02200149769337327,-0.018993273445842097,0.003008224247531173
2015-09-10,0.005885907281101458,0.006606315924009158,0.0007204086429076998
2015-09-11,0.01676448513415285,0.019708531995158075,0.0029440468610052242
2015-09-14,-0.004609163150891056,-0.0021532774370615795,0.0024558857138294765
2015-09-15,-0.005336164712784166,-0.009708004095563423,-0.004371839382779257
2015-09-16,-0.0028727129526327703,-0.009775180134584437,-0.006902467181951666
2015-09-17,0.011414018528664995,0.011493181240827306,7.91627121623107e-05
2015-09-18,-0.014509049849380212,-0.015835852242131625,-0.0013268023927514132
2015-09-21,0.01299173744946613,0.020762300824022032,0.007770563374555901
2015-09-22,-0.0053951349333485246,-0.001444699888892423,0.0039504350444561015
2015-09-23,0.015278343700161037,0.026132586602513778,0.010854242902352741
2015-09-24,-0.0046808485692665215,-0.004988237111630186,-0.00030738854236366485
2015-09-25,-0.005512031043997667,-0.0015905633538395225,0.003921467690158145
2015-09-28,-0.027241615791393288,-0.020755865594203123,0.006485750197190165
2015-09-29,0.014480357971601398,0.018395187169651394,0.003914829198049996
2015-09-30,0.014718413131581079,0.012800485032149197,-0.0019179280994318822
2015-10-01,-1.3624146679910699e-05,0.002599614782361563,0.002613238929041474
2015-10-02,0.023656510960683892,0.016969709208739286,-0.0066868017519446064
2015-10-05,0.008999597651408288,0.0005628857746831703,-0.008436711876725117
2015-10-06,-0.011654473940799208,-0.014274181481408535,-0.002619707540609327
2015-10-07,-0.0031907664054289958,-0.010602688455661473,-0.0074119220502324775
2015-10-08,0.00125781894629938,-0.002937606148015872,-0.004195425094315252
2015-10-09,0.0031951859407340255,0.0038141074508632137,0.0006189215101291882
2015-10-12,0.022381717003817445,0.032244720117821105,0.00986300311400366
2015-10-13,-0.0011174656534934113,0.0038770191707687574,0.0049944848242621685
2015-10-14,0.0101622173813607,0.013689254219396431,0.003527036838035732
2015-10-15,0.0075049447917128935,0.003222155177172081,-0.004282789614540813
2015-10-16,0.004543340455936146,0.006696036879400952,0.0021526964234648057
2015-10-19,0.007116319013700459,0.013987257595651434,0.006870938581950975
2015-10-20,-0.016227943952481512,-0.018287499479653902,-0.00205955552717239
2015-10-21,0.004002235663439714,0.009852092567753086,0.005849856904313372
2015-10-22,0.03574149672212267,0.04286741612822006,0.007125919406097386
2015-10-23,0.026336042399166572,0.040174261425267734,0.013838219026101162
2015-10-26,0.007974737764058312,0.013054211958205133,0.005079474194146821
2015-10-27,0.011523026411148314,0.016177567244310208,0.004654540833161894
2015-10-28,0.0016927476347255851,-0.007654329701608106,-0.009347077336333692
2015-10-29,-0.006383914682616789,-0.007099563888276651,-0.000715649205659862
2015-10-30,-0.017528034143978258,-0.02009683095605657,-0.0025687968120783125
2015-11-02,-0.011152619748987689,-0.020307047933740684,-0.009154428184752995
2015-11-03,-0.003135727751753532,-0.007750622791866175,-0.004614895040112643
2015-11-04,-0.009538641469589498,-0.010246756925592257,-0.0007081154560027586
2015-11-05,0.003011900910752177,0.0068865950752545835,0.0038746941645024066
2015-11-06,-0.0010715049841790625,-0.0018676118956530323,-0.0007961069114739699
2015-11-09,-0.02611116256965955,-0.026328500052754823,-0.0002173374830952736
2015-11-10,0.01409168805326265,0.014759677964294568,0.0006679899110319191
2015-11-11,-0.009219601227498923,-0.002872479379902597,0.006347121847596326
2015-11-12,-0.02911546271084045,-0.022709223660654462,0.006406239050185988
2015-11-13,-0.024457782913142212,-0.029990700226874695,-0.005532917313732483
2015-11-16,0.04123113589295245,0.036209367822717255,-0.0050217680702351955
2015-11-17,0.0032281011619419583,0.004501860262909437,0.001273759100967479
2015-11-18,0.02858576367804824,0.02363348322541419,-0.004952280452634048
2015-11-19,-0.0025804909992637156,-7.182130457960701e-05,0.0025086696946841087
2015-11-20,0.016841986366447192,0.019626150338107922,0.0027841639716607303
2015-11-23,-0.0018829744243792747,-0.0037138163603154463,-0.0018308419359361716
2015-11-24,-0.007829902638552334,-0.010434712083699525,-0.0026048094451471913
2015-11-25,-0.002945823700665009,-0.004163154088465709,-0.0012173303878007004
2015-11-27,0.007053682595627097,0.007178547620838028,0.00012486502521093148
2015-11-30,-0.0037925497420649126,-0.0016952766854561687,0.002097273056608744
2015-12-01,0.015445382070580408,0.013731018164382412,-0.0017143639061979968
2015-12-02,-0.012845347110544806,-0.007421677685652299,0.005423669424892507
2015-12-03,-0.08801554382603421,-0.07622883572598833,0.011786708100045881
2015-12-04,0.04374242335482988,0.04234364046738542,-0.0013987828874444663
2015-12-07,0.011918342704515712,0.016951982384731532,0.005033639680215821
2015-12-08,-0.006693206975050056,-0.004454345860816782,0.002238861114233274
2015-12-09,-0.01825783936239525,-0.019442215040058202,-0.0011843756776629515
2015-12-10,0.0018649028861955073,2.899168219795094e-05,-0.0018359112039975562
2015-12-11,-0.0118550607304228,-0.006988053868922092,0.004867006861500707
2015-12-14,0.004017737887399786,0.009046095162909688,0.005028357275509902
2015-12-15,0.0038273103256455682,-0.00020057721861620138,-0.004027887544261769
2015-12-16,0.011947538348477955,0.006582367534857159,-0.0053651708136207964
2015-12-17,-0.014917111115293943,-0.012557599202548947,0.002359511912744996
2015-12-18,-0.040138357668036174,-0.04400638130746773,-0.0038680236394315545
2015-12-21,0.014180209626758374,0.01493244828604784,0.0007522386592894656
2015-12-22,0.0007347738462201968,-0.001726023709338563,-0.00246079755555876
2015-12-23,0.004462387240143888,-0.004451157558289326,-0.008913544798433214
2015-12-24,-0.0038489688551307413,-0.0032841612726141178,0.0005648075825166235
2015-12-28,0.004523962897859385,0.010066965323929221,0.005543002426069836
2015-12-29,0.012221494511801123,0.013818776848357339,0.0015972823365562154
2015-12-30,-0.01130999260407863,-0.010306246397243013,0.0010037462068356179
2015-12-31,-0.01769394532104364,-0.022123695537528642,-0.004429750216485003
2016-01-04,-0.03176861478563087,-0.0395987659940033,-0.007830151208372424
2016-01-05,0.010196997195475475,0.012755633036925442,0.002558635841449967
2016-01-06,0.02020577889981582,0.03549893446762108,0.015293155567805257
2016-01-07,-0.024334077342661537,-0.02225904534708094,0.0020750319955805986
2016-01-08,-0.0036474061674832583,0.000500439379578032,0.00414784554706129
2016-01-11,0.022234644627456765,0.038004371810469596,0.01576972718301283
2016-01-12,0.0266562430453893,0.0316632523670786,0.0050070093216893
2016-01-13,-0.020604812870771205,-0.018063766292429003,0.002541046578342202
2016-01-14,0.013230164518741254,0.00908255121715529,-0.004147613301585964
2016-01-15,0.010818715803563602,0.011632316481077877,0.000813600677514275
2016-01-19,-0.0012458188021573732,0.007602463151191826,0.0088482819533492
2016-01-20,0.016811716603535743,0.01714656281399371,0.0003348462104579668
2016-01-21,-0.018149055224158318,-0.025911759552282237,-0.007762704328123919
2016-01-22,-0.01271310410996308,-0.015504641573399357,-0.0027915374634362774
2016-01-25,-0.0070521737861803935,-0.0010837435763000037,0.005968430209880389
2016-01-26,0.02015483892697397,0.01761336574423475,-0.002541473182739222
2016-01-27,-0.016895699262167486,-0.019260369967907177,-0.0023646707057396917
2016-01-28,0.007591916592349809,0.01626644342034225,0.00867452682799244
2016-01-29,0.0415345179607957,0.03767305233453683,-0.0038614656262588726
2016-02-01,-0.015906002647498384,-0.01797356330464747,-0.0020675606571490847
2016-02-02,0.015291655640157121,0.022404833679023954,0.007113178038866833
2016-02-03,-0.01184913355271192,-0.022869545177106546,-0.011020411624394627
2016-02-04,-0.0025283605093028433,-0.008631244462831995,-0.006102883953529151
2016-02-05,-0.013284214947565272,-0.01122970367969141,0.002054511267873862
2016-02-08,0.044101739036330016,0.06231913169165973,0.018217392655329713
2016-02-09,0.01677931019991174,0.02079706936879573,0.004017759168883993
2016-02-10,0.011826420909304072,0.011941292892399695,0.00011487198309562303
2016-02-11,0.02849532057538852,0.03545908996026442,0.006963769384875904
2016-02-12,-0.01723461870492659,-0.02502856313040378,-0.007793944425477192
2016-02-16,0.007937032725417008,0.0020783506824661527,-0.005858682042950855
2016-02-17,-0.004405055846278994,-0.012152915397254783,-0.0077478595509757895
2016-02-18,0.009056673881199087,0.008314709790350544,-0.0007419640908485434
2016-02-19,-0.0022421232812714306,-0.0012842826894602746,0.000957840591811156
2016-02-22,0.005841757593816929,0.001578395941289835,-0.004263361652527094
2016-02-23,0.0024972409312275846,0.006521897708864246,0.004024656777636661
2016-02-24,0.017069527417489707,0.01620276155545325,-0.0008667658620364581
2016-02-25,0.028114870193321043,0.024591815075217228,-0.0035230551181038156
2016-02-26,-0.03978538379557517,-0.04207784735929993,-0.002292463563724763
2016-02-29,0.0030851271431535654,0.002663443236581603,-0.0004216839065719624
2016-03-01,-0.007859997178398555,-0.00832672228322825,-0.0004667251048296947
2016-03-02,-0.015766824665075046,-0.025442143332574198,-0.009675318667499152
2016-03-03,0.0064729658926237854,0.0002201405561619181,-0.006252825336461867
2016-03-04,-0.01135161929467311,-0.014818433034914202,-0.0034668137402410915
2016-03-07,-0.02025189991461854,-0.02757492312593855,-0.007323023211320008
2016-03-08,0.022236160764897747,0.03301499888349179,0.010778838118594043
2016-03-09,-0.013565754784450433,-0.010883229899244682,0.002682524885205751
2016-03-10,-0.0006131484295392699,0.002886749829484179,0.003499898259023449
2016-03-11,0.007952380184520333,0.00023070953520346814,-0.007721670649316865
2016-03-14,-0.00738764153095866,-0.008303495475048233,-0.0009158539440895725
2016-03-15,0.00739746908669993,0.017555040996037358,0.010157571909337429
2016-03-16,0.037438240048178785,0.03581555977806819,-0.001622680270110595
2016-03-17,0.022574517114156763,0.017662784423501027,-0.004911732690655736
2016-03-18,0.013373143957714632,0.005750221419892998,-0.007622922537821634
2016-03-21,-0.009509723610462942,-0.009417746698009908,9.197691245303383e-05
2016-03-22,-0.004062235324909344,-0.004159852327734793,-9.761700282544857e-05
2016-03-23,0.0006676202032933019,0.010169732663896378,0.009502112460603077
2016-03-24,-0.01586195732241286,-0.015956731957556584,-9.477463514372467e-05
2016-03-28,0.006413909239816016,0.007994041548359867,0.0015801323085438508
2016-03-29,0.046031585504003596,0.04266704519526819,-0.0033645403087354045
2016-03-30,0.012388429697089292,0.012607398517013927,0.00021896881992463507
2016-03-31,-0.0005047918579520685,-0.004775430015545919,-0.0042706381575938505
2016-04-01,0.01441660665479462,0.015690220398241587,0.001273613743446967
2016-04-04,-0.007590592072732619,-0.0079245566012124,-0.0003339645284797816
2016-04-05,0.0007758215360767524,0.0018420380455556812,0.0010662165094789287
2016-04-06,0.004814523270622622,-0.0015953016366456883,-0.0064098249072683106
2016-04-07,-0.005107408623687839,-0.004273839351334531,0.0008335692723533085
2016-04-08,-0.00549579334508559,-0.005905869807098775,-0.0004100764620131852
2016-04-11,0.00109679126944194,0.0038385611872658737,0.002741769917823934
2016-04-12,0.001264038838664469,-0.002575423303528981,-0.00383946214219345
2016-04-13,0.01601640892934685,0.009775968539245635,-0.006240440390101213
2016-04-14,-0.0195759931456966,-0.019884413116985127,-0.00030841997128852605
2016-04-15,0.020447160872967416,0.019330087507540693,-0.0011170733654267233
2016-04-18,-0.0002227384598365652,-0.0037341872441625664,-0.003511448784326001
2016-04-19,0.010825378942108157,0.007102872911513523,-0.003722506030594634
2016-04-20,-0.014985392767568195,-0.018308472242046576,-0.0033230794744783815
2016-04-21,-0.028506185489636588,-0.03131631530253816,-0.0028101298129015705
2016-04-22,-0.044662936353330664,-0.0564550499981864,-0.011792113644855738
2016-04-25,-0.006256139238712569,-0.001369069935068454,0.004887069303644115
2016-04-26,-0.0022891496245566207,-0.004549635968968293,-0.0022604863444116727
2016-04-27,0.009524617358184589,0.003267870264642636,-0.006256747093541953
2016-04-28,0.008862009226470065,0.008332843811893214,-0.0005291654145768519
2016-04-29,0.010930207840698368,0.01075970594423375,-0.0001705018964646178
2016-05-02,0.016188158909369928,0.014364650622663452,-0.001823508286706476
2016-05-03,-0.0028063785778985376,0.0030923769379515333,0.005898755515850071
2016-05-04,-0.014393836313317677,-0.007009124254960193,0.0073847120583574845
2016-05-05,0.0016499120587844865,0.0025848759245080412,0.0009349638657235547
2016-05-06,0.0033232920527802466,0.00488792637205674,0.0015646343192764938
2016-05-09,-0.007116746080104298,-0.006642482525655884,0.0004742635544484142
2016-05-10,0.02292142132468571,0.018359114918582265,-0.004562306406103445
2016-05-11,0.001869851432157506,0.004361783346420356,0.00249193191426285
2016-05-12,-0.013913466884061561,-0.010616875414229907,0.0032965914698316542
2016-05-13,-0.009315910406350695,-0.006631901236570674,0.002684009169780021
2016-05-16,0.0009142223348672343,-0.0018918901164374647,-0.002806112451304699
2016-05-17,-0.025475639345923957,-0.02679869022429521,-0.0013230508783712534
2016-05-18,-0.04401773706808406,-0.04103105258575496,0.0029866844823291036
2016-05-19,-0.014109207802862529,-0.013323767308373006,0.0007854404944895223
2016-05-20,0.006018597497285637,0.0019150753235064077,-0.004103522173779229
2016-05-23,-0.004711234574839759,-0.004894860826219953,-0.00018362625138019367
2016-05-24,0.012609670922935155,0.01075467209809021,-0.0018549988248449459
2016-05-25,0.009109390778032512,0.005191240203740901,-0.003918150574291611
2016-05-26,0.01700396609984853,0.016221283426275074,-0.0007826826735734572
2016-05-27,-0.008113157698706333,-0.008327992939373804,-0.00021483524066747035
2016-05-31,0.0033536820900274293,0.0013781872868077964,-0.0019754948032196327
2016-06-01,0.0035046296907587705,0.0007076366867977394,-0.002796993003961031
2016-06-02,0.018169316141542702,0.011734972250326313,-0.006434343891216389
2016-06-03,0.039540966100475736,0.036859479330869346,-0.0026814867696063893
2016-06-06,0.00442504987977266,-0.000939091652912323,-0.005364141532684982
2016-06-07,0.018035070161418813,0.014351415803520813,-0.003683654357897999
2016-06-08,0.021438040257669374,0.017465015274187177,-0.003973024983482197
2016-06-09,0.016740981764193176,0.018000911889768222,0.0012599301255750463
2016-06-10,-0.007519056626474088,-0.0015294359281757773,0.005989620698298311
2016-06-13,-0.0014837566537449875,0.00043709634984549447,0.001920853003590482
2016-06-14,0.00362975528088184,0.005193090908639981,0.001563335627758141
2016-06-15,0.0038824945367473534,0.0011821261894867192,-0.002700368347260634
2016-06-16,0.007239562926005303,0.00728238507367175,4.282214766644643e-05
2016-06-17,-0.024735294368655656,-0.02640005967309064,-0.0016647653044349828
2016-06-20,-0.03461435883344272,-0.03422134705001758,0.00039301178342514287
2016-06-21,-0.021190162751830863,-0.017146491698891552,0.004043671052939311
2016-06-22,-0.0038193086481551745,-0.0028774397258370353,0.0009418689223181392
2016-06-23,-0.002072779024484738,-0.007373503071270348,-0.00530072404678561
2016-06-24,-0.05432305326490183,-0.041840158592079846,0.012482894672821987
2016-06-27,-0.0014500600099708611,0.006858410004881211,0.008308470014852071
2016-06-28,0.016448851607386013,0.008942796705784802,-0.007506054901601212
2016-06-29,0.010487479950369362,0.003955609345358417,-0.006531870605010945
2016-06-30,0.03867729063693516,0.02929979280423923,-0.009377497832695932
2016-07-01,0.02235619835260821,0.016778853518648024,-0.005577344833960187
2016-07-05,-0.006761367615856214,-0.002471483720116365,0.004289883895739849
2016-07-06,0.0075535214090763185,0.00478010538938467,-0.0027734160196916484
2016-07-07,0.0001269384289957773,6.945074959693907e-05,-5.748767939883823e-05
2016-07-08,0.0268872600445386,0.01829015517439733,-0.008597104870141273
2016-07-11,-0.010043894081135978,-0.007393263642944273,0.0026506304381917044
2016-07-12,-0.009797870838500691,-0.010730635314650747,-0.000932764476150056
2016-07-13,0.014126015968023077,0.013208908932069384,-0.0009171070359536935
2016-07-14,-0.002371498738207308,-0.0019444327876522122,0.0004270659505550957
2016-07-15,-0.02003090980946001,-0.01710951160455385,0.00292139820490616
2016-07-18,0.004962920682467743,0.004244140294315009,-0.0007187803881527335
2016-07-19,-0.0001168750964981763,0.0009249812139536803,0.0010418563104518566
2016-07-20,0.0004353134355895309,-0.0002342327353069512,-0.0006695461708964821
2016-07-21,0.0032582139141210755,0.003717081601015948,0.00045886768689487253
2016-07-22,0.0014749773189902035,0.0007915612673771637,-0.0006834160516130399
2016-07-25,-0.010211217097061156,-0.007446399524981412,0.002764817572079744
2016-07-26,0.007008781833788414,0.006795268171550103,-0.00021351366223831044
2016-07-27,0.02089950858648966,0.019570830408650347,-0.0013286781778393125
2016-07-28,0.010412230662493789,0.009002281093976317,-0.0014099495685174716
2016-07-29,0.01566067608653469,0.014647543953502868,-0.0010131321330318233
2016-08-01,-0.007998928304020303,-0.005149882173115713,0.0028490461309045893
2016-08-02,-0.022427772578219096,-0.01851142054189745,0.003916352036321645
2016-08-03,-0.004381409356757818,-0.00798120910245527,-0.0035997997456974516
2016-08-04,0.013940532714437945,0.0145500574200437,0.0006095247056057546
2016-08-05,-0.0035934875949618114,-0.006899984272216866,-0.0033064966772550545
2016-08-08,0.0035089129436566896,0.004094222270369071,0.0005853093267123811
2016-08-09,0.010790295543331588,0.010370035384302836,-0.0004202601590287524
2016-08-10,0.014519753118300211,0.016553817158041242,0.0020340640397410303
2016-08-11,-0.007080460863195418,-0.009752796794144165,-0.0026723359309487466
2016-08-12,0.005560919486738148,0.004324267103372322,-0.0012366523833658265
2016-08-15,-0.0017394869061684531,-0.0032811813892240447,-0.0015416944830555915
2016-08-16,-0.009574353304546406,-0.006953301245935313,0.002621052058611093
2016-08-17,0.008132830523985848,0.009533985027373555,0.0014011545033877065
2016-08-18,0.019693192299974224,0.016738926452913385,-0.002954265847060839
2016-08-19,-0.026378396497051322,-0.025035633871952283,0.0013427626250990393
2016-08-22,0.0012568545352624038,0.0006122396594768804,-0.0006446148757855234
2016-08-23,0.006966571616710027,0.00481126942667737,-0.0021553021900326576
2016-08-24,-0.02099096260301862,-0.017963220000637534,0.003027742602381086
2016-08-25,-0.008167488282990382,-0.006458605208742751,0.001708883074247631
2016-08-26,-0.020163505355379654,-0.02035012717983795,-0.0001866218244582947
2016-08-29,0.02012693597138476,0.016644368327956096,-0.0034825676434286634
2016-08-30,-0.016332856356906986,-0.019193893698718142,-0.002861037341811156
2016-08-31,-0.010901359820933971,-0.00875255208050993,0.0021488077404240406
2016-09-01,0.007619163319745108,0.009715636752949793,0.0020964734332046845
2016-09-02,0.012669847526997643,0.011068346963049388,-0.001601500563948255
2016-09-06,0.04160097329238014,0.04348782699514834,0.0018868537027681986
2016-09-07,-0.004440914140231045,-0.007754301444190853,-0.003313387303959808
2016-09-08,-0.03759654064248415,-0.04462012397996671,-0.007023583337482563
2016-09-09,-0.0845394892939064,-0.08525218141751727,-0.0007126921236108724
2016-09-12,0.017558119862907322,0.014003648654977116,-0.003554471207930206
2016-09-13,-0.03165380299787445,-0.02350032302852427,0.008153479969350182
2016-09-14,0.0015847509103115848,0.003802013032221011,0.0022172621219094264
2016-09-15,0.028066374373414537,0.026843306343876144,-0.0012230680295383933
2016-09-16,-0.005054171483302786,-0.004332422158581994,0.0007217493247207926
2016-09-19,0.002932541105567164,0.00015478785722446742,-0.0027777532483426962
2016-09-20,0.004273544301276434,0.003000401350916348,-0.0012731429503600863
2016-09-21,0.04284207241541072,0.040051397174273105,-0.0027906752411376162
2016-09-22,0.030821122673041882,0.028554203044146544,-0.0022669196288953378
2016-09-23,-0.008342759808135883,-0.008366774619491039,-2.4014811355155957e-05
2016-09-26,-0.0176260150890364,-0.013663740703582738,0.003962274385453664
2016-09-27,0.014795212945811593,0.012497233971141393,-0.0022979789746701996
2016-09-28,0.006879703490637232,0.006021261950839679,-0.0008584415397975536
2016-09-29,0.001965763973786476,0.009583322139650872,0.007617558165864397
2016-09-30,0.004195823362627832,0.0008417825527299855,-0.0033540408098978462
2016-10-03,-0.008706602607311612,-0.006864638594406022,0.0018419640129055895
2016-10-04,-0.03180429982235125,-0.02841431674332028,0.003389983079030972
2016-10-05,0.0008721304159983506,-0.0021898101165474058,-0.0030619405325457566
2016-10-06,0.0036827977445929453,0.007801518980569803,0.0041187212359768575
2016-10-07,-0.011115821617376452,-0.009163589300127563,0.0019522323172488885
2016-10-10,0.013973708141188333,0.011673110799075296,-0.0023005973421130373
2016-10-11,-0.027343167566010955,-0.021810312186661813,0.005532855379349142
2016-10-12,-0.0008060504835089521,0.001960532545749745,0.002766583029258697
2016-10-13,-0.01251563207206171,-0.011457833665449767,0.0010577984066119425
2016-10-14,0.00211635832809102,0.005453076820838319,0.0033367184927472985
2016-10-17,0.0014835945478941601,0.004716978553888081,0.0032333840059939212
2016-10-18,0.020337993083913822,0.019345350993138378,-0.0009926420907754446
2016-10-19,0.015580846045542076,0.015820654535500384,0.00023980848995830764
2016-10-20,-0.011909643383711624,-0.014176219556968803,-0.0022665761732571788
2016-10-21,0.0014394040074472564,0.002810874591593844,0.0013714705841465875
2016-10-24,0.01885944533575062,0.02472136623822284,0.005861920902472218
2016-10-25,-0.011762021745143953,-0.009020526969965753,0.0027414947751782
2016-10-26,-0.02043400008635241,-0.023169648202855192,-0.0027356481165027834
2016-10-27,-0.01869988107344062,-0.019331184454332368,-0.0006313033808917484
2016-10-28,-0.006896910753942731,-0.007250126297917257,-0.0003532155439745256
2016-10-31,0.0017500632284647847,0.003712931300675037,0.001962868072210252
2016-11-01,-0.02677263349279052,-0.02890839628146879,-0.002135762788678268
2016-11-02,-0.02181610313055517,-0.01759347603691464,0.0042226270936405325
2016-11-03,-0.002707175809452708,0.0011953334359200635,0.0039025092453727718
2016-11-04,-0.0006803889492704983,-0.005871872078454531,-0.005191483129184033
2016-11-07,0.035833590624388074,0.030967075551957112,-0.004866515072430962
2016-11-08,0.010119530638210559,0.013745051079929193,0.003625520441718634
2016-11-09,-0.010360085315893712,-0.027829239147253982,-0.01746915383136027
2016-11-10,-0.029410478375884806,-0.05101316233898272,-0.02160268396309791
2016-11-11,-0.009187977373064626,-0.013488646770371317,-0.004300669397306691
2016-11-14,-0.007508104879235826,-0.019751295022760077,-0.01224319014352425
2016-11-15,0.027784202933300976,0.03680110294022938,0.009016900006928407
2016-11-16,0.005399108643484928,0.01495799053087358,0.009558881887388652
2016-11-17,0.012516435213076334,0.013086561190814326,0.0005701259777379925
2016-11-18,-0.004866523584911285,-0.005915650563543617,-0.0010491269786323315
2016-11-21,0.023577663857891805,0.028144972323768697,0.004567308465876892
2016-11-22,0.019372640735902235,0.026226536739247328,0.006853896003345093
2016-11-23,-0.007919104103731592,-0.014656399159333406,-0.006737295055601814
2016-11-25,0.006581612126486635,0.005180915388790585,-0.00140069673769605
2016-11-28,-0.0013905558143873617,0.006159313709355904,0.0075498695237432665
2016-11-29,-0.004628650914206344,-0.002478941168883499,0.002149709745322845
2016-11-30,-0.00440179479997401,-0.006885757003633833,-0.0024839622036598227
2016-12-01,-0.016409996248897177,-0.0215337621605372,-0.005123765911640023
2016-12-02,-0.0011047309150557466,0.0008567679992365904,0.001961498914292337
2016-12-05,0.015012462527916616,0.013908401694404625,-0.0011040608335119908
2016-12-06,0.0143798175126544,0.01128664971878122,-0.00309316779387318
2016-12-07,0.03894937315894437,0.04371260525315573,0.00476323209421136
2016-12-08,0.029199393231924844,0.028868447972382007,-0.00033094525954283777
2016-12-09,0.03365559951089337,0.03691680432771307,0.003261204816819699
2016-12-12,-0.019284151966441117,-0.01659326481500846,0.0026908871514326575
2016-12-13,0.015301305144120531,0.0156885539646037,0.000387248820483169
2016-12-14,-0.015713199646125636,-0.009365498925964149,0.006347700720161487
2016-12-15,0.010255202678903709,0.007574470255696093,-0.0026807324232076164
2016-12-16,-0.012394814362088818,-0.0157640409455746,-0.0033692265834857835
2016-12-19,0.007181336683375347,0.008136230102976013,0.0009548934196006659
2016-12-20,0.013254211329593873,0.013167139314994818,-8.707201459905514e-05
2016-12-21,-0.0013195637881967901,0.0016267663271452336,0.0029463301153420237
2016-12-22,-0.004418127719953036,-0.002668568916808821,0.0017495588031442152
2016-12-23,-0.0004924647248620997,-0.004127980825212141,-0.003635516100350041
2016-12-27,0.013887931666083327,0.015595645858857537,0.0017077141927742106
2016-12-28,-0.017172867318037802,-0.014140280191041028,0.003032587126996774
2016-12-29,-0.005011845609624855,-0.005181487736302788,-0.00016964212667793313
2016-12-30,-0.02472374502655221,-0.026034824250272728,-0.0013110792237205175
2017-01-03,0.08111016828957085,0.07412069607954601,-0.006989472210024841
2017-01-04,0.08177466147846518,0.07145151504902438,-0.010323146429440808
2017-01-05,-0.0911542976543206,-0.08325217197480153,0.007902125679519076
2017-01-06,-0.06464837607734884,-0.059188538580812466,0.005459837496536377
2017-01-09,-0.0032284800823805296,-0.0012520944906889927,0.0019763855916915367
2017-01-10,0.013423632009853617,0.016380810053355763,0.002957178043502146
2017-01-11,-0.08534147337810113,-0.08184750486267821,0.0034939685154229266
2017-01-12,0.00841011489791901,0.006272128112472683,-0.0021379867854463266
2017-01-13,0.02252878097456646,0.021593621031972328,-0.0009351599425941326
2017-01-17,0.05831908941423677,0.0596853438630712,0.0013662544488344322
2017-01-18,-0.01191817418311244,-0.01137709512847352,0.00054107905463892
2017-01-19,0.0007650691867432314,0.00432321256098831,0.003558143374245079
2017-01-20,0.002106207909309763,0.0020186077954447656,-8.760011386499747e-05
2017-01-23,0.01668332027751797,0.019065355168870556,0.002382034891352587
2017-01-24,0.006722623698885423,0.008982984244885537,0.0022603605460001135
2017-01-25,0.038338717317318444,0.038120665754876895,-0.00021805156244154855
2017-01-26,0.020301990464934336,0.02302296682964264,0.002720976364708305
2017-01-27,-0.007682093561418721,-0.005963006245371489,0.001719087316047232
2017-01-30,-0.024179377431632735,-0.022365882379458444,0.001813495052174291
2017-01-31,0.024810750994090292,0.01707309529588423,-0.007737655698206062
2017-02-01,0.026637930667200358,0.028931645582304506,0.0022937149151041475
2017-02-02,0.010742617514907227,0.007276148173268389,-0.0034664693416388385
2017-02-03,0.030055190307568237,0.024548469896975435,-0.0055067204105928025
2017-02-06,0.0016625571680639302,0.003600274666000543,0.0019377174979366128
2017-02-07,0.012205424797175676,0.012547085415444989,0.00034166061826931306
2017-02-08,0.00027479566093245063,-0.0013257050130757383,-0.001600500674008189
2017-02-09,-0.034762915833519564,-0.03529766809122713,-0.0005347522577075631
2017-02-10,0.01498740788868337,0.01282172663646172,-0.002165681252221649
2017-02-13,0.022962330166138942,0.02263342483541044,-0.000328905330728501
2017-02-14,0.02013705931471726,0.017110672578909514,-0.003026386735807747
2017-02-15,0.023070814355351202,0.019991731955868307,-0.003079082399482895
2017-02-16,0.009655937149694479,0.01044174160223415,0.0007858044525396717
2017-02-17,0.010793600966652647,0.008509393658865718,-0.0022842073077869295
2017-02-21,0.059380451252195245,0.05599627414740444,-0.003384177104790803
2017-02-22,0.007097866244660201,0.008766117584337058,0.0016682513396768569
2017-02-23,0.01595015636945115,0.011512069187326623,-0.0044380871821245275
2017-02-24,0.006063903166717426,0.0025655734334624723,-0.003498329733254954
2017-02-27,-0.005780008395579353,-0.008182730224068416,-0.002402721828489063
2017-02-28,-0.014152003363163076,-0.011774477049109085,0.0023775263140539907
2017-03-01,0.04175826295575768,0.03866894640635569,-0.003089316549401991
2017-03-02,-0.022724416639340505,-0.022970588051635,-0.0002461714122944936
2017-03-03,-0.009510493464332291,-0.007445716930046695,0.0020647765342855966
2017-03-06,-0.010253544862316786,-0.008008974146185949,0.0022445707161308365
2017-03-07,-0.010995661634663912,-0.008575732638745233,0.002419928995918679
2017-03-08,-0.014188757036668054,-0.01460088858902452,-0.00041213155235646573
2017-03-09,-0.0043133891048792805,-0.006578069685767086,-0.0022646805808878056
2017-03-10,0.0014869573218852866,0.00019804883669386568,-0.001288908485191421
2017-03-13,0.012243461802650166,0.011655355292258569,-0.0005881065103915967
2017-03-14,-0.008299725819954334,-0.005630518224490279,0.0026692075954640555
2017-03-15,0.009741011350074297,0.00478670869256211,-0.004954302657512187
2017-03-16,-0.0021806839328094097,-0.0027222023385300165,-0.0005415184057206068
2017-03-17,-0.009859639031672928,-0.009686504277833926,0.00017313475383900177
2017-03-20,-0.0028917651703994312,-0.0017968406398717642,0.001094924530527667
2017-03-21,-0.039791856608645836,-0.03619527955548629,0.003596577053159543
2017-03-22,-0.0020701770096806208,0.00031391252356163953,0.00238408953324226
2017-03-23,-0.0040134323709387605,-0.003411127732169463,0.0006023046387692976
2017-03-24,-0.0043942790360603536,-0.0037748569303305032,0.0006194221057298503
2017-03-27,-0.0030691164551347417,-0.003977401815612566,-0.0009082853604778247
2017-03-28,0.026181587872120195,0.024612839011811917,-0.0015687488603082778
2017-03-29,0.013306441991486362,0.012242974342343215,-0.0010634676491431475
2017-03-30,0.004600586068689402,0.005007807324886737,0.0004072212561973352
2017-03-31,0.0022895941163277897,0.002753837320371823,0.00046424320404403344
2017-04-03,0.009068482043495233,0.010139421956551275,0.0010709399130560422
2017-04-04,-0.0017415819707851737,0.0006505821855767448,0.0023921641563619186
2017-04-05,-0.007307236746802729,-0.006275508210243677,0.0010317285365590524
2017-04-06,0.002987197830060001,0.001975155323460189,-0.001012042506599812
2017-04-07,-0.006894942564188578,-0.0067302627444473465,0.00016467981974123153
2017-04-10,0.010852538865952019,0.0098298182004504,-0.0010227206655016186
2017-04-11,0.003042931300545508,0.0022687952987034544,-0.0007741360018420538
2017-04-12,-0.006611658472607602,-0.00864634903634986,-0.002034690563742258
2017-04-13,-0.015544402960758529,-0.014415685783025023,0.0011287171777335063
2017-04-17,0.023072919134956293,0.02241989883371989,-0.0006530203012364046
2017-04-18,0.002106860460557366,0.004326614585814002,0.002219754125256636
2017-04-19,-0.02101819232296996,-0.021554225981279023,-0.0005360336583090618
2017-04-20,0.02039172200368342,0.0204645738756664,7.285187198298113e-05
2017-04-21,0.0076243811373541024,0.011332618099981833,0.0037082369626277303
2017-04-24,0.02817926266560751,0.030613057518982984,0.002433794853375474
2017-04-25,0.015088492820539518,0.014464089400585689,-0.0006244034199538295
2017-04-26,0.01270254736680178,0.01295008216536038,0.0002475347985586001
2017-04-27,0.010847456185877472,0.012970110871632714,0.0021226546857552424
2017-04-28,-0.000254589611331595,0.0023959823812055247,0.0026505719925371198
2017-05-01,0.009170694388627233,0.014308261625141679,0.005137567236514446
2017-05-02,0.005091679374880147,0.004423935694556329,-0.0006677436803238183
2017-05-03,-0.00024092956254191062,6.470931310802702e-05,0.00030563887564993765
2017-05-04,-0.005037564695465124,-0.007128286159932503,-0.002090721464467379
2017-05-05,0.014830461564562658,0.01333219021198184,-0.0014982713525808176
2017-05-08,0.007230560053557166,0.011578584943449417,0.004348024889892251
2017-05-09,0.005410263844847969,0.007191752383082984,0.001781488538235015
2017-05-10,0.012300157727624182,0.01198952656999882,-0.00031063115762536286
2017-05-11,-0.006381206039614851,-0.005646573257896185,0.0007346327817186662
2017-05-12,-0.002314428283965539,-0.0011853980868222172,0.0011290301971433217
2017-05-15,0.008556399480005502,0.006042241554332438,-0.0025141579256730637
2017-05-16,0.007063552393900157,0.013648320708235519,0.006584768314335362
2017-05-17,-0.06320657038227541,-0.07559378592221219,-0.012387215539936783
2017-05-18,0.002422521230625687,0.003151600903784047,0.0007290796731583599
2017-05-19,0.020550850310855392,0.02156866808613604,0.001017817775280646
2017-05-22,0.025258777132736054,0.027532312122494372,0.0022735349897583176
2017-05-23,0.0032680187821720976,0.005641927946746691,0.0023739091645745935
2017-05-24,0.021366589249633947,0.023322717358427694,0.0019561281087937463
2017-05-25,0.019930496074730717,0.023655190655566732,0.0037246945808360153
2017-05-26,0.012159083245531919,0.016493391560713885,0.004334308315181966
2017-05-30,-0.0007875258043352021,0.002900148315161465,0.003687674119496667
2017-05-31,0.012302495653751116,0.011225798810432147,-0.0010766968433189687
2017-06-01,0.021108374686165762,0.012414471796078687,-0.008693902890087075
2017-06-02,0.0496087218017032,0.05316444900907135,0.003555727207368152
2017-06-05,-0.007963971417406724,-0.006642549316810881,0.0013214221005958433
2017-06-06,0.011852738017717294,0.011099610292062018,-0.0007531277256552765
2017-06-07,-0.0015182185931683111,0.0026055713814484957,0.004123789974616807
2017-06-08,0.00418209491392205,0.0063181550151687185,0.0021360601012466686
2017-06-09,-0.030720027365455593,-0.042956506411685656,-0.012236479046230063
2017-06-12,-0.0197503992405759,-0.021623694233296634,-0.001873294992720733
2017-06-13,0.016684872770672137,0.01591690374506888,-0.0007679690256032559
2017-06-14,0.00441798123087857,-6.175350514527572e-05,-0.004479734736023846
2017-06-15,-0.039874610247131084,-0.03718739582292769,0.002687214424203395
2017-06-16,0.0004050020045898282,-0.005068448242908902,-0.00547345024749873
2017-06-19,0.028869116788667857,0.02752539900173056,-0.0013437177869372978
2017-06-20,-0.009206068730146146,-0.00815201279041475,0.0010540559397313968
2017-06-21,-0.005445454000708778,-0.0033896793913133615,0.0020557746093954167
2017-06-22,0.0007916289759268115,-0.002362507827734371,-0.0031541368036611824
2017-06-23,0.0025237411886886657,0.0004484846661553188,-0.002075256522533347
2017-06-26,-0.005635254486775107,-0.007671175073950515,-0.0020359205871754073
2017-06-27,-0.05196079432615343,-0.04822065122712698,0.003740143099026448
2017-06-28,0.027567647864579867,0.02733037268390205,-0.00023727518067781506
2017-06-29,-0.020888632085663106,-0.02086296928306404,2.566280259906628e-05
2017-06-30,-0.013648259020831865,-0.014037774401461192,-0.00038951538062932667
2017-07-03,-0.024238759309063922,-0.028186913855431654,-0.003948154546367731
2017-07-05,0.02551130745820472,0.027674413400667928,0.0021631059424632067
2017-07-06,-0.01012866014625528,-0.003923769004295592,0.006204891141959688
2017-07-07,0.020679990031807507,0.018607412649023755,-0.0020725773827837517
2017-07-10,0.016000310742158574,0.018724289776259763,0.0027239790341011885
2017-07-11,0.0013074001605176758,0.001613913538221819,0.00030651337770414315
2017-07-12,0.03310922769792187,0.030550283061546318,-0.0025589446363755534
2017-07-13,0.009750637107724907,0.009087737552017717,-0.0006628995557071901
2017-07-14,0.02055758911044978,0.01897698516353208,-0.0015806039469177004
2017-07-17,-0.000943927064550083,-0.0001672087677881156,0.0007767182967619673
2017-07-18,0.022302544440497025,0.021580566317720325,-0.0007219781227767001
2017-07-19,0.016608040303204324,0.01154313497894344,-0.0050649053242608835
2017-07-20,0.017975311430155048,0.015302182508391618,-0.0026731289217634298
2017-07-21,0.00082767461145443,0.0007270811550489265,-0.00010059345640550351
2017-07-24,-0.004941314291010362,-0.0008450807680184427,0.004096233522991919
2017-07-25,-0.0017520583382396873,-0.004818902336045243,-0.0030668439978055557
2017-07-26,0.01316658514115993,0.011723461800095111,-0.0014431233410648198
2017-07-27,-0.006096735503345679,-0.007730384321493047,-0.0016336488181473681
2017-07-28,0.0035317289388889644,0.00483201643424094,0.0013002874953519754
2017-07-31,0.006263980999246047,0.004981918697144575,-0.001282062302101472
2017-08-01,-0.0002624448993675161,0.0001570406241932132,0.0004194855235607293
2017-08-02,-0.0017053435266404047,0.002030768677009097,0.0037361122036495015
2017-08-03,-0.00022863192659191572,-0.0008929424132860805,-0.0006643104866941648
2017-08-04,-0.0053801783799161075,-0.005219902921224843,0.0001602754586912643
2017-08-07,0.023325487542849535,0.02436237102595077,0.001036883483101235
2017-08-08,-0.007659578661338953,-0.005324633878616016,0.002334944782722936
2017-08-09,-0.0013456017499230103,-0.0009328974549407544,0.0004127042949822559
2017-08-10,-0.048951855827533676,-0.04604823195648557,0.0029036238710481027
2017-08-11,0.019115325891124704,0.020260507409420207,0.0011451815182955023
2017-08-14,0.03513630610882059,0.03548828410695936,0.0003519779981387694
2017-08-15,-0.017207755407600896,-0.015010174308285535,0.0021975810993153603
2017-08-16,0.025750988832952987,0.024346856345785386,-0.0014041324871676003
2017-08-17,-0.05084328744154318,-0.0502603571349499,0.0005829303065932809
2017-08-18,-0.017385566374571785,-0.0158730444438058,0.0015125219307659844
2017-08-21,0.009200788550971905,0.0075411387892963784,-0.0016596497616755265
2017-08-22,0.033134741618708705,0.03434685482828804,0.0012121132095793338
2017-08-23,0.003659757644034274,0.003804304006468276,0.00014454636243400225
2017-08-24,-0.012257011889667636,-0.013777892349609626,-0.0015208804599419895
2017-08-25,0.02009199395540776,0.01813483301415746,-0.0019571609412502994
2017-08-28,0.017495180226783556,0.018726145032842045,0.0012309648060584884
2017-08-29,0.020680009049078667,0.023282190826082395,0.0026021817770037273
2017-08-30,0.009110612856784826,0.01250169730823494,0.003391084451450114
2017-08-31,0.023164480982321954,0.023179062177077735,1.4581194755780569e-05
2017-09-01,-0.005639721006881237,-0.00941118863659813,-0.003771467629716892
2017-09-05,-0.016820606272508747,-0.018601196642513727,-0.00178059037000498
2017-09-06,-0.013317191548183624,-0.01681468239089979,-0.003497490842716165
2017-09-07,0.028765569404980512,0.029617455939361877,0.0008518865343813652
2017-09-08,-0.009341339351588304,-0.011782458091265609,-0.0024411187396773046
2017-09-11,0.001951590343114944,0.00032574413670254126,-0.0016258462064124028
2017-09-12,0.00208677555083664,0.000523527293510435,-0.0015632482573262052
2017-09-13,-0.026328401238991037,-0.02826007437140479,-0.001931673132413752
2017-09-14,-0.01773329277887541,-0.02187303641690556,-0.004139743638030151
2017-09-15,0.016670709113770825,0.0179777308531001,0.0013070217393292734
2017-09-18,0.0058027763881827715,0.0015560861085451361,-0.004246690279637635
2017-09-19,0.00783172842216889,0.011160414696400387,0.0033286862742314977
2017-09-20,-0.00740492952780722,-0.01070438288275239,-0.0032994533549451704
2017-09-21,-0.02181786492237214,-0.022794722933442427,-0.0009768580110702876
2017-09-22,0.005934246910144465,0.005070036283189414,-0.000864210626955051
2017-09-25,-0.037884307316135714,-0.04692851578328283,-0.009044208467147118
2017-09-26,-0.007029379710201551,-0.00418602706505274,0.0028433526451488106
2017-09-27,0.017631964631913404,0.019259905426740814,0.00162794079482741
2017-09-28,0.0027491308120677314,0.0015024911107785327,-0.0012466397012891987
2017-09-29,0.009408459687361054,0.010703831686595802,0.001295371999234747
2017-10-02,0.010401333822640729,0.006356595425075004,-0.004044738397565724
2017-10-03,0.01818058043455676,0.018027627652803337,-0.00015295278175342375
2017-10-04,0.009714684824497822,0.009752750350474584,3.8065525976762465e-05
2017-10-05,0.012501377742993943,0.015037273413936555,0.002535895670942612
2017-10-06,0.008154659038198469,0.011895016553392946,0.003740357515194477
2017-10-09,0.0021358419756842125,0.005744380041282183,0.0036085380655979703
2017-10-10,0.017140565377171055,0.017615863307961513,0.0004752979307904581
2017-10-11,0.015501168315785343,0.017151258364442503,0.0016500900486571598
2017-10-12,0.0010038229152034622,0.0029503559614718765,0.0019465330462684143
2017-10-13,0.011835364421384461,0.016031665018146755,0.004196300596762294
2017-10-16,0.011638001766983253,0.014582895611729757,0.002944893844746504
2017-10-17,-0.009998168338455744,-0.010231225608556462,-0.0002330572701007179
2017-10-18,0.002945229213814555,0.00211764099925972,-0.000827588214554835
2017-10-19,-0.0002503787621900035,-0.003135957570289846,-0.002885578808099843
2017-10-20,0.02130878129649128,0.01882975309457223,-0.0024790282019190486
2017-10-23,-0.022336945959657618,-0.02227046452908809,6.648143056952813e-05
2017-10-24,0.004471970121167743,0.007409328074381285,0.0029373579532135418
2017-10-25,-0.005076354413941608,-0.0028049795752286104,0.002271374838712998
2017-10-26,-0.007783447704339462,-0.012268228375159021,-0.004484780670819559
2017-10-27,0.06062755453183616,0.07784713294479628,0.017219578412960124
2017-10-30,-0.004149822683195752,-0.0005756644042676808,0.0035741582789280708
2017-10-31,0.015593075220389125,0.01860378962501391,0.003010714404624786
2017-11-01,0.014346609033204285,0.013309066607941365,-0.0010375424252629193
2017-11-02,-0.0007545205735129717,0.0015379052928934708,0.0022924258664064425
2017-11-03,0.025652405712917294,0.031850419103791036,0.006198013390873742
2017-11-06,0.0018611231394104954,0.0016228300165421125,-0.00023829312286838288
2017-11-07,0.008989258290382057,0.012298105392540731,0.003308847102158674
2017-11-08,-0.005686631716468099,-0.004328259909726461,0.0013583718067416385
2017-11-09,-0.02329716667291447,-0.027065412633361097,-0.0037682459604466284
2017-11-10,-0.019760705824629354,-0.02264712275993779,-0.002886416935308434
2017-11-13,-0.0016953497894306735,-0.0010275782804184807,0.0006677715090121928
2017-11-14,-0.008095261551522188,-0.0037259979509212462,0.004369263600600942
2017-11-15,-0.021265782164469196,-0.01883454745542412,0.002431234709045077
2017-11-16,0.0415007741806401,0.04318997000733046,0.0016891958266903595
2017-11-17,-0.00934788832196017,-0.01430586320822653,-0.004957974886266359
2017-11-20,0.000987237047636578,8.024157256231401e-05,-0.0009069954750742641
2017-11-21,0.03869644507461592,0.043415064331908795,0.004718619257292875
2017-11-22,0.011654106965558367,0.010727153268615517,-0.0009269536969428501
2017-11-24,0.01758647096620273,0.019787192886976595,0.002200721920773866
2017-11-27,0.008370856878659719,0.011584495402213277,0.0032136385235535577
2017-11-28,0.027411143411726745,0.019774345523930714,-0.007636797887796032
2017-11-29,-0.02027850809552149,-0.03600633037517644,-0.01572782227965495
2017-11-30,0.0015133673710832352,-0.0024453872314827607,-0.0039587546025659955
2017-12-01,-0.001074281962580622,-0.0027396506650507915,-0.0016653687024701695
2017-12-04,-0.015423374074746933,-0.0231806858545931,-0.007757311779846168
2017-12-05,-0.010936539565707388,-0.002205183223425887,0.008731356342281501
2017-12-06,0.013159781027576548,0.020772165963722132,0.0076123849361455845
2017-12-07,0.028563085172836084,0.02928390641427938,0.0007208212414432959
2017-12-08,0.012665878214511171,0.008470409562193212,-0.004195468652317959
2017-12-11,0.0033871045849798013,0.005961019137588919,0.002573914552609118
2017-12-12,0.00013351695963870227,-0.002035892544782196,-0.0021694095044208985
2017-12-13,0.009874565513392334,0.01174588824404308,0.0018713227306507464
2017-12-14,-0.016750663498873084,-0.012276887547942131,0.004473775950930953
2017-12-15,0.03272385409996467,0.034057699463357495,0.001333845363392823
2017-12-18,0.03127604398108241,0.03221151965176527,0.0009354756706828546
2017-12-19,-0.0275667610996484,-0.02966768403077616,-0.00210092293112776
2017-12-20,-0.01559004295785541,-0.018277032260985093,-0.0026869893031296836
2017-12-21,-0.0029216636014021504,-0.008444625863648051,-0.005522962262245901
2017-12-22,0.004877711503225337,0.005084584939245016,0.00020687343601967847
2017-12-26,-0.00020566205382265053,-0.0046529534626189835,-0.004447291408796333
2017-12-27,0.006866015496206232,0.00799741974723014,0.0011314042510239073
2017-12-28,-0.0036066661682306054,-0.007177803222151941,-0.0035711370539213355
2017-12-29,-0.007841208053970183,-0.005816106483458344,0.002025101570511839
2018-01-02,0.043165992290221326,0.04633207342173016,0.0031660811315088327
2018-01-03,0.02607692980139023,0.025652990490370543,-0.00042393931101968735
2018-01-04,0.03958255941266642,0.038314545053278894,-0.0012680143593875245
2018-01-05,0.03442039737155601,0.03816457909679888,0.003744181725242872
2018-01-08,0.00546742465295165,0.006121447586637911,0.0006540229336862617
2018-01-09,-0.017335624230239502,-0.01562935414120813,0.0017062700890313719
2018-01-10,0.00217721158233551,0.0007400361440142047,-0.0014371754383213056
2018-01-11,0.025753834859097303,0.01888189932337912,-0.006871935535718184
2018-01-12,0.05077476930043313,0.0427859289958122,-0.00798884030462093
2018-01-16,-0.022460102276883304,-0.017307404398837548,0.005152697878045755
2018-01-17,0.02697742303519881,0.0247955466356221,-0.002181876399576708
2018-01-18,0.007016504013890772,0.00911189900017649,0.0020953949862857184
2018-01-19,0.011506680111499867,0.008688652331904606,-0.0028180277795952606
2018-01-22,0.024208087517523746,0.0203361915276912,-0.003871895989832546
2018-01-23,0.033726523339977395,0.03364780135046628,-7.872198951111575e-05
2018-01-24,0.020301102938847716,0.016945542956180126,-0.0033555599826675907
2018-01-25,-0.019449824595523305,-0.01963667969323191,-0.00018685509770860476
2018-01-26,0.049726949049160495,0.048199000375989384,-0.0015279486731711103
2018-01-29,-0.027429884144138647,-0.02454865194373104,0.002881232200407608
2018-01-30,-0.05203266396492045,-0.043364713337250727,0.008667950627669722
2018-01-31,0.0011071599482809615,0.006465744822908356,0.005358584874627394
2018-02-01,-0.007045974025147597,-0.014481565790583401,-0.007435591765435804
2018-02-02,-0.08537955324198616,-0.07217565459150592,0.013203898650480245
2018-02-05,-0.09493186452537784,-0.06070853886826271,0.03422332565711513
2018-02-06,-0.0005504371459024857,0.0017127860440188062,0.0022632231899212918
2018-02-07,-0.02592183129565991,-0.01989727276584829,0.0060245585298116175
2018-02-08,-0.07562276910924841,-0.049474556880941524,0.026148212228306884
2018-02-09,0.025614196541561756,0.017964423717307117,-0.007649772824254639
2018-02-12,0.019634056818914735,0.01396202607618759,-0.005672030742727145
2018-02-13,0.009511852117249388,0.007697888348751306,-0.001813963768498082
2018-02-14,0.02707777805132993,0.018995383491199776,-0.008082394560130154
2018-02-15,0.026783577081329776,0.0192894918716833,-0.007494085209646475
2018-02-16,-0.007193881398108984,-0.006227260662927859,0.0009666207351811248
2018-02-20,-0.00791880381023422,-0.003897020444525443,0.004021783365708777
2018-02-21,-0.010308502694712295,-0.0054230071440794616,0.004885495550632834
2018-02-22,0.0013331753723903803,0.0012644834465227826,-6.869192586759772e-05
2018-02-23,0.01671153696286398,0.011423130786335828,-0.0052884061765281504
2018-02-26,0.015653026636286108,0.010764836134358096,-0.004888190501928012
2018-02-27,-0.019105741671942122,-0.012903879637729486,0.006201862034212637
2018-02-28,-0.010157937657721402,-0.005240834543740968,0.004917103113980434
2018-03-01,-0.014698897083395345,-0.012498541881102566,0.002200355202292779
2018-03-02,0.006726307039262032,0.0032229516325848603,-0.0035033554066771716
2018-03-05,0.008821625289201674,0.005381692593867863,-0.003439932695333811
2018-03-06,0.008711649587325862,0.0075234058047785775,-0.0011882437825472842
2018-03-07,-0.0032967887006800827,-0.0021433343091391203,0.0011534543915409624
2018-03-08,-0.0010185357567634847,-0.0012373942505258867,-0.000218858493762402
2018-03-09,0.02160018519962111,0.017070425073496775,-0.004529760126124334
2018-03-12,0.00355440563912506,0.0030962775445401987,-0.00045812809458486113
2018-03-13,-0.009961258714382814,-0.008900073771483916,0.0010611849428988976
2018-03-14,-0.006534729449810522,-0.004461109073935214,0.0020736203758753074
2018-03-15,-0.005957474177743515,-0.003549477644671978,0.0024079965330715374
2018-03-16,-0.00227864993870636,-0.0033686100863697835,-0.0010899601476634237
2018-03-19,-0.01760828864250391,-0.014938800497183442,0.0026694881453204686
2018-03-20,-0.0008676819442746403,0.001008774687044232,0.0018764566313188725
2018-03-21,0.004362512467256967,0.002235921749223155,-0.0021265907180338123
2018-03-22,-0.026898145072226567,-0.022520906232219327,0.004377238840007239
2018-03-23,-0.021236036017312335,-0.01780269604241694,0.003433339974895394
2018-03-26,0.025218610739483577,0.02347307538468964,-0.0017455353547939367
2018-03-27,-0.023467591051024576,-0.02236048511473606,0.001107105936288516
2018-03-28,-0.015536708932813746,-0.014527848687483963,0.0010088602453297828
2018-03-29,0.011402978945886719,0.009657255450495443,-0.001745723495391276
2018-04-02,-0.014505565828557538,-0.012900400206070303,0.0016051656224872358
2018-04-03,0.0033329787073242034,0.002596959919430042,-0.0007360187878941615
2018-04-04,0.004969939514481456,0.004441570598562611,-0.0005283689159188455
2018-04-05,-0.0034421774944861368,-0.0032717415414225716,0.00017043595306356516
2018-04-06,-0.017104718716692086,-0.015699580277394425,0.001405138439297661
2018-04-09,0.001861674157020249,0.0011252709446952904,-0.0007364032123249587
2018-04-10,0.01627673671600658,0.015168877645529382,-0.001107859070477198
2018-04-11,-0.003032336875528476,-0.004923046647779025,-0.001890709772250549
2018-04-12,0.0069842134054020665,0.009392929086075886,0.002408715680673819
2018-04-13,-0.005474668597370767,-0.0071126674786956235,-0.0016379988813248567
2018-04-16,0.011009435023659182,0.011553487241605941,0.0005440522179467593
2018-04-17,0.010050978428332361,0.010952576843440772,0.0009015984151084112
2018-04-18,0.0013064064353822576,0.0018080103221070236,0.0005016038867247661
2018-04-19,-0.005187519482214197,-0.003677486140170822,0.001510033342043375
2018-04-20,-0.02002959255723103,-0.02089636428675743,-0.0008667717295263999
2018-04-23,-0.009053042159267444,-0.009558784793385762,-0.0005057426341183186
2018-04-24,-0.01186179843487786,-0.013842296910062144,-0.001980498475184285
2018-04-25,-0.0007941693092742557,-0.0006947417561952943,9.942755307896134e-05
2018-04-26,0.011472506649117066,0.013458778320904538,0.0019862716717874724
2018-04-27,0.004874795788199308,0.007223765560918896,0.0023489697727195873
2018-04-30,-0.002719227280311355,-0.0025303545505477847,0.0001888727297635704
2018-05-01,0.0018663260810871149,0.003009901839894597,0.0011435757588074823
2018-05-02,-0.002941422660441629,-0.0024613828071551125,0.00048003985328651634
2018-05-03,0.0008063115916907768,0.003544259816170314,0.0027379482244795374
2018-05-04,0.013023582592003704,0.013606808705109774,0.0005832261131060706
2018-05-07,0.003493779087360744,0.0035210825081508856,2.730342079014167e-05
2018-05-08,0.0023317232182607445,0.0029704507119838,0.0006387274937230555
2018-05-09,0.013147812643950074,0.01384780472508699,0.0006999920811369166
2018-05-10,0.004655243769382875,0.004674142965790082,1.8899196407206643e-05
2018-05-11,-0.0007189400413856352,-0.0019491998845618818,-0.0012302598431762467
2018-05-14,0.0025757827439526716,0.0037203123890386823,0.0011445296450860107
2018-05-15,-0.007133037049173165,-0.008952514439510666,-0.001819477390337501
2018-05-16,0.005252510254743943,0.006923561107128127,0.0016710508523841835
2018-05-17,0.0014422114134598689,0.0008230211568391655,-0.0006191902566207034
2018-05-18,0.0004099028790100759,-0.0008350673442215628,-0.0012449702232316387
2018-05-21,0.012464268824100908,0.016530668766751366,0.004066399942650458
2018-05-22,-0.0075621831071894545,-0.008262913356290697,-0.0007007302491012423
2018-05-23,0.0009072655125303085,0.00203360947398529,0.0011263439614549813
2018-05-24,0.0016539112730637987,0.003927269775977698,0.002273358502913899
2018-05-25,-0.0016842049614072137,-0.0027032608381650377,-0.001019055876757824
2018-05-29,0.004820354772026391,0.00834373887690839,0.003523384104881998
2018-05-30,-0.010961612917309758,-0.019507100469709677,-0.008545487552399918
2018-05-31,-0.010430044227683868,-0.011190877792918436,-0.0007608335652345682
2018-06-01,0.01043680888893863,0.01600241632807426,0.005565607439135631
2018-06-04,0.002073777837801589,0.005896271470318673,0.0038224936325170836
2018-06-05,0.00802926414275606,0.011712210608925952,0.003682946466169892
2018-06-06,0.010143546491882338,0.011515671042253404,0.0013721245503710653
2018-06-07,-0.0018962767919268335,-0.0039558484393475805,-0.002059571647420747
2018-06-08,-0.009935557641648534,-0.016652371541443202,-0.006716813899794668
2018-06-11,0.0022599162164856452,0.0026432170495616775,0.00038330083307603225
2018-06-12,0.002522491458775693,0.003055328605483643,0.00053283714670795
2018-06-13,-0.012494420734677074,-0.015834485805789996,-0.0033400650711129225
2018-06-14,0.01162557122308693,0.013641975879381847,0.002016404656294917
2018-06-15,-0.009979263968817069,-0.01641537807759533,-0.006436114108778262
2018-06-18,-0.006679013707466503,-0.00815494227208428,-0.0014759285646177775
2018-06-19,-0.004133900606485255,-0.008412121181530941,-0.0042782205750456865
2018-06-20,0.0037218548616842007,0.0066770835145268555,0.002955228652842655
2018-06-21,-0.006800520525435434,-0.006688809983186171,0.00011171054224926296
2018-06-22,-0.009808809441475302,-0.014144655767455742,-0.00433584632598044
2018-06-25,-0.025401376099005932,-0.034105385989786643,-0.008704009890780712
2018-06-26,0.00738754424827332,0.009022643720295997,0.0016350994720226771
2018-06-27,0.0009642438866785613,0.0019313345874038383,0.0009670907007252769
2018-06-28,0.007253594599767395,0.007635359888809428,0.0003817652890420334
2018-06-29,-0.005032193274341798,-0.006555209814035119,-0.0015230165396933207
2018-07-02,0.013791417582500807,0.017681097053329743,0.0038896794708289367
2018-07-03,-0.018831030444518202,-0.029024923487369073,-0.010193893042850871
2018-07-05,0.017082484967662796,0.02046782016918628,0.003385335201523485
2018-07-06,0.012672525659410386,0.016954839078987916,0.00428231341957753
2018-07-09,0.010669353476980609,0.014993930528374047,0.004324577051393438
2018-07-10,0.0027468187026936323,0.0022515529321985536,-0.0004952657704950787
2018-07-11,0.0012498862447111962,0.0011863317467830314,-6.35544979281648e-05
2018-07-12,0.012830809178303825,0.016798547610655582,0.003967738432351757
2018-07-13,0.010502660363313803,0.01414364819156403,0.003640987828250227
2018-07-16,-0.005755466213578248,-0.0041940150997014005,0.0015614511138768473
2018-07-17,0.006027638153809968,0.006029778479694588,2.1403258846199383e-06
2018-07-18,0.010898862057555551,0.012137762949459258,0.0012389008919037065
2018-07-19,0.005396691052523396,0.005477774889394475,8.10838368710794e-05
2018-07-20,-0.01789163936456704,-0.020500230624971125,-0.002608591260404084
2018-07-23,-0.003996519672456374,-0.002367593072187847,0.0016289266002685269
2018-07-24,0.009994922740326538,0.014996556468768811,0.005001633728442274
2018-07-25,0.0070336091976850425,0.010511859721050114,0.0034782505233650713
2018-07-26,-0.01916046956988909,-0.031812479378432956,-0.012652009808543866
2018-07-27,-0.00567959636879258,-0.006848727709301843,-0.0011691313405092626
2018-07-30,-0.022951719786066502,-0.026527065222315474,-0.0035753454362489716
2018-07-31,0.007093547397730262,0.0077539911896082545,0.0006604437918779921
2018-08-01,0.005222868831546887,0.010071098805644557,0.00484822997409767
2018-08-02,0.02122850979597067,0.02796394488837798,0.006735435092407309
2018-08-03,0.01568217980445624,0.020477591289596867,0.0047954114851406285
2018-08-06,0.015453279778221347,0.016713852943470393,0.0012605731652490463
2018-08-07,0.001138927887770162,0.0002682852222001669,-0.000870642665569995
2018-08-08,0.006699965870547632,0.010762959681533237,0.004062993810985605
2018-08-09,-0.002826449603016681,-0.0048368395777534726,-0.0020103899747367917
2018-08-10,0.014308614512491661,0.018482171391732895,0.004173556879241234
2018-08-13,-0.012298387037599607,-0.010577000962104625,0.0017213860754949819
2018-08-14,0.019069517245989542,0.024253355262256932,0.00518383801626739
2018-08-15,-0.010100915521119183,-0.014796794957987065,-0.004695879436867882
2018-08-16,0.0027764431823647687,-0.0021275832289367174,-0.0049040264113014865
2018-08-17,-0.0012903329912467522,-0.004191677089597804,-0.0029013440983510523
2018-08-20,-0.0017223341136824782,-0.0036017168307857644,-0.0018793827171032862
2018-08-21,-0.009094264981362343,-0.011786350101934337,-0.0026920851205719937
2018-08-22,0.005415163154623547,0.008362516224957142,0.0029473530703335946
2018-08-23,0.005933854755273548,0.008075178645647068,0.0021413238903735194
2018-08-24,0.010562844494857017,0.010761328377213147,0.00019848388235613017
2018-08-27,0.008990101282044591,0.008510303822290474,-0.0004797974597541173
2018-08-28,-0.015170831803158964,-0.015997372153568744,-0.0008265403504097799
2018-08-29,0.013365592750433267,0.017140675535410176,0.003775082784976909
2018-08-30,-0.005707501838372954,-0.005250467442024244,0.0004570343963487102
2018-08-31,0.012953732073335581,0.01481518969726581,0.001861457623930229
2018-09-04,-0.00634021045228771,-0.007795644436903463,-0.0014554339846157534
2018-09-05,-0.02630869026070551,-0.03543121417311612,-0.009122523912410613
2018-09-06,-0.01170933774754242,-0.014063429645463093,-0.0023540918979206727
2018-09-07,-0.010708424604421727,-0.014801405860208242,-0.004092981255786514
2018-09-10,0.004463986480492582,0.003662276783545344,-0.000801709696947238
2018-09-11,-0.0009456269020185111,0.0012052158063365146,0.0021508427083550257
2018-09-12,-0.0012725273598958552,-0.005697944023344792,-0.004425416663448937
2018-09-13,-0.0014504704248120108,0.0013444125302481838,0.0027948829550601944
2018-09-14,0.0005593886972265168,-0.003336712618630823,-0.00389610131585734
2018-09-17,-0.01819724932568275,-0.02225951574361199,-0.004062266417929238
2018-09-18,8.028189599387862e-05,-0.0014872813174854032,-0.001567563213479282
2018-09-19,-0.003873797015624869,-0.006796669665007763,-0.002922872649382894
2018-09-20,0.020060215801454544,0.021347300181110647,0.0012870843796561025
2018-09-21,-0.003289302291345828,-0.0038649017701720217,-0.0005755994788261935
2018-09-24,-0.00133970578099719,0.001947781684402495,0.003287487465399685
2018-09-25,0.006056451607526653,0.009989637613480795,0.003933186005954142
2018-09-26,-0.007450878926871038,-0.0023496419059027066,0.005101237020968331
2018-09-27,0.01505106833955084,0.018867128463860586,0.003816060124309746
2018-09-28,0.009091142208999918,0.01157133128052617,0.0024801890715262526
2018-10-01,0.017432092995023244,0.01942111512229519,0.0019890221272719465
2018-10-02,-0.00772856013941826,-0.008080011628935901,-0.0003514514895176417
2018-10-03,0.01401389637374358,0.013920978736385028,-9.291763735855274e-05
2018-10-04,-0.023020896652435653,-0.025211312405319077,-0.0021904157528834234
2018-10-05,-0.014844291985474342,-0.017646092275259324,-0.0028018002897849826
2018-10-08,-0.005341337128921589,-0.0046701666213596615,0.0006711705075619278
2018-10-09,0.0039051561060621195,0.010662728501154201,0.006757572395092082
2018-10-10,-0.10075521808676445,-0.10390471372902516,-0.003149495642260705
2018-10-11,-0.07560576303089493,-0.07057675689384947,0.005029006137045461
2018-10-12,0.0311669484429638,0.039470247106645345,0.008303298663681544
2018-10-15,-0.007854970836505751,-0.010538879873259946,-0.002683909036754195
2018-10-16,0.032056813280591595,0.029112431621747915,-0.0029443816588436804
2018-10-17,-0.0025728219438045583,-0.0016508577295923533,0.000921964214212205
2018-10-18,-0.030706346122694184,-0.03244735664194872,-0.0017410105192545364
2018-10-19,0.001719422855813581,0.006147452308684104,0.004428029452870522
2018-10-22,0.001681144292844108,0.011469483302964021,0.009788339010119914
2018-10-23,0.003180716689222264,0.004115439496846959,0.0009347228076246948
2018-10-24,-0.05717147857530483,-0.057747625939413266,-0.0005761473641084369
2018-10-25,0.05772200357145377,0.0660334697628143,0.008311466191360528
2018-10-26,-0.02615203715412432,-0.030270860121654093,-0.004118822967529773
2018-10-29,-0.01900555631532404,-0.025097461035431038,-0.006091904720106997
2018-10-30,0.02766984271069469,0.031538205646727636,0.003868362936032946
2018-10-31,0.02139737236728788,0.026514794064800392,0.0051174216975125135
2018-11-01,-0.006456549913609374,-0.017831996737430567,-0.011375446823821193
2018-11-02,-0.04879297746012689,-0.060583815514786754,-0.011790838054659865
2018-11-05,0.01554432038289668,0.01840280817615593,0.00285848779325925
2018-11-06,0.01042227833171249,0.014162998104325128,0.003740719772612639
2018-11-07,0.03584522330698484,0.0453900472448501,0.009544823937865259
2018-11-08,-0.001813713371584769,5.247822073218854e-05,0.0018661915923169575
2018-11-09,-0.007534095524044477,-0.006776552352454216,0.0007575431715902614
2018-11-12,-0.028479291347182894,-0.02667914048073494,0.0018001508664479554
2018-11-13,-0.008319073148352745,-0.008856056036184343,-0.0005369828878315983
2018-11-14,-0.002297109929659986,-0.002264614198930068,3.249573072991799e-05
2018-11-15,0.013090286949684771,0.011651868857195628,-0.0014384180924891434
2018-11-16,-0.01500055086545361,-0.019481081635442002,-0.004480530769988392
2018-11-19,-0.03414227657328391,-0.033307153914626214,0.0008351226586576985
2018-11-20,-0.04601950008518103,-0.048592323524976784,-0.0025728234397957572
2018-11-21,0.003749020408819339,0.002533927011996139,-0.0012150933968232002
2018-11-23,-0.010646641401865274,-0.01197400555724421,-0.0013273641553789364
2018-11-26,0.011986769750101187,0.010048094009325792,-0.001938675740775395
2018-11-27,0.02514524389931592,0.027588444880130424,0.002443200980814502
2018-11-28,0.04517584389184097,0.04056881135100225,-0.004607032540838718
2018-11-29,-0.005078863289510533,-0.005616431263964544,-0.0005375679744540106
2018-11-30,0.007347864340473573,0.003939726091960084,-0.003408138248513489
2018-12-03,0.011505202305768514,0.007663572997677876,-0.003841629308090638
2018-12-04,-0.03359911960385131,-0.02264909396832296,0.010950025635528354
2018-12-06,0.01519850156302167,0.0138173154693402,-0.00138118609368147
2018-12-07,-0.03176426849927574,-0.02484502484593637,0.006919243653339367
2018-12-10,0.0049815047982400915,0.005758650707948331,0.0007771459097082392
2018-12-11,-0.0005938685828394404,0.0019879671670153523,0.0025818357498547926
2018-12-12,-0.010404352608302227,-0.009491051434326275,0.0009133011739759517
2018-12-13,-0.005025592726233651,-0.0016541855687272355,0.0033714071575064158
2018-12-14,-0.012323822489989542,-0.010351097474215164,0.001972725015774378
2018-12-17,-0.012850595432443249,-0.009356516552988468,0.003494078879454781
2018-12-18,0.03062953004031051,0.030197492618224745,-0.00043203742208576534
2018-12-19,-0.00518839791071226,-0.005602864953121685,-0.0004144670424094249
2018-12-20,-0.008291533543562218,-0.0033188493023462266,0.004972684241215991
2018-12-21,-0.021019072465491746,-0.016605368073901443,0.004413704391590303
2018-12-24,-0.03218456734959411,-0.033094734542041114,-0.0009101671924470062
2018-12-26,0.03857117988718677,0.03198219320761707,-0.006588986679569704
2018-12-27,-0.008665599864289464,-0.009941373581922635,-0.0012757737176331708
2018-12-28,0.012394210742360426,0.011494004131551811,-0.0009002066108086144
2018-12-31,-0.0031182282095380365,-0.003994282873188253,-0.0008760546636502162
2019-01-02,0.03770782206391686,0.03544456421120416,-0.0022632578527126967
2019-01-03,-0.00884541630346222,-0.007760528178957682,0.0010848881245045386
2019-01-04,0.008686279505764923,0.003372210892327646,-0.005314068613437277
2019-01-07,-0.01771208283953194,-0.024598853839151,-0.006886770999619058
2019-01-08,-0.005854266406359352,-0.007788722995299911,-0.0019344565889405588
2019-01-09,-0.0015156085579043535,-0.00275274009928679,-0.0012371315413824367
2019-01-10,-0.006263716362834969,-0.009659941520036826,-0.0033962251572018575
2019-01-11,-0.0005804746885238131,-0.0009263284820407113,-0.00034585379351689816
2019-01-14,-0.0018259522272809651,-0.001228550748427335,0.0005974014788536302
2019-01-15,0.010050234172634852,0.01198251232500671,0.0019322781523718573
2019-01-16,0.001429697656051202,-0.0005353510243446937,-0.0019650486803958955
2019-01-17,0.001693248952391286,0.00030430695978901043,-0.0013889419926022754
2019-01-18,0.002096863233041475,-0.001821033379504622,-0.003917896612546097
2019-01-22,-0.007371730148200492,-0.004288704851812611,0.003083025296387881
2019-01-23,0.009737376665264232,0.014054718743175333,0.004317342077911101
2019-01-24,0.008252849163829701,0.006923413187304717,-0.0013294359765249845
2019-01-25,-0.0028724691587577607,-0.00928098057037241,-0.006408511411614649
2019-01-28,-0.006922314565162078,-0.006591305533204497,0.0003310090319575817
2019-01-29,0.0008746299224426121,-0.0014737364501087582,-0.00234836637255137
2019-01-30,0.035886764750122625,0.0390027025845418,0.003115937834419172
2019-01-31,0.020683090012129753,0.022317587740322734,0.0016344977281929803
2019-02-01,-0.0006553458194364762,-0.005465284229795782,-0.004809938410359306
2019-02-04,-0.0025797300169786326,-0.002493061984702428,8.666803227620453e-05
2019-02-05,0.0190621207278033,0.022552268444483953,0.003490147716680655
2019-02-06,-0.005706856566203534,-0.007503656739637191,-0.0017968001734336566
2019-02-07,0.012960586617583505,0.018462763480428364,0.005502176862844859
2019-02-08,0.017344033348365078,0.01854585045080338,0.0012018171024383018
2019-02-11,-0.005696897415787349,-0.0076113303383437796,-0.0019144329225564303
2019-02-12,0.0048126124327907745,0.0018503819134101714,-0.0029622305193806034
2019-02-13,-0.005120081744445457,-0.006993430994619334,-0.0018733492501738771
2019-02-14,0.020270695900301814,0.02377548574794031,0.0035047898476384953
2019-02-15,0.007317227625788404,0.0029005426529612795,-0.004416684972827124
2019-02-19,0.020941104922906028,0.024896847375838173,0.003955742452932145
2019-02-20,-0.00047638862024581137,-0.0022920542213808143,-0.0018156656011350028
2019-02-21,-0.017473583687907714,-0.017275676561163755,0.00019790712674395972
2019-02-22,0.003599010038373659,-0.000656938040399944,-0.004255948078773603
2019-02-25,-0.010905748846346847,-0.018631148080174117,-0.007725399233827271
2019-02-26,0.004043284258252634,0.005773946275185346,0.0017306620169327122
2019-02-27,-0.027034418248143142,-0.03396474166535153,-0.006930323417208388
2019-02-28,-0.022099257319835638,-0.02195956590431314,0.00013969141552249917
2019-03-01,0.006092399991448802,0.0024462332536845676,-0.003646166737764234
2019-03-04,0.0037223534534740815,0.007233968517835099,0.0035116150643610174
2019-03-05,0.007211122796628169,0.011020219511343597,0.003809096714715428
2019-03-06,0.00738284772688976,0.014738705322796631,0.007355857595906871
2019-03-07,0.008282250187503983,0.006879790975286802,-0.0014024592122171805
2019-03-08,0.011395333253503614,0.011638546717752683,0.0002432134642490688
2019-03-11,0.0021015166055135866,-0.00010149031416254452,-0.0022030069196761312
2019-03-12,0.01697075743632159,0.01779039673806554,0.0008196393017439497
2019-03-13,0.0012813106765476858,0.001060843466308815,-0.00022046721023887082
2019-03-14,-0.009712374744672096,-0.009851913874989864,-0.00013953913031776802
2019-03-15,0.010006292634830896,0.010821437462370888,0.0008151448275399917
2019-03-18,0.004617757293495202,0.001362691649217405,-0.0032550656442777975
2019-03-19,0.00042651555746542775,0.0014594208070637126,0.001032905249598285
2019-03-20,0.018230962282087624,0.02231737910113148,0.004086416819043856
2019-03-21,0.018011362636163295,0.01801919459508474,7.831958921445531e-06
2019-03-22,-0.00752625837371787,-0.00016745785106935467,0.007358800522648515
2019-03-25,0.0086784213962486,0.011136275956232986,0.002457854559984386
2019-03-26,0.005188050437247455,0.004228890921128363,-0.0009591595161190921
2019-03-27,0.006147514107096249,0.009812971673203379,0.0036654575661071295
2019-03-28,0.0018001557843723502,-0.00046949902922619494,-0.002269654813598545
2019-03-29,-0.005451947888438177,-0.009101616572890218,-0.003649668684452041
2019-04-01,-0.0006125003514804004,-0.0018603550347683865,-0.0012478546832879862
2019-04-02,0.018299847151412203,0.019522050932466443,0.0012222037810542402
2019-04-03,-0.009705076007828288,-0.011552685697399328,-0.0018476096895710392
2019-04-04,0.004554515601886533,0.005159906097507878,0.0006053904956213451
2019-04-05,-4.8829311854714445e-05,-0.00369064680852101,-0.003641817496666295
2019-04-08,0.00882234933262384,0.011388323675932758,0.002565974343308918
2019-04-09,-0.008311571116075186,-0.00334940126473957,0.004962169851335616
2019-04-10,0.021295156014109685,0.022270747580037158,0.0009755915659274729
2019-04-11,-0.015317224314791126,-0.016842622936220745,-0.0015253986214296186
2019-04-12,0.002125140179569782,-0.000117651003462716,-0.002242791183032498
2019-04-15,-0.0026041559061213745,0.0004871216828509675,0.003091277588972342
2019-04-16,0.004648872144444648,0.004905089664555275,0.00025621752011062687
2019-04-17,0.0033051543520989297,0.011577719678087694,0.008272565325988765
2019-04-18,0.007650271363950603,0.006221275129088544,-0.0014289962348620596
2019-04-22,-0.005223626055294914,-0.008327230073543605,-0.003103604018248691
2019-04-23,0.035311949506132055,0.03644872429746822,0.0011367747913361634
2019-04-24,0.033865941873441927,0.03963933312852821,0.005773391255086281
2019-04-25,0.0012757946509508043,0.006454384622945607,0.005178589971994803
2019-04-26,0.0028345952934561718,-0.0008424731819469664,-0.003677068475403138
2019-04-29,-0.004423275366445898,-0.006187389507625502,-0.0017641141411796043
2019-04-30,0.010027203320741938,0.010809772446171166,0.0007825691254292281
2019-05-01,-0.014326753908489089,-0.008185127007509107,0.006141626900979982
2019-05-02,-0.017281005887648603,-0.019624818725515015,-0.0023438128378664123
2019-05-03,0.028222342778069988,0.029837854287636537,0.0016155115095665487
2019-05-06,-0.015143813113114907,-0.017856554193724207,-0.0027127410806093
2019-05-07,-0.03694055140363561,-0.03606901502693567,0.0008715363766999412
2019-05-08,-0.004591105637736757,-0.005163083138280592,-0.0005719775005438342
2019-05-09,0.014096160326778037,0.01468893467033111,0.0005927743435530739
2019-05-10,0.0065625512239127866,0.008109727795198737,0.0015471765712859508
2019-05-13,-0.00934859359168302,-0.004592987140701533,0.004755606450981488
2019-05-14,0.006006239579333377,0.0024430520725075592,-0.003563187506825818
2019-05-15,0.023647069883885596,0.028250868289679442,0.004603798405793846
2019-05-16,0.012710546696509043,0.012526135490189274,-0.0001844112063197692
2019-05-17,-0.0002368105011956567,0.00247401754882063,0.0027108280500162864
2019-05-20,-0.01839261221560985,-0.020919204674281697,-0.002526592458671848
2019-05-21,-0.0011803529866261644,-0.006184636436859709,-0.005004283450233545
2019-05-22,0.015327657855839926,0.019509970171911587,0.004182312316071661
2019-05-23,0.013093363369361235,0.02006346172937193,0.006970098360010694
2019-05-24,-0.012461008009060071,-0.01643533926269347,-0.0039743312536334
2019-05-28,0.01575587040024009,0.021318865682449686,0.005562995282209597
2019-05-29,-0.006103381830040455,-0.007053900982850013,-0.0009505191528095579
2019-05-30,0.02271901387179958,0.029470051274633695,0.006751037402834115
2019-05-31,0.017603272620090413,0.022056064316183704,0.004452791696093292
2019-06-03,0.0011160632184240415,-0.006734636645229366,-0.007850699863653408
2019-06-04,-0.0016996110286116243,-0.005768615578249918,-0.004069004549638293
2019-06-05,0.01971548390604188,0.02241199536380654,0.0026965114577646616
2019-06-06,0.02483257010379097,0.02990219248114882,0.005069622377357849
2019-06-07,0.01908923432468149,0.021395172049436223,0.002305937724754733
2019-06-10,-0.002480210601106693,0.00048711837852355395,0.002967328979630247
2019-06-11,0.0011679642742902486,0.006175405959658884,0.005007441685368635
2019-06-12,0.018981665089073375,0.01981730629263178,0.0008356412035584043
2019-06-13,0.03641035269636168,0.032175100843627485,-0.004235251852734191
2019-06-14,0.018756937473193028,0.02517046675760366,0.006413529284410632
2019-06-17,-0.010804221295518474,-0.017967880486864627,-0.0071636591913461535
2019-06-18,0.028655307520124445,0.028692710852360727,3.740333223628198e-05
2019-06-19,0.035240694387526285,0.038409507000147024,0.003168812612620739
2019-06-20,0.01064854251125619,0.007524492148015643,-0.0031240503632405476
2019-06-21,-0.0014009242785691996,-0.001549601024563104,-0.00014867674599390438
2019-06-24,0.026171727592835415,0.034529633672219257,0.008357906079383842
2019-06-25,-0.02075825020324012,-0.023970886045006558,-0.003212635841766436
2019-06-26,-0.03405443814905384,-0.0386654866379088,-0.004611048488854963
2019-06-27,0.002698632951289346,-0.001795935330117746,-0.004494568281407092
2019-06-28,0.018717445250996806,0.014325379225700726,-0.0043920660252960795
2019-07-01,0.03871208446193999,0.04573960556747026,0.007027521105530274
2019-07-02,0.05333926703579769,0.06240487447243893,0.00906560743664124
2019-07-03,0.028749497341106323,0.027671425982024565,-0.0010780713590817573
2019-07-05,-0.0030002895304729127,-0.0012835440473000221,0.0017167454831728906
2019-07-08,-0.007291687109235996,-0.005840689443443927,0.001450997665792069
2019-07-09,-0.012953904092527977,-0.01374208762489341,-0.0007881835323654326
2019-07-10,0.0190741077174138,0.020462734276798882,0.0013886265593850838
2019-07-11,-0.04173128795070484,-0.04309712890849515,-0.0013658409577903124
2019-07-12,0.005173287813357625,0.004764960678428464,-0.0004083271349291607
2019-07-15,0.006528755042397072,0.007901372891326199,0.001372617848929127
2019-07-16,-0.01809278822259624,-0.014832694570739949,0.00326009365185629
2019-07-17,0.0117124699764421,0.01018880341690656,-0.001523666559535541
2019-07-18,0.01806975523987572,0.014743705129306358,-0.0033260501105693615
2019-07-19,-0.010561565988282088,-0.00851692999716653,0.002044635991115559
2019-07-22,0.015563561036251736,0.016053589372324255,0.0004900283360725188
2019-07-23,0.015001782046600177,0.016172461031672566,0.0011706789850723896
2019-07-24,0.03488764304463259,0.03105638676288278,-0.0038312562817498126
2019-07-25,-0.023676162797174615,-0.017653306473037714,0.006022856324136901
2019-07-26,0.0130495317353893,0.0097578590854446,-0.0032916726499446994
2019-07-29,0.006006277918477857,0.008022572302932787,0.0020162943844549298
2019-07-30,0.003954115505350899,0.00025862994606917024,-0.003695485559281729
2019-07-31,-0.01256839278272122,-0.008062085334458461,0.00450630744826276
2019-08-01,0.04195970373836487,0.04346910194307481,0.0015093982047099386
2019-08-02,0.002869968357125585,0.0016273206421164492,-0.0012426477150091356
2019-08-05,0.011970167583168646,0.014548745828656121,0.0025785782454874756
2019-08-06,0.019649637762561914,0.018803608865803265,-0.0008460288967586486
2019-08-07,0.025952460598913055,0.027137170095895426,0.001184709496982371
2019-08-08,0.03188553305077998,0.03056590200518748,-0.0013196310455924967
2019-08-09,-0.015150924725899758,-0.013847298956128296,0.0013036257697714628
2019-08-12,0.0077094098852451935,0.012898451562948079,0.005189041677702885
2019-08-13,0.02545522965550683,0.028751126796576387,0.003295897141069558
2019-08-14,-0.038491703468501615,-0.03435378722861002,0.004137916239891598
2019-08-15,0.04424632848799491,0.04306736511130538,-0.0011789633766895319
2019-08-16,0.025937783337040735,0.023469189002290832,-0.0024685943347499024
2019-08-19,0.003042344347668909,0.0031746448313365377,0.00013230048366762864
2019-08-20,-0.009427600976045405,-0.009827915926077915,-0.00040031495003250983
2019-08-21,0.00184499371459165,-0.0003138220376383328,-0.002158815752229983
2019-08-22,-0.009316303147840883,-0.007843925776306077,0.0014723773715348068
2019-08-23,-0.06340923838386836,-0.06802986096629571,-0.004620622582427347
2019-08-26,0.03285511187243076,0.02827846139679355,-0.004576650475637208
2019-08-27,-0.01637635439537126,-0.009724553909796001,0.006651800485575258
2019-08-28,0.02147783159687373,0.015490982307015332,-0.005986849289858398
2019-08-29,0.04177343554286106,0.03156242918872656,-0.010211006354134501
2019-08-30,-0.019312274044290093,-0.016360577640256557,0.002951696404033536
2019-09-03,-0.004516038441334912,-0.0011612184690704497,0.0033548199722644627
2019-09-04,0.023239055739506548,0.019642261089933975,-0.003596794649572573
2019-09-05,-0.0010545408276593233,-0.0021612389448440275,-0.0011066981171847041
2019-09-06,-0.03330840546175045,-0.027470629086528857,0.005837776375221593
2019-09-09,-0.0014542144508698674,-0.0015560456712319659,-0.0001018312203620985
2019-09-10,-0.04845248850139544,-0.04818989329533558,0.00026259520605986103
2019-09-11,0.0023022399526376166,0.0004413816511311886,-0.0018608583015064279
2019-09-12,0.007018848919736326,0.008354305569659775,0.0013354566499234497
2019-09-13,-0.022096756794192606,-0.02083012830720848,0.0012666284869841254
2019-09-16,-0.011669446794595298,-0.014115476883154775,-0.0024460300885594775
2019-09-17,0.015168910711110059,0.01494595622990173,-0.0002229544812083293
2019-09-18,0.010988323198161004,0.011034929543525725,4.660634536472058e-05
2019-09-19,0.006571019018858989,0.0063227840018784095,-0.00024823501698057956
2019-09-20,-0.00967054401574967,-0.010980382043884828,-0.001309838028135158
2019-09-23,0.0055987259092328935,0.00629982308413636,0.0007010971749034662
2019-09-24,-0.010137390255160082,-0.00443837388268175,0.0056990163724783315
2019-09-25,0.018357580208495396,0.01788135450677665,-0.00047622570171874587
2019-09-26,-0.0037447656884774558,0.0017707901209191453,0.005515555809396601
2019-09-27,-0.008961093415153,-0.007679229271094111,0.0012818641440588896
2019-09-30,0.0160190864110583,0.017284849098799824,0.0012657626877415236
2019-10-01,-0.020294049805897007,-0.012147842753936228,0.008146207051960778
2019-10-02,-0.03165772766313771,-0.026609930724816478,0.00504779693832123
2019-10-03,0.020257271806888244,0.014821457912871178,-0.005435813894017066
2019-10-04,0.046831839214212356,0.0423720398737288,-0.004459799340483558
2019-10-07,-0.010159461224458228,-0.009528361424209205,0.0006310998002490228
2019-10-08,-0.05407194667438454,-0.0435326801881149,0.010539266486269634
2019-10-09,0.043845296381090776,0.03993491059191789,-0.003910385789172889
2019-10-10,-0.012287746859457518,-0.010819559211541704,0.001468187647915814
2019-10-11,-0.029106195755686227,-0.02800300779800106,0.0011031879576851658
2019-10-14,-5.9187538417124254e-05,0.0008455793659468479,0.0009047669043639722
2019-10-15,0.019563409355171153,0.013686747203041173,-0.00587666215212998
2019-10-16,-0.012704799282315169,-0.009083524423499526,0.0036212748588156426
2019-10-17,0.004570013991873089,0.0018186109631902175,-0.0027514030286828715
2019-10-18,-0.018749151722270384,-0.014543877922646173,0.004205273799624211
2019-10-21,0.015554053165335422,0.014588108407460939,-0.0009659447578744835
2019-10-22,-0.027235437199266736,-0.02962429417207718,-0.002388856972810445
2019-10-23,0.005678387654622483,0.003831912378691485,-0.0018464752759309979
2019-10-24,0.010063207297516343,0.012737260317973492,0.002674053020457149
2019-10-25,0.02924789447125129,0.02761756237646251,-0.0016303320947887827
2019-10-28,0.018887018043662215,0.01895705977663831,7.004173297609634e-05
2019-10-29,-0.01769956373318948,-0.020372691726350565,-0.0026731279931610855
2019-10-30,0.0029894690672256875,0.002044721380925828,-0.0009447476862998595
2019-10-31,0.0015086859620135294,0.0049063796329643855,0.003397693670950856
2019-11-01,0.028699873718350213,0.02155024306863473,-0.007149630649715483
2019-11-04,0.013385441193989978,0.013136664187791972,-0.000248777006198006
2019-11-05,-0.00022998263125028218,-0.0004939348544507855,-0.00026395222320050335
2019-11-06,-0.014241279053213152,-0.011125569939866194,0.003115709113346958
2019-11-07,0.008563826681649305,0.0052221963547286945,-0.0033416303269206103
2019-11-08,-0.013689755641725667,-0.015550824348628152,-0.001861068706902485
2019-11-11,-0.005728353466931042,-0.003484062785638324,0.002244290681292718
2019-11-12,0.0056629391291395555,0.006870316313270036,0.0012073771841304808
2019-11-13,0.0005798818755225028,0.0005126810793458261,-6.720079617667668e-05
2019-11-14,0.006893349770780298,0.0060928547333151525,-0.0008004950374651456
2019-11-15,0.011853771984227414,0.008463175851471515,-0.0033905961327558992
2019-11-18,0.0010127092288007625,0.0021471028018042572,0.0011343935730034947
2019-11-19,0.0005829859505000207,-0.004077495211206654,-0.004660481161706675
2019-11-20,-0.019762800704346394,-0.029294817246457598,-0.009532016542111204
2019-11-21,-0.022352619375910633,-0.028873164681237625,-0.006520545305326992
2019-11-22,-0.008600243700120035,-0.01404976728058732,-0.005449523580467285
2019-11-25,0.030507218729958735,0.02899584268960432,-0.001511376040354416
2019-11-26,0.01951940210759358,0.019080010474432384,-0.00043939163316119786
2019-11-27,0.022573321379650103,0.023081350547363173,0.0005080291677130692
2019-11-29,-0.022191987728422676,-0.0238218758301304,-0.001629888101707725
2019-12-02,-0.03305482399327379,-0.030753674194091054,0.0023011497991827327
2019-12-03,-0.05300359623911606,-0.055182124308409644,-0.0021785280692935838
2019-12-04,0.020626248215606536,0.018528494869166075,-0.0020977533464404605
2019-12-05,0.0008805070202965789,0.006389915894636117,0.005509408874339539
2019-12-06,0.010767981307316559,0.010996597621885748,0.00022861631456918934
2019-12-09,-0.014200931947185854,-0.016032370696272193,-0.0018314387490863393
2019-12-10,-0.007981889665080264,-0.008320840898440304,-0.00033895123336004016
2019-12-11,0.008011683368691581,0.012457284400149224,0.0044456010314576425
2019-12-12,0.035040800301452124,0.03239160505732289,-0.0026491952441292307
2019-12-13,-0.014149500796920395,-0.011307925225597823,0.0028415755713225715
2019-12-16,0.014060522430613292,0.012813536198908324,-0.001246986231704968
2019-12-17,0.008244399807255465,0.009862593154151384,0.0016181933468959186
2019-12-18,-0.0017690811102526668,-0.000406497641586372,0.001362583468666295
2019-12-19,0.0039028581531828184,0.0016483065246694253,-0.002254551628513393
2019-12-20,0.015081632070192221,0.012941121088501041,-0.0021405109816911797
2019-12-23,0.0019245708499709166,-0.0019320300202581053,-0.0038566008702290216
2019-12-24,0.003688376494939777,0.003810477453861858,0.00012210095892208105
2019-12-26,0.02560174789444978,0.03002903375334455,0.004427285858894771
2019-12-27,0.012132762660519318,0.015185308821816018,0.0030525461612966997
2019-12-30,-0.008738318136812908,-0.004046273753859954,0.004692044382952954
2019-12-31,-0.00425411749343561,-0.006961911856883204,-0.0027077943634475935
2020-01-02,0.03504538029823843,0.04308803308964326,0.008042652791404835
2020-01-03,-0.005322545185348237,-0.007138907179902858,-0.0018163619945546208
2020-01-06,8.900377532924044e-06,-0.004933804711483996,-0.00494270508901692
2020-01-07,-0.002401171081877115,-0.0030402630843199972,-0.0006390920024428822
2020-01-08,0.01223540162768931,0.014441513294160584,0.002206111666471274
2020-01-09,0.010908435367790043,0.012525019052024827,0.0016165836842347847
2020-01-10,0.008865029452567586,0.010776870783765094,0.0019118413311975078
2020-01-13,0.033655460365064865,0.04347170192743425,0.009816241562369384
2020-01-14,-0.011612749695548598,-0.022058191715161792,-0.010445442019613194
2020-01-15,0.003450745656051941,-0.0019227570666154458,-0.0053735027226673865
2020-01-16,0.03698324998020809,0.03797220718562021,0.0009889572054121165
2020-01-17,0.03144325880052934,0.03948884814925442,0.008045589348725082
2020-01-21,-0.017947928545063517,-0.01556080785869366,0.0023871206863698563
2020-01-22,0.01263241465995189,0.015928483814817075,0.0032960691548651853
2020-01-23,-0.002941052045571538,0.0005762022271703887,0.0035172542727419263
2020-01-24,-0.007182552939656779,-0.001996609623301147,0.005185943316355631
2020-01-27,-0.03898050846660122,-0.04352736298463939,-0.004546854518038171
2020-01-28,0.03740233278535359,0.044204394897086705,0.006802062111733113
2020-01-29,0.0006622546712764105,0.004032449025053913,0.003370194353777503
2020-01-30,0.03799043338242974,0.04223392960730436,0.004243496224874625
2020-01-31,-0.04438773862388536,-0.04746092992185572,-0.0030731912979703596
2020-02-03,0.02069048623638076,0.02204610474692314,0.0013556185105423786
2020-02-04,0.03561754419605132,0.04055513715338835,0.004937592957337027
2020-02-05,0.036407858278010775,0.036164656488047835,-0.00024320178996294073
2020-02-06,0.03226624669300241,0.03775903334396893,0.005492786650966516
2020-02-07,-0.005902992667685723,-0.005408125742215494,0.0004948669254702292
2020-02-10,0.024493445816544782,0.0242215264396973,-0.0002719193768474827
2020-02-11,0.01680383913615671,0.014410718183853997,-0.002393120952302711
2020-02-12,0.011279172294894503,0.010175934171648091,-0.0011032381232464125
2020-02-13,0.004498935266267769,0.004494545836755607,-4.389429512162424e-06
2020-02-14,0.006266401431276162,0.004787275091035988,-0.0014791263402401736
2020-02-18,-0.012929498707921382,-0.015142614067512694,-0.0022131153595913115
2020-02-19,0.025993936642115866,0.026956469513020324,0.0009625328709044582
2020-02-20,-0.00034937242193371694,-0.004102613492182622,-0.003753241070248905
2020-02-21,-0.04019695579596449,-0.04452851087704735,-0.0043315550810828635
2020-02-24,-0.08389054697466136,-0.07073214382119752,0.013158403153463838
2020-02-25,-0.09422138060049827,-0.07693667897925671,0.017284701621241558
2020-02-26,-0.03741432562063885,-0.025931866242527295,0.011482459378111556
2020-02-27,-0.11313045925095365,-0.10128044326026787,0.011850015990685775
2020-02-28,-0.02021108633144771,-0.014301273035285242,0.005909813296162468
2020-03-02,0.025743002230235845,0.01958358130463588,-0.0061594209255999635
2020-03-03,-0.026068717427001172,-0.017400255274243586,0.008668462152757586
2020-03-04,0.043711093164398904,0.02862702458881728,-0.015084068575581623
2020-03-05,-0.022120575101079506,-0.01546567334985796,0.006654901751221546
2020-03-06,0.011354135066684324,0.007686167980396744,-0.0036679670862875807
2020-03-09,-0.03935360204064355,-0.02509723986523016,0.014256362175413394
2020-03-10,0.00873358762239472,0.008915763565178966,0.0001821759427842462
2020-03-11,-0.021418279042345237,-0.01329057260770518,0.008127706434640057
2020-03-12,-0.06148594599415041,-0.041697716497484584,0.019788229496665824
2020-03-13,0.0744061601375144,0.0527363657750005,-0.0216697943625139
2020-03-16,-0.06880328958779497,-0.05175498465396605,0.017048304933828917
2020-03-17,0.0317871601966026,0.02636640499073798,-0.005420755205864616
2020-03-18,-0.029393413933483284,-0.024872793235650278,0.004520620697833006
2020-03-19,0.015903761287166498,0.008063906611749681,-0.007839854675416816
2020-03-20,-0.03904433793865746,-0.03249219702671113,0.006552140911946336
2020-03-23,-0.007112561850514571,-0.0037009233126288014,0.0034116385378857696
2020-03-24,0.03447507738320062,0.02575475378785256,-0.008720323595348058
2020-03-25,-0.009096402766974378,-0.007759579712973125,0.0013368230540012531
2020-03-26,0.02269623579347913,0.016532554748145956,-0.006163681045333175
2020-03-27,-0.022678645496991955,-0.016588328744653935,0.00609031675233802
2020-03-30,0.014049319540492386,0.01115695261036021,-0.0028923669301321765
2020-03-31,-0.00483580936468803,-0.0037060579939333944,0.0011297513707546353
2020-04-01,-0.0162306516758983,-0.012647996063682486,0.003582655612215815
2020-04-02,0.006456104186544512,0.004625404231171008,-0.0018306999553735041
2020-04-03,-0.0033554493880077717,-0.0032330541298698752,0.00012239525813789644
2020-04-06,0.03008966665115833,0.024957854463681862,-0.005131812187476468
2020-04-07,-0.003076412287534286,-0.0017129520275038933,0.0013634602600303928
2020-04-08,0.009202906356878504,0.005474235545902491,-0.0037286708109760137
2020-04-09,0.006941387468780097,0.004687820393390344,-0.0022535670753897523
2020-04-13,-0.003490266013080834,-0.0016603333402537912,0.0018299326728270426
2020-04-14,0.014530437361910314,0.012859898853392655,-0.0016705385085176595
2020-04-15,-0.005692950350917904,-0.004174570669306173,0.0015183796816117309
2020-04-16,0.011771035661401277,0.01104036407546231,-0.0007306715859389662
2020-04-17,-0.0030278834418745225,-0.0060545305581808945,-0.003026647116306372
2020-04-20,-0.007856457182295513,-0.00731340240533032,0.000543054776965193
2020-04-21,-0.012304145887443937,-0.011045714742072039,0.0012584311453718976
2020-04-22,0.011564399338367871,0.009910504901282717,-0.001653894437085154
2020-04-23,-0.002618403013707226,-0.0037344125428476855,-0.0011160095291404596
2020-04-24,0.00674410552497214,0.006091564218514575,-0.0006525413064575646
2020-04-27,0.003337500321148143,0.0020388493174389355,-0.0012986510037092075
2020-04-28,-0.004689913684611342,-0.005134184202394836,-0.0004442705177834941
2020-04-29,0.012458443417097335,0.010438694653544547,-0.0020197487635527887
2020-04-30,-0.002555634617573468,-0.0009801039207840757,0.0015755306967893921
2020-05-01,-0.014863605038697906,-0.01175818849668855,0.0031054165420093555
2020-05-04,0.00317832851505063,0.0021331383780507536,-0.0010451901369998764
2020-05-05,0.0015962220277203698,0.001308852212529618,-0.0002873698151907519
2020-05-06,0.0007553838500838568,0.001781845502899725,0.001026461652815868
2020-05-07,0.0031123314132692702,0.0008648190436593997,-0.0022475123696098706
2020-05-08,0.013593981566882955,0.01212568435230484,-0.001468297214578116
2020-05-11,-0.0057064884756605995,-0.005908033442362925,-0.0002015449667023255
2020-05-12,-0.012112914218276632,-0.013043254007098104,-0.0009303397888214722
2020-05-13,-0.0028799546399172265,-0.001310194504079098,0.0015697601358381286
2020-05-14,0.011352640338295224,0.011728253777955023,0.0003756134396597985
2020-05-15,0.0024942481335378168,0.0015536884735742362,-0.0009405596599635806
2020-05-18,0.012486306100695852,0.01093378271451103,-0.001552523386184822
2020-05-19,-0.012694144609169008,-0.012155667673159143,0.0005384769360098646
2020-05-20,0.011534659144692544,0.011800432671169949,0.00026577352647740547
2020-05-21,-0.007285149170719773,-0.008995794488378905,-0.0017106453176591319
2020-05-22,-0.0002332775907490013,-0.0009658628683212533,-0.000732585277572252
2020-05-26,0.0006743577960583072,-0.000954582085521236,-0.0016289398815795431
2020-05-27,0.008881145161459074,0.010193686848440974,0.0013125416869819006
2020-05-28,0.0013613545073041236,0.0015377791503431552,0.00017642464303903164
2020-05-29,0.00892664769511,0.011361367234918906,0.002434719539808906
2020-06-01,0.0018984577471398696,-0.0002429716121388271,-0.002141429359278697
2020-06-02,0.0013944583532208873,0.0010693752380943665,-0.00032508311512652083
2020-06-03,-0.0024239346610335235,-0.006100629218297237,-0.0036766945572637134
2020-06-04,-0.0012789475494179143,-0.0011880318705850773,9.091567883283695e-05
2020-06-05,0.0059302174253229685,0.004326414520648073,-0.0016038029046748954
2020-06-08,0.0024158914345312997,-0.0017943479243330079,-0.004210239358864307
2020-06-09,0.006496425469815382,0.014191276004312664,0.007694850534497282
2020-06-10,0.01136679347829167,0.019759335233088423,0.008392541754796753
2020-06-11,-0.03917871332666437,-0.044403830308110646,-0.005225116981446273
2020-06-12,-0.0032728577059727955,-0.007254260680534145,-0.003981402974561349
2020-06-15,0.004485498098868449,0.0054976011355784855,0.0010121030367100364
2020-06-16,0.017010143132299694,0.02228852733213191,0.005278384199832217
2020-06-17,0.0010743535462184413,0.003507910922404282,0.0024335573761858405
2020-06-18,-0.0024920489285679597,-0.004478087838291866,-0.0019860389097239063
2020-06-19,-0.0009653907415449623,-0.0007803657947606935,0.0001850249467842687
2020-06-22,0.00935859107793978,0.012546800903108045,0.0031882098251682645
2020-06-23,0.006353122084838593,0.010096900461000771,0.0037437783761621784
2020-06-24,-0.014278750608039148,-0.015115709068234399,-0.0008369584601952505
2020-06-25,0.0015542734166307387,0.0010317230119202235,-0.0005225504047105152
2020-06-26,-0.009009235769814997,-0.011708594118022348,-0.0026993583482073508
2020-06-29,0.011523118804111296,0.016155086447591303,0.004631967643480008
2020-06-30,0.01518015676393041,0.022660346579309106,0.007480189815378695
2020-07-01,0.0006730925449538577,0.00031449156602425104,-0.00035860097892960664
2020-07-02,0.005398803249868675,0.008794371973371956,0.0033955687235032814
2020-07-06,0.016701821924889122,0.02599424249618457,0.009292420571295448
2020-07-07,-0.0032908939543020493,-0.0037413888553605593,-0.00045049490105851
2020-07-08,0.010518428215848578,0.014734529474677868,0.0042161012588292895
2020-07-09,0.0022299684960536094,0.006519968053519773,0.004289999557466164
2020-07-10,0.002821617701658836,0.005016231481303931,0.0021946137796450952
2020-07-13,-0.008694798807919058,-0.009762707682397244,-0.0010679088744781854
2020-07-14,0.01057101897586194,0.013258191060007253,0.002687172084145314
2020-07-15,0.003508812077737196,-0.0014150459085424747,-0.004923857986279671
2020-07-16,-0.004228461184225559,-0.003615676826044485,0.0006127843581810737
2020-07-17,0.0019061917737636857,0.000840246315672878,-0.0010659454580908077
2020-07-20,0.013988417265868964,0.021940724493093134,0.00795230722722417
2020-07-21,0.011250382787378966,0.011527792990797434,0.00027741020341846834
2020-07-22,0.014198678860858138,0.018643116841753325,0.004444437980895187
2020-07-23,-0.013976446462162262,-0.02281795297281236,-0.0088415065106501
2020-07-24,-0.0075234041370931416,-0.00927234576313943,-0.0017489416260462881
2020-07-27,0.026787769908733758,0.03706248216443045,0.010274712255696691
2020-07-28,-0.004729384382308764,-0.006898782907033229,-0.0021693985247244647
2020-07-29,0.01624679864028053,0.020696437693273367,0.004449639052992838
2020-07-30,0.00589788242213661,0.009994322426877637,0.004096440004741028
2020-07-31,0.016756175942552694,0.028456387259477314,0.01170021131692462
2020-08-03,0.0070592174944031525,0.012169942574130774,0.005110725079727621
2020-08-04,0.010400924165993135,0.011908997946988577,0.0015080737809954423
2020-08-05,0.009299349014693741,0.009231446965404488,-6.790204928925313e-05
2020-08-06,0.017760579747633242,0.025283659532335686,0.007523079784702444
2020-08-07,-0.014377533581300912,-0.020277200428203457,-0.005899666846902546
2020-08-10,0.0008977829084821819,0.000451060599750006,-0.00044672230873217593
2020-08-11,-0.03075210833758505,-0.04125943732305669,-0.010507328985471638
2020-08-12,0.011935174034414646,0.021634899212788456,0.00969972517837381
2020-08-13,0.009679053771890973,0.011166469166136528,0.0014874153942455552
2020-08-14,0.0019761186085280494,0.002855191271771132,0.0008790726632430827
2020-08-17,0.014590023133516651,0.019034201268112064,0.004444178134595413
2020-08-18,0.01256204244928874,0.017692332722126468,0.005130290272837727
2020-08-19,-0.014756456219763627,-0.019208268063265525,-0.0044518118435018985
2020-08-20,0.0043943774804625,0.00865775852542643,0.004263381044963929
2020-08-21,0.007069096382812917,0.013149494343334423,0.006080397960521506
2020-08-24,0.006600500003194082,0.008729535557386517,0.0021290355541924355
2020-08-25,0.006002069475043269,0.007657869749219519,0.00165580027417625
2020-08-26,0.018271407736998195,0.02579381638542358,0.007522408648425384
2020-08-27,0.0020205760716609446,-0.0014704265888751192,-0.0034910026605360638
2020-08-28,0.020029862077637683,0.021435019923078932,0.0014051578454412489
2020-08-31,0.003217154235429653,0.005755611235397008,0.002538456999967355
2020-09-01,0.023404790755248452,0.03445045544973953,0.011045664694491076
2020-09-02,-0.004369422297443576,-0.006661525373421189,-0.0022921030759776124
2020-09-03,-0.05991030267149865,-0.08015780266909678,-0.02024749999759813
2020-09-04,-0.012909819700242917,-0.014989318137132163,-0.002079498436889246
2020-09-08,-0.04699918942980575,-0.0621173611956454,-0.015118171765839648
2020-09-09,0.017476336341130955,0.024053269528073094,0.006576933186942139
2020-09-10,-0.010883649921291032,-0.014424975896337965,-0.0035413259750469335
2020-09-11,-0.0011638591951560204,-0.001676406613239015,-0.0005125474180829946
2020-09-14,0.015846234058058926,0.014050470550430233,-0.0017957635076286931
2020-09-15,0.009012274581163056,0.010928926096174808,0.0019166515150117521
2020-09-16,-0.014010392037017084,-0.021054775562832445,-0.007044383525815361
2020-09-17,-0.014289376347513302,-0.01623200148896678,-0.0019426251414534773
2020-09-18,-0.0035303400216394657,-0.006223301983131993,-0.0026929619614925273
2020-09-21,-0.014020552976748403,-0.009774437479626764,0.004246115497121639
2020-09-22,-0.004201590783837888,-0.0008258849705824251,0.0033757058132554627
2020-09-23,-0.03378143407721089,-0.03705291327738264,-0.003271479200171748
2020-09-24,-0.00032582664611523925,0.0019734153013107885,0.002299241947426028
2020-09-25,0.01603429330348249,0.016258707922360595,0.00022441461887810418
2020-09-28,0.021319931463023734,0.02660366736980625,0.005283735906782515
2020-09-29,0.0009341013875423722,-0.0009257507839342135,-0.0018598521714765857
2020-09-30,0.00848191256299798,0.01037294818120714,0.0018910356182091602
2020-10-01,0.014717365044746598,0.01942999496921718,0.004712629924470583
2020-10-02,-0.02167765172267947,-0.029725710796089194,-0.008048059073409723
2020-10-05,0.016686388358075843,0.02012975414817777,0.003443365790101925
2020-10-06,-0.01723071101524622,-0.02236081847047872,-0.005130107455232499
2020-10-07,0.01245847490191829,0.013932322541433957,0.0014738476395156665
2020-10-08,0.012385661276221012,0.012319601618467534,-6.605965775347868e-05
2020-10-09,0.023231675658132212,0.029034313406878794,0.0058026377487465815
2020-10-12,0.028560689073608616,0.04048989819613489,0.011929209122526273
2020-10-13,-0.007398640863078473,-0.008773288801465422,-0.0013746479383869494
2020-10-14,-0.003583684962770605,-0.0034979222090970826,8.576275367352254e-05
2020-10-15,-0.006607609936938649,-0.008754120927281636,-0.002146510990342987
2020-10-16,-0.0056565173313167655,-0.00822899447566983,-0.0025724771443530643
2020-10-19,-0.013650234391109902,-0.017571374670418295,-0.003921140279308392
2020-10-20,0.0043178786721322455,0.006123870439578137,0.0018059917674458914
2020-10-21,0.009784914097665636,0.01334260839494309,0.003557694297277453
2020-10-22,-0.014748408016940774,-0.024866990196842704,-0.01011858217990193
2020-10-23,0.00014597682431062272,-0.0012885864387887397,-0.0014345632630993624
2020-10-26,-0.01890669880403032,-0.01914820306835733,-0.00024150426432700822
2020-10-27,0.003282890794402796,0.006820915314420581,0.003538024520017785
2020-10-28,-0.05006676845012975,-0.05915556427609969,-0.009088795825969942
2020-10-29,0.005648762053890713,0.009347811431944726,0.003699049378054013
2020-10-30,-0.020617595564412155,-0.029276979247382495,-0.00865938368297034
2020-11-02,0.005656071559090173,0.0032273678870321306,-0.0024287036720580424
2020-11-03,0.016847055379344954,0.016214268152970765,-0.0006327872263741895
2020-11-04,0.02908248080404233,0.03273498419494394,0.0036525033909016076
2020-11-05,0.03794327173665877,0.042446825191988835,0.004503553455330066
2020-11-06,0.001909527130590084,0.0018173975947897983,-9.212953580028569e-05
2020-11-09,-0.04199947530394836,-0.05100910084518104,-0.009009625541232677
2020-11-10,-0.0032956364814131,-0.004136762346311341,-0.000841125864898241
2020-11-11,0.019229605127281398,0.020518270930201327,0.0012886658029199298
2020-11-12,-0.010873622996557369,-0.008337472300160615,0.0025361506963967537
2020-11-13,0.009790272093045126,0.007082006170009647,-0.0027082659230354793
2020-11-16,0.02079856792652983,0.016661629755579374,-0.004136938170950455
2020-11-17,-0.0022971024361628564,-0.0038391574461820463,-0.00154205501001919
2020-11-18,-0.007659748935482193,-0.005985698989308624,0.0016740499461735687
2020-11-19,0.0023173125409203005,0.0005821557147208501,-0.0017351568261994503
2020-11-20,-0.003829782616435223,-0.00470449795864397,-0.0008747153422087469
2020-11-23,-0.001439224679554486,-0.0049741172815964095,-0.0035348926020419237
2020-11-24,0.019232834464841465,0.016602420071528765,-0.0026304143933126994
2020-11-25,0.0042462263577982716,0.004378895877571841,0.00013266951977356986
2020-11-27,0.0027302665427868873,0.0024065872533797134,-0.0003236792894071739
2020-11-30,-4.4072773584637314e-05,0.0038933337417064026,0.00393740651529104
2020-12-01,0.01258704637890668,0.014912759981183481,0.0023257136022768014
2020-12-02,0.005194409262805245,0.004528266890633191,-0.0006661423721720542
2020-12-03,0.007069356923073715,0.005292647574703656,-0.001776709348370059
2020-12-04,0.006942475477564971,0.0033142759658501405,-0.0036281995117148306
2020-12-07,0.0038785251294698674,0.004604957188203819,0.0007264320587339512
2020-12-08,-0.007030018778172634,-0.009760318431906116,-0.0027302996537334817
2020-12-09,-0.011404477559711626,-0.01316663840342796,-0.001762160843716335
2020-12-10,-0.0033298311049957683,-0.007089236634233239,-0.003759405529237471
2020-12-11,0.001243506488192201,-0.0011397948824161878,-0.0023833013706083886
2020-12-14,-0.00010071963635278651,0.00042388164156541665,0.0005246012779182032
2020-12-15,0.02157904928638404,0.02235567586630201,0.0007766265799179703
2020-12-16,0.017436208988915413,0.01872788656312149,0.0012916775742060765
2020-12-17,0.02910411807447052,0.027822630156766476,-0.0012814879177040425
2020-12-18,-0.0069207000515001775,-0.009567562775591969,-0.0026468627240917916
2020-12-21,-0.010458332274695116,-0.009777141048651935,0.0006811912260431818
2020-12-22,-0.01431909087392174,-0.014268185013337974,5.09058605837661e-05
2020-12-23,0.005743488437084835,0.0042373131420007,-0.0015061752950841353
2020-12-24,0.0160234024931285,0.01648041861670551,0.0004570161235770108
2020-12-28,0.022317169739129776,0.028047900703249855,0.005730730964120079
2020-12-29,0.007783729463312649,0.010462924815871235,0.002679195352558586
2020-12-30,0.012067071566946513,0.009404613003030566,-0.0026624585639159464
2020-12-31,0.007330861404705513,0.007200981131169531,-0.0001298802735359818
2021-01-04,-0.005800789581639243,-0.005763685284875902,3.710429676334094e-05
2021-01-05,0.022019733562381974,0.023474835292175925,0.0014551017297939513
2021-01-06,0.007773123715865857,0.0029960967967109296,-0.004777026919154928
2021-01-07,0.025347760546832344,0.02614007213625661,0.0007923115894242667
2021-01-08,0.00010010253878128903,0.0005062296814587436,0.00040612714267745454
2021-01-11,-0.030972790517526647,-0.03536146943127655,-0.004388678913749902
2021-01-12,0.02251699453093976,0.022532736834667656,1.5742303727896145e-05
2021-01-13,0.008043394900555357,0.010567768012590763,0.002524373112035407
2021-01-14,-0.0025829273195352104,-0.005559762595630002,-0.0029768352760947917
2021-01-15,-0.018315976400102546,-0.019590133602947743,-0.001274157202845197
2021-01-19,0.02262445481048061,0.0237761247358952,0.0011516699254145932
2021-01-20,0.02901637795607657,0.03502383870473998,0.006007460748663412
2021-01-21,0.017242324988477997,0.024455678619192737,0.00721335363071474
2021-01-22,-0.020370959862993285,-0.020493226433148888,-0.00012226657015560263
2021-01-25,0.014097447575359466,0.018782307227760454,0.004684859652400989
2021-01-26,0.0024546422195484427,0.009913120640945303,0.00745847842139686
2021-01-27,-0.028120397376614117,-0.020538468041725464,0.007581929334888653
2021-01-28,-0.0223264222126774,-0.03325605070500361,-0.010929628492326215
2021-01-29,-0.016863889001470792,-0.016693774411581156,0.00017011458988963613
2021-02-01,0.02398015615286052,0.02279371817656556,-0.00118643797629496
2021-02-02,0.010781113842586452,0.0028315640852842527,-0.0079495497573022
2021-02-03,0.0020083991018096663,-0.00046856443499088054,-0.0024769635368005467
2021-02-04,0.008998467228827566,0.007597606837074136,-0.0014008603917534295
2021-02-05,0.016627559955470016,0.014537218972858855,-0.0020903409826111604
2021-02-08,0.02276346611490646,0.022770824967887984,7.358852981524666e-06
2021-02-09,0.0032727966595128047,0.001818597870147748,-0.0014541987893650567
2021-02-10,0.0008954667658293021,0.0009242013018835272,2.8734536054225083e-05
2021-02-11,0.004075481430464421,0.004189384210089463,0.0001139027796250424
2021-02-12,0.008679543743908873,0.010100200607190008,0.0014206568632811351
2021-02-16,0.005872820786366493,0.008589856778177795,0.002717035991811302
2021-02-17,-0.012031961608899229,-0.014843908751809217,-0.002811947142909988
2021-02-18,-0.0067891733240280135,-0.007417140190984582,-0.0006279668669565688
2021-02-19,0.01284687072460741,0.013123995881511755,0.000277125156904345
2021-02-22,-0.009806225943166144,-0.012416364390332424,-0.0026101384471662794
2021-02-23,0.0014752666766214967,0.0007894626080969417,-0.000685804068524555
2021-02-24,0.019178745939677774,0.022352625085005677,0.0031738791453279035
2021-02-25,-0.04912426325404428,-0.05631068765854522,-0.0071864244045009434
2021-02-26,-0.03222652671481589,-0.032597282884284165,-0.0003707561694682726
2021-03-01,0.03716266001707879,0.03778723258839311,0.0006245725713143191
2021-03-02,-0.00911860080413185,-0.009150173151946977,-3.15723478151262e-05
2021-03-03,-0.013778037396764779,-0.012405397324031509,0.0013726400727332704
2021-03-04,-0.027074921920498797,-0.023797536132844688,0.0032773857876541093
2021-03-05,0.02278254814002501,0.02095847839620078,-0.001824069743824229
2021-03-08,-0.017823925562164163,-0.021017353525339712,-0.0031934279631755484
2021-03-09,0.03900486658407783,0.04485254589613502,0.005847679312057194
2021-03-10,0.0024987943302021923,0.0006264922924797377,-0.0018723020377224547
2021-03-11,0.03200715558790277,0.0329298317586812,0.0009226761707784303
2021-03-12,-0.0007814005650096397,-0.002183910833301984,-0.0014025102682923445
2021-03-15,0.012043523219408965,0.013160804131181909,0.0011172809117729436
2021-03-16,-0.0069782004644726265,-0.005866895824458651,0.0011113046400139754
2021-03-17,0.02560416812454373,0.02819929941386305,0.002595131289319319
2021-03-18,-0.03960333846511268,-0.042833291682943746,-0.0032299532178310664
2021-03-19,-0.013501248291947083,-0.014619113762315743,-0.0011178654703686598
2021-03-22,0.0033669335506665604,0.004269598531809297,0.0009026649811427361
2021-03-23,-0.02696444654991053,-0.029117546225730394,-0.002153099675819864
2021-03-24,-0.020526813585922603,-0.02303047772067424,-0.002503664134751636
2021-03-25,0.010881159193259708,0.01301532128866185,0.0021341620954021413
2021-03-26,0.03124962632574639,0.033156452856558154,0.001906826530811763
2021-03-29,-0.009208747126817502,-0.010923692864420593,-0.0017149457376030904
2021-03-30,0.008356290627855938,0.011810210493440047,0.0034539198655841093
2021-03-31,0.012502973439321854,0.013743769295256256,0.0012407958559344026
2021-04-01,0.02353458144682054,0.025617560985987126,0.002082979539166585
2021-04-05,0.02466619869733049,0.02954940429254043,0.004883205595209942
2021-04-06,0.005313015754515022,0.006146829321483115,0.0008338135669680932
2021-04-07,-0.0038152174696604157,-0.002381301954189413,0.0014339155154710027
2021-04-08,0.020333025847716034,0.02234466122929897,0.0020116353815829366
2021-04-09,0.0055937273804438315,0.007104836528991318,0.0015111091485474869
2021-04-12,-0.0051935487738953645,-0.004668784276957903,0.0005247644969374613
2021-04-13,0.01232749082206169,0.012604522229182066,0.0002770314071203761
2021-04-14,-0.0011501182586365745,-0.0014960378566855786,-0.00034591959804900407
2021-04-15,0.017916429791723296,0.016277633203770434,-0.0016387965879528614
2021-04-16,0.009385454865416809,0.01175996493627177,0.0023745100708549606
2021-04-19,-0.004170579115936907,-0.003688372112358555,0.0004822070035783526
2021-04-20,-0.017525065996032263,-0.025508387423410793,-0.00798332142737853
2021-04-21,0.009064100643182773,0.011688048892763297,0.002623948249580524
2021-04-22,-0.01353029811970219,-0.019462803644394646,-0.0059325055246924555
2021-04-23,0.02705122415246311,0.03380737298587455,0.006756148833411441
2021-04-26,0.025238221515156145,0.028218731491609042,0.002980509976452897
2021-04-27,-0.0015328724764008684,-0.000632759432910323,0.0009001130434905454
2021-04-28,-0.00106328955380469,-0.0038235344761981976,-0.0027602449223935073
2021-04-29,0.015575400458225745,0.019462485091478517,0.003887084633252772
2021-04-30,-0.02445927215773055,-0.02778542121645563,-0.0033261490587250774
2021-05-03,0.01673927131185846,0.02177424623028989,0.005034974918431429
2021-05-04,-0.0118280117192512,-0.009540791697470867,0.0022872200217803323
2021-05-05,0.016928165503116904,0.023232749257193184,0.00630458375407628
2021-05-06,0.03596194212270953,0.044552247184703485,0.008590305061993958
2021-05-07,0.04664328194380876,0.052460450794356905,0.005817168850548143
2021-05-10,-0.026246037889455544,-0.027031587813202543,-0.000785549923746999
2021-05-11,-0.01446526806667341,-0.012951542495724435,0.0015137255709489743
2021-05-12,-0.06475868920390612,-0.062120144787714694,0.002638544416191428
2021-05-13,0.002442703001509621,0.003587498082259117,0.0011447950807494962
2021-05-14,0.03689859524843349,0.03661509278904842,-0.00028350245938506963
2021-05-17,-0.004510591838991338,-0.003115419412452106,0.001395172426539232
2021-05-18,-0.0024540003685429076,-0.004239570394711428,-0.0017855700261685207
2021-05-19,-0.03130584031525376,-0.025201061097400338,0.006104779217853424
2021-05-20,0.019516509662696115,0.015546820111132785,-0.00396968955156333
2021-05-21,-0.00538762754357627,-0.005218141658726603,0.0001694858848496671
2021-05-24,0.02713784713007146,0.025229961529809285,-0.0019078856002621748
2021-05-25,-0.0002975401831231555,0.0006563500109969606,0.000953890194120116
2021-05-26,0.0032379412298680454,0.003987132086267984,0.0007491908563999387
2021-05-27,0.004992879933473034,0.00415010137926875,-0.0008427785542042838
2021-05-28,-0.0006707195661826503,-0.0008373777799173534,-0.0001666582137347031
2021-06-01,0.015958328802482723,0.015763572424314233,-0.00019475637816849037
2021-06-02,0.00400568502302962,0.004008323561752096,2.638538722475603e-06
2021-06-03,-0.02986606956297383,-0.027311240401014063,0.0025548291619597666
2021-06-04,0.025800503450781526,0.024178633018809587,-0.0016218704319719383
2021-06-07,-0.0024957980559722945,-0.003563426747278751,-0.0010676286913064567
2021-06-08,0.005852068729857845,0.004753683852981129,-0.0010983848768767162
2021-06-09,-0.002918827206941429,-0.0030627356739199914,-0.00014390846697856247
2021-06-10,0.008557576072885518,0.0039171318622384654,-0.004640444210647052
2021-06-11,-0.003110945331545884,-0.0025820507209192555,0.0005288946106266285
2021-06-14,-0.006366518373356979,-0.006515532467770133,-0.00014901409441315377
2021-06-15,-0.00843015766244324,-0.007132454753606654,0.0012977029088365854
2021-06-16,-0.03432266659148245,-0.032529426184240075,0.0017932404072423733
2021-06-17,-0.04464534676850251,-0.04576552651075489,-0.0011201797422523835
2021-06-18,-0.023091288274410315,-0.023025736945991464,6.555132841885164e-05
2021-06-21,0.0060178542012396625,0.00330069439369877,-0.0027171598075408925
2021-06-22,0.0215035214512126,0.018471093547772762,-0.0030324279034398376
2021-06-23,0.004858192209034832,0.004144624697399838,-0.0007135675116349939
2021-06-24,0.008884388900947074,0.007119786459055113,-0.001764602441891961
2021-06-25,0.0023752206801026395,-5.7339131232417756e-05,-0.0024325598113350572
2021-06-28,0.013370578997051847,0.013072763800781451,-0.00029781519627039565
2021-06-29,-0.0011412385544095323,0.0008805016635366619,0.0020217402179461942
2021-06-30,0.008501198800657979,0.008135067911620004,-0.0003661308890379744
2021-07-01,0.0019762364000213846,0.00026641827015345027,-0.0017098181298679344
2021-07-02,0.01795995661273521,0.015904034036860516,-0.0020559225758746934
2021-07-06,-0.004260464232963458,-0.0034942662556238626,0.0007661979773395953
2021-07-07,-0.0013385207350782053,0.00014107180901764296,0.0014795925440958483
2021-07-08,-0.010352390364355297,-0.008253072599217166,0.0020993177651381315
2021-07-09,0.012042909533454632,0.009635019242775442,-0.00240789029067919
2021-07-12,0.009202644022432538,0.009994490963995427,0.000791846941562889
2021-07-13,0.0008477308512717201,0.00275921132784557,0.0019114804765738497
2021-07-14,-0.0006408075306008659,0.0029082027394173524,0.0035490102700182183
2021-07-15,-0.007937519121234207,-0.007964138604225115,-2.661948299090798e-05
2021-07-16,-0.019443958297371177,-0.020165788784809166,-0.000721830487437989
2021-07-19,-0.023142792796063492,-0.021851554039910473,0.0012912387561530188
2021-07-20,0.033687994204989365,0.029313079545832725,-0.00437491465915664
2021-07-21,0.012286610625507262,0.011950394669240185,-0.00033621595626707676
2021-07-22,0.00834980781781251,0.008873710611775162,0.0005239027939626523
2021-07-23,0.023719702734917074,0.022242314082226124,-0.0014773886526909495
2021-07-26,0.014480013012165317,0.01631936175855125,0.0018393487463859333
2021-07-27,-0.011087246743051908,-0.01225950009132519,-0.0011722533482732816
2021-07-28,-0.00032641504870924176,-0.0021621244031298304,-0.0018357093544205886
2021-07-29,0.005693455662679125,0.007127407674916892,0.0014339520122377668
2021-07-30,-0.002898998348698418,-0.0011373657414798432,0.0017616326072185749
2021-08-02,-0.0026787494857164703,-0.002925480554861125,-0.0002467310691446549
2021-08-03,0.01841317620940663,0.019693516329713532,0.0012803401203069012
2021-08-04,-0.011421930376462896,-0.011671550612721078,-0.00024962023625818217
2021-08-05,0.0011230358739892775,-0.0007288719125804075,-0.0018519077865696851
2021-08-06,-0.004966861033691293,-0.004363044317096811,0.0006038167165944817
2021-08-09,-0.002855051073775785,-0.0027880712898402,6.697978393558485e-05
2021-08-10,0.001010338922027419,0.002224312201746136,0.0012139732797187169
2021-08-11,0.010929040572354262,0.012181461011782859,0.0012524204394285966
2021-08-12,0.008231632369576511,0.00932439755952877,0.0010927651899522595
2021-08-13,0.0066073888619634,0.008377833192996816,0.0017704443310334163
2021-08-16,0.0063481402061019805,0.009260515536100663,0.002912375329998682
2021-08-17,-0.025136656713339353,-0.029713610325836103,-0.004576953612496749
2021-08-18,-0.023375389563361278,-0.026057550308254632,-0.0026821607448933547
2021-08-19,0.007234872107947,0.011014140112766049,0.0037792680048190485
2021-08-20,0.01529490497149117,0.015875143559176443,0.0005802385876852723
2021-08-23,0.016742632000215932,0.01854223298815001,0.0017996009879340767
2021-08-24,-0.0067694502299970975,-0.007408210088617549,-0.0006387598586204517
2021-08-25,-0.0035577262468874955,-0.004175836854568666,-0.0006181106076811708
2021-08-26,-0.016271580085274948,-0.018948249754200737,-0.0026766696689257893
2021-08-27,0.027800944792261726,0.030929560862071444,0.0031286160698097178
2021-08-30,0.015636698039507298,0.02027560304593231,0.004638905006425012
2021-08-31,-0.013542753656935972,-0.016004673886636542,-0.0024619202297005705
2021-09-01,-0.005788396764250106,-0.00950659808048426,-0.0037182013162341534
2021-09-02,0.0035781880439652116,0.0015368348971099626,-0.002041353146855249
2021-09-03,0.00098412656478213,0.003040173220232376,0.002056046655450246
2021-09-07,-0.021389248818104317,-0.020077122460510202,0.0013121263575941143
2021-09-08,-0.00586695894427619,-0.006376612003388311,-0.0005096530591121211
2021-09-09,-0.00739222155268546,-0.00861001346105698,-0.0012177919083715205
2021-09-10,-0.029865923612916085,-0.033023884660237944,-0.003157961047321859
2021-09-13,0.01301070122370575,0.016188044830017807,0.003177343606312057
2021-09-14,-0.007320408558400537,-0.006757912810562166,0.0005624957478383716
2021-09-15,0.026940188977303825,0.030872552003762214,0.003932363026458389
2021-09-16,-0.016026832227395437,-0.01886729719138841,-0.002840464963992973
2021-09-17,-0.03172641998447399,-0.040255845707926056,-0.00852942572345207
2021-09-20,-0.0445709325757859,-0.050658372889221384,-0.006087440313435485
2021-09-21,-0.00943509057119987,-0.011764027793647278,-0.0023289372224474074
2021-09-22,0.026169135740430637,0.03122475533576873,0.005055619595338092
2021-09-23,0.008138752298860708,0.00799345192666282,-0.00014530037219788808
2021-09-24,0.0036458880370064924,0.006692168294754389,0.003046280257747897
2021-09-27,0.00045791693283043545,0.0008164425296061867,0.00035852559677575127
2021-09-28,-0.04818271789879045,-0.05286187650030422,-0.004679158601513765
2021-09-29,0.013582491726295916,0.016172229681321794,0.0025897379550258778
2021-09-30,-0.00439702961924967,-0.003495278834312823,0.0009017507849368471
2021-10-01,0.01755545644568492,0.01780735650441671,0.0002519000587317896
2021-10-04,-0.02914864284342881,-0.030358149491888493,-0.0012095066484596843
2021-10-05,0.03182701175595151,0.03689970567352945,0.00507269391757794
2021-10-06,0.0045352339956513,0.004722532027662113,0.00018729803201081308
2021-10-07,0.011784111173694621,0.012504634462710155,0.0007205232890155344
2021-10-08,0.002628563907351122,0.003936700443135087,0.001308136535783965
2021-10-11,-0.009970015625953406,-0.010855460072570764,-0.0008854444466173585
2021-10-12,-0.007200599027833361,-0.012310022818437058,-0.005109423790603697
2021-10-13,-0.008253863062379583,-0.010246796666465417,-0.001992933604085834
2021-10-14,0.03201499809970644,0.03518900733359359,0.003174009233887151
2021-10-15,0.01369699440352355,0.015574230613845615,0.0018772362103220645
2021-10-18,0.021195412439357148,0.03000716718453001,0.008811754745172862
2021-10-19,0.016029538042418967,0.01583847112298861,-0.0001910669194303584
2021-10-20,0.018419065048188837,0.019032828474288735,0.0006137634260998982
2021-10-21,0.005849613967645791,0.006241916738942078,0.000392302771296287
2021-10-22,-0.02131332856603307,-0.023980943322618083,-0.002667614756585012
2021-10-25,0.030452056991658066,0.03631687687298092,0.005864819881322855
2021-10-26,-0.001068272047976937,-0.0005900778351476201,0.0004781942128293169
2021-10-27,-0.02113350574412377,-0.016002895841512352,0.005130609902611417
2021-10-28,0.01893846398936781,0.019683678498027806,0.0007452145086599971
2021-10-29,0.012193986138823212,0.01437339066933944,0.0021794045305162275
2021-11-01,0.017845555910233537,0.01793455154029515,8.899563006161196e-05
2021-11-02,0.005877131082369408,0.0075316148991108126,0.0016544838167414045
2021-11-03,0.012213809948655204,0.013779181263522853,0.0015653713148676487
2021-11-04,0.012506279840773035,0.017266065310410958,0.004759785469637923
2021-11-05,0.023623892873718067,0.02791256541409574,0.0042886725403776735
2021-11-08,-0.0014185468481511705,-0.004045356907945004,-0.0026268100597938333
2021-11-09,-0.01302472989206821,-0.015861205024271616,-0.002836475132203406
2021-11-10,-0.052522756555457614,-0.05703027383693621,-0.004507517281478593
2021-11-11,0.0072544230339582775,0.010935431989614242,0.0036810089556559645
2021-11-12,0.024297746968049472,0.026607032230127857,0.0023092852620783845
2021-11-15,0.0014175939968270475,0.0040354154278821755,0.002617821431055128
2021-11-16,0.018830115297233455,0.01936145645711666,0.000531341159883205
2021-11-17,-0.002737037309134248,0.0019333700217571985,0.004670407330891447
2021-11-18,0.012667614973213838,0.022420956701970918,0.00975334172875708
2021-11-19,0.0099923910215856,0.014757696856975465,0.004765305835389866
2021-11-22,-0.013477464944817509,-0.00803103335471274,0.005446431590104769
2021-11-23,0.011807265159167753,0.013291089881666952,0.0014838247224991993
2021-11-24,0.011317013256332291,0.008863150435184493,-0.0024538628211477984
2021-11-26,-0.07812584040455625,-0.0764961972581263,0.0016296431464299516
2021-11-29,0.029342622452904896,0.03284839839113565,0.003505775938230756
2021-11-30,-0.04555412156044055,-0.037750036396202565,0.007804085164237987
2021-12-01,-0.028708363753169392,-0.020384429662249317,0.008323934090920075
2021-12-02,0.002095129329717571,-0.0033519844746901046,-0.005447113804407676
2021-12-03,-0.00891362376204247,-0.007372062629598464,0.0015415611324440057
2021-12-06,0.009775724041933165,0.006298014183813852,-0.0034777098581193124
2021-12-07,0.030862867030801596,0.028508350430155798,-0.002354516600645798
2021-12-08,-0.009513902785062825,-0.011619274392640473,-0.002105371607577648
2021-12-09,-0.021732337688229224,-0.01695012093564958,0.004782216752579643
2021-12-10,0.02356063130364325,0.02771724299675956,0.004156611693116308
2021-12-13,-0.022990765152173232,-0.026941608201090914,-0.003950843048917681
2021-12-14,-0.016760227431643713,-0.014215103173849702,0.002545124257794011
2021-12-15,0.024826241880996597,0.023852826888345623,-0.0009734149926509741
2021-12-16,-0.02700243038708352,-0.029064607672048527,-0.0020621772849650083
2021-12-17,-0.01827597609657896,-0.023590975542460008,-0.005314999445881048
2021-12-20,-0.017757386414266572,-0.013728261718444894,0.004029124695821678
2021-12-21,0.029537876827300403,0.023676924461060244,-0.005860952366240159
2021-12-22,0.01843039603600625,0.017261553150322465,-0.0011688428856837865
2021-12-23,0.011942359035680843,0.008310181082007565,-0.003632177953673278
2021-12-27,0.045800075309629575,0.04487682077630333,-0.0009232545333262426
2021-12-28,-0.007365288809776658,-0.005617999495447516,0.0017472893143291425
2021-12-29,0.0024583248912027874,0.0031275366794200625,0.0006692117882172752
2021-12-30,-0.012375488275597571,-0.01447185564003439,-0.0020963673644368193
2021-12-31,-0.012982353138427589,-0.010493941943309153,0.0024884111951184364
2022-01-03,0.015842565052172932,0.013969295007839774,-0.0018732700443331585
2022-01-04,0.011712577873706817,0.012518516873665023,0.0008059389999582056
2022-01-05,-0.05626265353442002,-0.0480365655900878,0.008226087944332217
2022-01-06,-0.0024813782249745544,-0.00019856481159392383,0.002282813413380631
2022-01-07,-0.02128617583228919,-0.01970042821467412,0.0015857476176150687
2022-01-10,-0.00909336533196912,-0.007885620904010147,0.0012077444279589723
2022-01-11,0.023643208268929957,0.021266449070004696,-0.002376759198925261
2022-01-12,0.003778037674844679,0.0077412995109415635,0.0039632618360968845
2022-01-13,-0.04056611179286593,-0.035822335776263724,0.004743776016602204
2022-01-14,0.0142612512909721,0.016127913032897324,0.0018666617419252247
2022-01-18,-0.03705396178670348,-0.03227095945217325,0.004783002334530231
2022-01-19,-0.014181237210241919,-0.013774659452392299,0.00040657775784961984
2022-01-20,-0.022050433493506005,-0.02192174524915559,0.00012868824435041323
2022-01-21,-0.06475806068994235,-0.0616496997347805,0.003108360955161843
2022-01-24,0.0008549737136433315,-0.0008383088634844451,-0.0016932825771277765
2022-01-25,-0.008427418100131697,-0.005520722619576681,0.002906695480555016
2022-01-26,-0.0028223674361947944,2.4780750236764518e-05,0.002847148186431559
2022-01-27,-0.0006484029052672817,0.001962758635601695,0.002611161540868977
2022-01-28,0.040308842538407,0.03126112685392977,-0.00904771568447723
2022-01-31,0.013098415894818697,0.004697096403572519,-0.008401319491246178
2022-02-01,0.0024892496100549933,0.00034407769418489086,-0.0021451719158701024
2022-02-02,0.015141785892107285,0.01739090397214964,0.002249118080042356
2022-02-03,-0.027489724004101036,-0.021402480798273955,0.00608724320582708
2022-02-04,0.02192629019020311,0.01332588518195598,-0.00860040500824713
2022-02-07,-0.0048441780625518675,-0.006991165488665502,-0.0021469874261136343
2022-02-08,0.020912658996001088,0.017294471748278327,-0.003618187247722761
2022-02-09,0.014083286683243346,0.008523676117155689,-0.005559610566087657
2022-02-10,-0.021022504776136867,-0.017430465208107693,0.003592039568029174
2022-02-11,-0.019861651768609146,-0.01645394230068339,0.0034077094679257555
2022-02-14,0.008015562635217688,0.009612628031334938,0.00159706539611725
2022-02-15,0.00885013831652538,0.0047029412848393435,-0.004147197031686036
2022-02-16,0.0005453708716438263,0.0024687560875891615,0.001923385215945335
2022-02-17,-0.022289488477399887,-0.01568412635343792,0.006605362123961966
2022-02-18,-0.00653990939865201,-0.0025627080325432003,0.00397720136610881
2022-02-22,-0.00764144607648936,-0.0042116012325653625,0.003429844843923997
2022-02-23,-0.013794503372859262,-0.010124577283436865,0.003669926089422397
2022-02-24,0.014843225257487661,0.00766240000415833,-0.0071808252533293315
2022-02-25,0.0002639890220273288,-0.00382627904959309,-0.004090268071620419
2022-02-28,0.007429945350423122,0.007492887081054614,6.294173063149146e-05
2022-03-01,0.0024396732985584157,0.004361790201052882,0.001922116902494466
2022-03-02,0.01598036456812627,0.017046116997860614,0.001065752429734345
2022-03-03,0.002520166875137308,0.006978951489725251,0.004458784614587943
2022-03-04,0.01545690847306775,0.019892491788577184,0.0044355833155094344
2022-03-07,-0.012371937148679076,-0.008002499400819442,0.004369437747859634
2022-03-08,-0.0005880506349516498,-0.0014688733544558912,-0.0008808227195042414
2022-03-09,-0.019164139818092993,-0.023393394703150272,-0.004229254885057279
2022-03-10,0.001301473555723881,0.0008221911412291758,-0.0004792824144947052
2022-03-11,-0.004871813621630204,-0.0008416600799176585,0.004030153541712545
2022-03-14,-0.01455223859831597,-0.011524295398231176,0.003027943200084794
2022-03-15,0.019538209261763022,0.017566643462839617,-0.0019715657989234046
2022-03-16,0.003842046622438785,-0.0015074618442652292,-0.005349508466704014
2022-03-17,0.012898445807245206,0.005594753161163214,-0.007303692646081992
2022-03-18,0.012796416842648806,0.00981923255082486,-0.002977184291823946
2022-03-21,0.018745529160782887,0.023022810718880064,0.004277281558097177
2022-03-22,0.021696260211062017,0.020013721318047097,-0.0016825388930149197
2022-03-23,-0.0007894933317632036,0.0021006465630523663,0.0028901398948155696
2022-03-24,0.03363033575402191,0.03503952383805237,0.001409188084030455
2022-03-25,0.016133645900759937,0.019397513438767434,0.0032638675380074963
2022-03-28,0.009457126486999876,0.008287787489019548,-0.0011693389979803275
2022-03-29,-0.0025532902690842034,-0.006836262974411482,-0.004282972705327279
2022-03-30,-0.008607827306330229,-0.005645157167366273,0.0029626701389639555
2022-03-31,-0.030278450061050368,-0.023825384417090093,0.006453065643960275
2022-04-01,4.952205835545255e-05,-0.0038804550610589033,-0.0039299771194143554
2022-04-04,0.0190913244119255,0.016434514150265762,-0.002656810261659738
2022-04-05,-0.019291104853841192,-0.01572728195602652,0.003563822897814671
2022-04-06,-0.017179554711879933,-0.014623219321951441,0.002556335389928492
2022-04-07,0.010938862071923508,0.010194591728067519,-0.0007442703438559888
2022-04-08,0.002945544250343033,0.002605583796997109,-0.000339960453345924
2022-04-11,-0.01824387455761356,-0.017901406506229352,0.00034246805138420794
2022-04-12,0.012619949256953502,0.013467861685491977,0.0008479124285384748
2022-04-13,0.025115546956798275,0.022786312678612076,-0.0023292342781861992
2022-04-14,-0.01972588607258218,-0.018220732669283146,0.0015051534032990352
2022-04-18,0.02428567394210149,0.03000858031505997,0.00572290637295848
2022-04-19,0.018177522420663273,0.014754823482673625,-0.003422698937989648
2022-04-20,-0.0213732651391775,-0.02121717574982754,0.00015608938934995667
2022-04-21,-0.01964071347152018,-0.015701221219911802,0.003939492251608379
2022-04-22,-0.030729055923398106,-0.026636970732664248,0.004092085190733858
2022-04-25,-0.0013864345511247302,-0.003620873734892587,-0.002234439183767857
2022-04-26,-0.01724512367271633,-0.012841087820184994,0.004404035852531338
2022-04-27,0.006656861789093223,0.007946736059521953,0.0012898742704287296
2022-04-28,0.04424915996987857,0.04748085836604212,0.0032316983961635515
2022-04-29,-0.050596371161606035,-0.050752219355570484,-0.00015584819396444877
2022-05-02,0.005501878353085626,0.004160744763496916,-0.0013411335895887099
2022-05-03,0.0031278140552939513,0.005146863560774644,0.002019049505480693
2022-05-04,0.027817944416581135,0.028054181229059855,0.0002362368124787205
2022-05-05,-0.021914754288137214,-0.01907982137751064,0.0028349329106265725
2022-05-06,0.00651733831031876,0.012704206455400886,0.006186868145082126
2022-05-09,-0.04266027216140764,-0.03804259839312432,0.004617673768283322
2022-05-10,0.006257883478515177,0.011720435578653907,0.0054625521001387305
2022-05-11,-0.02741335649523681,-0.026422452153858775,0.0009909043413780343
2022-05-12,0.00950430353037265,0.0024592996810971833,-0.007045003849275467
2022-05-13,0.014005694276292488,0.009486726799015108,-0.0045189674772773795
2022-05-16,-0.003207552316426037,-0.0009822230387611143,0.002225329277664923
2022-05-17,0.007460550711354217,0.004745877747528927,-0.00271467296382529
2022-05-18,-0.0464743902881887,-0.04863028875723116,-0.002155898469042461
2022-05-19,-0.027802165200939033,-0.03644246728694307,-0.00864030208600404
2022-05-20,-0.005866254602546953,-0.008172396396466622,-0.002306141793919669
2022-05-23,0.01386411611347899,0.013939060782896981,7.494466941799192e-05
2022-05-24,-0.012536285672301672,-0.008546871314112107,0.003989414358189565
2022-05-25,0.013438490120429374,0.011312792854910679,-0.002125697265518695
2022-05-26,0.024247021695526866,0.021842181393173215,-0.002404840302353651
2022-05-27,0.0287469207060169,0.025309353700378873,-0.0034375670056380273
2022-05-31,0.001022214601939275,0.0037322794389067783,0.0027100648369675034
2022-06-01,-0.005828980194354776,-0.002040736110665238,0.0037882440836895384
2022-06-02,0.015391915274257673,0.00925607681470445,-0.006135838459553223
2022-06-03,-0.021226381977803903,-0.020536815181910393,0.0006895667958935099
2022-06-06,0.020653376112653072,0.02075396383148803,0.00010058771883495951
2022-06-07,0.014016450730103831,0.011157469450945924,-0.002858981279157907
2022-06-08,-0.011547897143566561,-0.011113739302001838,0.0004341578415647234
2022-06-09,-0.017641078731823853,-0.013167924840747853,0.004473153891076
2022-06-10,-0.020089402274646784,-0.014805346030018332,0.005284056244628452
2022-06-13,-0.040262634332520836,-0.035105373816881905,0.005157260515638931
2022-06-14,0.014196276622450639,0.017411262682446714,0.0032149860599960754
2022-06-15,0.0003321724465740447,-0.0026608170146197093,-0.002992989461193754
2022-06-16,-0.04779500404828908,-0.046751478774451134,0.0010435252738379489
2022-06-17,-0.04908324448397133,-0.05547016065476364,-0.006386916170792303
2022-06-21,0.011382813418475262,0.00879515907124397,-0.0025876543472312923
2022-06-22,-0.017095289697501067,-0.01765236913422091,-0.0005570794367198428
2022-06-23,-0.010197337010204227,-0.014913323095597415,-0.0047159860853931874
2022-06-24,0.012484172691791891,0.009075960733717041,-0.00340821195807485
2022-06-27,-0.0007367127964910365,0.0012151475861934778,0.0019518603826845144
2022-06-28,-0.006058163755979504,-0.003388041437842522,0.002670122318136982
2022-06-29,-0.004143443183742406,-0.003604787400927067,0.0005386557828153389
2022-06-30,-0.018887149368291476,-0.01640703877513299,0.0024801105931584848
2022-07-01,0.025592632807142288,0.019600746551056054,-0.005991886256086234
2022-07-05,0.002550471906819967,-0.0027629675531608095,-0.005313439459980777
2022-07-06,0.0015842282498997307,0.002419728472609729,0.0008355002227099983
2022-07-07,0.010343335920927512,0.007015808996740152,-0.0033275269241873594
2022-07-08,0.006272382596909177,0.006594156725336501,0.00032177412842732383
2022-07-11,0.0004193956314176607,0.003764334223654807,0.0033449385922371465
2022-07-12,-0.013899376302351652,-0.012645040827534825,0.001254335474816827
2022-07-13,0.0008730282528853201,0.0012855727335700888,0.0004125444806847687
2022-07-14,0.01082604606632621,0.01390248346401204,0.00307643739768583
2022-07-15,0.004062234093443095,0.001616594775635926,-0.002445639317807169
2022-07-18,-0.009673710467980377,-0.008971652750055296,0.0007020577179250812
2022-07-19,-0.0017438366316383919,-0.005095702259199012,-0.0033518656275606197
2022-07-20,0.0019078928101030545,-0.0012787927813919279,-0.003186685591494982
2022-07-21,0.013228356195122444,0.011800847321874235,-0.001427508873248209
2022-07-22,-0.006022368313947977,-0.00235467170424178,0.0036676966097061972
2022-07-25,-0.004333823526642855,-0.003810204666492523,0.000523618860150332
2022-07-26,-0.007129899128592138,-0.005050612121123671,0.002079287007468467
2022-07-27,0.031158372951929997,0.03420624210634711,0.0030478691544171127
2022-07-28,0.014982135941044571,0.012825907573857709,-0.002156228367186862
2022-07-29,0.015378774484942303,0.01632531943621643,0.000946544951274126
2022-08-01,-0.005105666053412418,-0.0046557667325728015,0.0004498993208396163
2022-08-02,-0.023559318163310028,-0.02713406960720749,-0.0035747514438974615
2022-08-03,0.01377199669765112,0.011312957062131637,-0.002459039635519484
2022-08-04,-0.0006635369411016906,-0.002751280718361188,-0.002087743777259497
2022-08-05,-0.012735350753506796,-0.0174529103743762,-0.004717559620869402
2022-08-08,-0.0025573271032321375,-0.004867750631348346,-0.002310423528116208
2022-08-09,-0.004707326649935535,-0.0014605362955501435,0.003246790354385391
2022-08-10,0.020159523350292904,0.015482832284690239,-0.004676691065602666
2022-08-11,-0.0003291411200589225,0.00047429939306040136,0.0008034405131193238
2022-08-12,0.023676061216757076,0.021804065779233963,-0.0018719954375231128
2022-08-15,0.0045960908162559775,0.0057866334379265,0.0011905426216705225
2022-08-16,-0.006386249996303766,-0.00691855849097412,-0.0005323084946703537
2022-08-17,-0.011140931516988497,-0.007986905662239308,0.0031540258547491894
2022-08-18,0.00888256193107256,0.010789236667269893,0.0019066747361973328
2022-08-19,-0.0150596022580604,-0.01245455767613874,0.0026050445819216592
2022-08-22,-0.015440278365584639,-0.016113511779826024,-0.0006732334142413848
2022-08-23,0.002602223597732653,0.00299903717662243,0.000396813578889777
2022-08-24,0.004987849462045995,0.0021247882874971245,-0.0028630611745488707
2022-08-25,0.00599007611156892,0.0062151625483116354,0.00022508643674271512
2022-08-26,-0.03720158514066647,-0.038606714988076815,-0.0014051298474103482
2022-08-29,-0.00025732142605836705,0.0003658224650401782,0.0006231438910985453
2022-08-30,-0.010165041568427086,-0.011402795260684103,-0.0012377536922570168
2022-08-31,-0.0015071508577347798,-0.0014450786134872736,6.207224424750616e-05
2022-09-01,0.018350209964082622,0.02153208988605082,0.0031818799219681983
2022-09-02,-0.012762501392486685,-0.0140278802972457,-0.0012653789047590153
2022-09-06,-0.005383387750224899,-0.007476886007032222,-0.0020934982568073237
2022-09-07,0.012475824056646313,0.008364357769084334,-0.004111466287561979
2022-09-08,7.837455185086332e-06,-0.004921856815616328,-0.0049296942708014135
2022-09-09,0.0031235896333103104,0.002660806609245635,-0.0004627830240646752
2022-09-12,0.001526753312807492,0.0009249596592365728,-0.0006017936535709192
2022-09-13,-0.035427223973198155,-0.038335221098921825,-0.00290799712572367
2022-09-14,0.006487019327203138,0.007613134554401688,0.0011261152271985504
2022-09-15,-0.018614015462641485,-0.0224206072056274,-0.003806591742985914
2022-09-16,0.0056860524506587885,0.012935824012144345,0.007249771561485556
2022-09-19,0.010142187274292684,0.011593028000316228,0.0014508407260235435
2022-09-20,0.002889122764107785,0.007059197771608922,0.004170075007501137
2022-09-21,-0.01611428915548658,-0.015983203776459152,0.00013108537902742703
2022-09-22,0.012004935199293647,0.017190327116465134,0.005185391917171487
2022-09-23,0.005828071552852145,0.007677347977228422,0.0018492764243762767
2022-09-26,0.011533729732798478,0.015933545555299158,0.00439981582250068
2022-09-27,0.003218493594099026,0.001729469956577485,-0.001489023637521541
2022-09-28,0.011952835184096502,0.007805621471468658,-0.004147213712627844
2022-09-29,-0.022201380635361423,-0.023775196196096485,-0.0015738155607350618
2022-09-30,-0.014652351819615723,-0.016169280362386674,-0.0015169285427709504
2022-10-03,0.026743693379683124,0.027241456355607138,0.000497762975924014
2022-10-04,0.015556662254471167,0.010262759579438271,-0.0052939026750328955
2022-10-05,-0.00739234513305341,-0.006114456281311805,0.0012778888517416048
2022-10-06,-0.0006130268042746414,-0.00012410659663254813,0.0004889202076420933
2022-10-07,-0.020272819755398398,-0.01879819453576584,0.001474625219632559
2022-10-10,0.0036201385882412922,0.0069480383375537325,0.0033278997493124403
2022-10-11,-0.009729315032563688,-0.01112732397680398,-0.001398008944240291
2022-10-12,0.0030542957373489305,0.004206179659346861,0.0011518839219979305
2022-10-13,0.018343347836781626,0.020766596872527927,0.0024232490357463006
2022-10-14,-0.025479066919430745,-0.0243086765527355,0.001170390366695244
2022-10-17,0.010628002357290152,0.007492280752994286,-0.0031357216042958653
2022-10-18,6.186281496366156e-05,-0.0035322500537533536,-0.003594112868717015
2022-10-19,0.004536968970359619,0.012127327305856661,0.007590358335497043
2022-10-20,-0.005396019186416996,-0.004916883883181928,0.0004791353032350676
2022-10-21,0.03224438251747308,0.033465228173686024,0.0012208456562129433
2022-10-24,0.01666258172007319,0.019873441422461443,0.0032108597023882517
2022-10-25,0.005735670564776259,9.435785925639815e-06,-0.005726234778850619
2022-10-26,-0.022546862841411372,-0.03013495995764246,-0.007588097116231089
2022-10-27,-0.010502578650779672,-0.015684042932160837,-0.005181464281381165
2022-10-28,0.02971801986426695,0.03415301738941656,0.004434997525149611
2022-10-31,-0.008185723590732304,-0.009335929577932073,-0.0011502059871997695
2022-11-01,-0.013358715652805253,-0.016510258580096245,-0.0031515429272909925
2022-11-02,-0.03608018003604545,-0.03610921585297221,-2.903581692675905e-05
2022-11-03,-0.0019950199458568245,-0.005600079590146107,-0.003605059644289283
2022-11-04,0.005379299325412236,0.011509258758497376,0.00612995943308514
2022-11-07,0.00959037870759281,0.013347127407433065,0.003756748699840254
2022-11-08,0.0038851830961255545,0.004184623995435234,0.0002994408993096799
2022-11-09,-0.03000727687622082,-0.026787162864398653,0.003220114011822168
2022-11-10,0.07078734470980264,0.06845364455208058,-0.0023337001577220517
2022-11-11,-0.0057584907120087295,-0.00984035294120087,-0.004081862229192141
2022-11-14,-0.010343283762603893,-0.007158032793995183,0.0031852509686087103
2022-11-15,0.013992844583808518,0.012781041618007213,-0.001211802965801305
2022-11-16,-0.007946884249326524,-0.004486659512242724,0.0034602247370838
2022-11-17,-0.006026337396652463,-0.0015230187920724642,0.004503318604579999
2022-11-18,0.0018265697595224487,0.001791937917269894,-3.463184225255484e-05
2022-11-21,-0.009375659704477533,-0.008453316478582384,0.0009223432258951489
2022-11-22,0.020659805791031216,0.022081721066976662,0.0014219152759454463
2022-11-23,0.007186670408974314,0.005489480448074024,-0.0016971899609002899
2022-11-25,-0.0016124223478741638,-0.0038590665195240505,-0.002246644171649887
2022-11-28,-0.020188087669132538,-0.018888036810436465,0.001300050858696073
2022-11-29,-0.005293287870566597,-0.006574167941805457,-0.0012808800712388602
2022-11-30,0.0502028222276929,0.052282185069170796,0.0020793628414778956
2022-12-01,0.004781739920439092,0.00418626275895574,-0.0005954771614833524
2022-12-02,-0.0007845832214331325,-0.002786581544174095,-0.0020019983227409625
2022-12-05,-0.04015863083137143,-0.03803374033086826,0.002124890500503171
2022-12-06,-0.018131571591758922,-0.017231873195025633,0.0008996983967332894
2022-12-07,0.0077485635638615095,0.00801439682766814,0.0002658332638066311
2022-12-08,0.005632751369106243,0.004215249638726316,-0.0014175017303799274
2022-12-09,-0.008682424831843814,-0.007687237684854151,0.0009951871469896624
2022-12-12,0.008150538531936912,0.006249667430049781,-0.0019008711018871308
2022-12-13,0.0253078620370972,0.0266333147242159,0.0013254526871187
2022-12-14,-0.006179118735054482,-0.007492020559245879,-0.0013129018241913974
2022-12-15,-0.05303821422598052,-0.05614714301749567,-0.003108928791515149
2022-12-16,-0.010615544942487358,-0.009414361399957324,0.0012011835425300346
2022-12-19,-0.022132073042964107,-0.021735625777733587,0.00039644726523051926
2022-12-20,0.00500355755128141,0.005102169501803213,9.861195052180294e-05
2022-12-21,0.020050271998559993,0.0198724855913447,-0.00017778640721529196
2022-12-22,-0.023675857148403753,-0.027308105345648623,-0.003632248197244871
2022-12-23,0.010025434188388797,0.012103128867013768,0.00207769467862497
2022-12-27,-0.003395303647266837,-0.00250412656477169,0.0008911770824951469
2022-12-28,-0.020754780669324076,-0.02347789466541746,-0.002723113996093384
2022-12-29,0.020912285935165073,0.018702132926176857,-0.002210153008988216
2022-12-30,0.0010630380890554777,0.0014676868998429338,0.00040464881078745613
2023-01-03,-0.01272437400621844,-0.015169457328365143,-0.0024450833221467023
2023-01-04,-0.0027859036293548488,-0.008602676621760098,-0.0058167729924052496
2023-01-05,-0.021748629101599994,-0.021279690142094274,0.00046893895950572
2023-01-06,0.05077883874099389,0.057800862895721665,0.007022024154727774
2023-01-09,0.008125260118821871,0.00755767116077442,-0.0005675889580474512
2023-01-10,0.006820410410697917,0.004526240973239347,-0.0022941694374585707
2023-01-11,0.02116599209263296,0.021117111485457078,-4.8880607175880164e-05
2023-01-12,0.028331463700090084,0.029230895986676955,0.0008994322865868709
2023-01-13,0.017591119505886946,0.019490922364011513,0.001899802858124567
2023-01-17,-0.003079047414966382,-0.003122961245430011,-4.391383046362888e-05
2023-01-18,-0.026917318843075116,-0.02712098892531282,-0.00020367008223770577
2023-01-19,-0.011988871787854254,-0.010429007895571623,0.0015598638922826313
2023-01-20,0.028592536943211976,0.030211150775647042,0.0016186138324350667
2023-01-23,0.013928717545139671,0.0150906617356739,0.0011619441905342288
2023-01-24,0.005959788783643114,0.008036484197865498,0.0020766954142223846
2023-01-25,0.0056173121378524935,0.005944668399290057,0.00032735626143756344
2023-01-26,0.0141018272084665,0.017626663022028487,0.0035248358135619873
2023-01-27,-0.001116319606746124,-0.003053611557739046,-0.0019372919509929218
2023-01-30,-0.028190630207537603,-0.030033418008953525,-0.0018427878014159217
2023-01-31,0.024024961432523587,0.022578761115917733,-0.0014462003166058543
2023-02-01,0.04021672788495869,0.043565928967557996,0.0033492010825993054
2023-02-02,0.019673527619816538,0.023484314722795406,0.003810787102978868
2023-02-03,-0.050921511024534856,-0.05511456938185384,-0.004193058357318986
2023-02-06,-0.02885667935931218,-0.030430776066658158,-0.0015740967073459775
2023-02-07,0.02425404344867469,0.029306780348904483,0.005052736900229792
2023-02-08,-0.01450274937489241,-0.016760984221123647,-0.0022582348462312374
2023-02-09,-0.024082559110702006,-0.023351073390899434,0.0007314857198025722
2023-02-10,-0.004043364235131684,-0.004396229566254743,-0.0003528653311230595
2023-02-13,0.017445126060779664,0.01960628834553447,0.0021611622847548043
2023-02-14,0.003301240259689555,0.004225717173184133,0.0009244769134945782
2023-02-15,0.011580928182316798,0.009208968074282394,-0.0023719601080344037
2023-02-16,-0.017871916079792903,-0.01704221782495663,0.0008296982548362739
2023-02-17,0.004250869074216302,0.00366834688625987,-0.0005825221879564324
2023-02-21,-0.026220983352283577,-0.023797942883586,0.0024230404686975786
2023-02-22,-0.0042157584184027265,-0.00587326461593192,-0.001657506197529193
2023-02-23,0.0027984365653151806,0.004856040643000344,0.002057604077685163
2023-02-24,-0.03081592044897752,-0.03364272287349622,-0.0028268024245187012
2023-02-27,0.01550491384681058,0.018609446246602327,0.0031045323997917467
2023-02-28,-0.004263860652446902,-0.005421064615418277,-0.0011572039629713753
2023-03-01,0.0007604176334381019,0.0021043171283392603,0.0013438994949011584
2023-03-02,0.012739216162660027,0.013566259907302964,0.0008270437446429371
2023-03-03,0.027277689239905922,0.02865107293738026,0.0013733836974743376
2023-03-06,0.004086229759986126,0.0069388423740759,0.002852612614089774
2023-03-07,-0.02465291724842389,-0.02396283366649163,0.0006900835819322604
2023-03-08,0.004032346686463823,0.006731618216144967,0.002699271529681144
2023-03-09,-0.026827816113982234,-0.02219369922911594,0.0046341168848662954
2023-03-10,-0.0382099617768671,-0.03399229514587975,0.0042176666309873476
2023-03-13,0.006659333632535946,0.0077902515887262515,0.0011309179561903053
2023-03-14,0.0036508542031458073,0.003992880639666196,0.00034202643652038846
2023-03-15,0.0069267308398174585,0.011788209892497641,0.004861479052680182
2023-03-16,0.013370480674661858,0.015418393298788842,0.0020479126241269834
2023-03-17,0.015922624207675918,0.0202255151305976,0.004302890922921684
2023-03-20,0.0051725650649054695,0.0033615406917189075,-0.001811024373186562
2023-03-21,0.00012667146849504026,-0.0038818843015894513,-0.004008555770084491
2023-03-22,-0.002886134353118215,0.002613051515384731,0.005499185868502946
2023-03-23,0.01659631353228742,0.018327903013818876,0.0017315894815314557
2023-03-24,0.0035409981622706783,0.003711725557065538,0.00017072739479485986
2023-03-27,-0.028183999869090846,-0.0323599461059626,-0.004175946236871755
2023-03-28,-0.012237918877758347,-0.012201033060304014,3.688581745433378e-05
2023-03-29,0.021431800325774526,0.019022939101573776,-0.00240886122420075
2023-03-30,0.020293663915350257,0.021289758747592296,0.0009960948322420386
2023-03-31,0.030082822270268997,0.02586966048394004,-0.004213161786328957
2023-04-03,0.006753118831164929,0.006787819169071551,3.470033790662144e-05
2023-04-04,0.013676138954482496,0.016035119678551004,0.0023589807240685084
2023-04-05,-0.008272694609386419,-0.0075895587662375055,0.0006831358431489132
2023-04-06,0.0092055599857855,0.009357867885442153,0.0001523078996566521
2023-04-10,-0.020618246532542073,-0.024971420904338376,-0.004353174371796303
2023-04-11,0.005627067123887221,0.00246942187726059,-0.003157645246626631
2023-04-12,0.007708025016590725,0.009960233040954962,0.0022522080243642375
2023-04-13,0.03485387744364941,0.037596461966286666,0.002742584522637259
2023-04-14,-0.025783775991094077,-0.027047183266726792,-0.0012634072756327157
2023-04-17,-0.012049209981033062,-0.0183442564337515,-0.006295046452718438
2023-04-18,0.012944521757995991,0.015489897634616438,0.002545375876620447
2023-04-19,-0.004192812452704751,-0.004364289799106758,-0.00017147734640200665
2023-04-20,-0.0035124095053730626,-0.0010335403829226375,0.002478869122450425
2023-04-21,-0.008810191573515888,-0.012518506692120327,-0.003708315118604439
2023-04-24,0.010266148934255898,0.01235855797388195,0.0020924090396260524
2023-04-25,-0.02882020304270601,-0.027424618352040332,0.0013955846906656792
2023-04-26,-0.004066718877961326,0.0012570255800140112,0.0053237444579753365
2023-04-27,0.04173885022676965,0.04944852007422399,0.007709669847454338
2023-04-28,0.025217360542752924,0.027101958748830066,0.0018845982060771427
2023-05-01,-0.0257795565208779,-0.02892570064565372,-0.0031461441247758216
2023-05-02,-0.004389861306563578,0.0003976540125001513,0.0047875153190637286
2023-05-03,0.00794039204195772,0.006292479688176322,-0.001647912353781398
2023-05-04,-0.016252901070384542,-0.015711883050950403,0.0005410180194341391
2023-05-05,0.019904284650304745,0.019282632684919185,-0.0006216519653855605
2023-05-08,-0.011138103819862804,-0.012445762057947342,-0.001307658238084538
2023-05-09,-0.007337615826736013,-0.009201047994517927,-0.0018634321677819142
2023-05-10,0.02399504404675615,0.028314399881230766,0.004319355834474615
2023-05-11,-0.011678845531460966,-0.007634329079749809,0.004044516451711157
2023-05-12,-0.01028218172971394,-0.010088210111610197,0.00019397161810374292
2023-05-15,0.0015249114312174304,-0.0011485678733266869,-0.0026734793045441172
2023-05-16,-0.009345834306182651,-0.0017093123916338015,0.00763652191454885
2023-05-17,0.01670686311418312,0.014060050725195434,-0.002646812388987686
2023-05-18,0.014990577841855075,0.019886263650250865,0.00489568580839579
2023-05-19,0.0021505102325859613,0.003386654718160538,0.0012361444855745769
2023-05-22,-0.004597572481533357,-0.009819529777243931,-0.005221957295710574
2023-05-23,-0.023692240250476518,-0.024613512498151847,-0.0009212722476753289
2023-05-24,-0.015538834597369997,-0.013415989121029821,0.0021228454763401756
2023-05-25,0.04100501234735969,0.058892339668301256,0.017887327320941566
2023-05-26,0.04481815848456279,0.05348269484810712,0.008664536363544327
2023-05-30,0.015777037510122265,0.01798999948312357,0.002212961973001304
2023-05-31,-0.016400794453985474,-0.019050059244876343,-0.0026492647908908686
2023-06-01,0.024630491905183922,0.025456919447627173,0.0008264275424432511
2023-06-02,0.007801059008566094,0.00018876467945164725,-0.007612294329114447
2023-06-05,-0.012816738569166479,-0.012969466564831455,-0.00015272799566497589
2023-06-06,0.011694346505099252,0.006922262370294413,-0.0047720841348048385
2023-06-07,-0.03250317213735065,-0.04147066072716493,-0.008967488589814283
2023-06-08,0.02555881854689726,0.02996359852645437,0.00440477997955711
2023-06-09,-0.002763677872167643,-0.0009571930762021197,0.0018064847959655237
2023-06-12,0.031294010487242216,0.03465463352492459,0.003360623037682371
2023-06-13,0.0081395058729449,0.004709215243803205,-0.0034302906291416952
2023-06-14,0.012077013859135347,0.02001911140620831,0.007942097547072962
2023-06-15,0.03328759217603381,0.0328086884878263,-0.0004789036882075076
2023-06-16,-0.008202003041891219,-0.009118656954196558,-0.0009166539123053388
2023-06-20,-0.031467943855912804,-0.0328784460333597,-0.0014105021774468984
2023-06-21,-0.007796739011199622,-0.009109765637049346,-0.0013130266258497237
2023-06-22,0.007249568512041902,0.012452639202412151,0.005203070690370249
2023-06-23,-0.039542953624548495,-0.041881415014988634,-0.0023384613904401386
2023-06-26,-0.01517798448108319,-0.016327040535066863,-0.0011490560539836742
2023-06-27,0.03889892363676396,0.03533946605953743,-0.0035594575772265324
2023-06-28,-0.005149767154018056,-0.005163521066628886,-1.3753912610830685e-05
2023-06-29,0.0027404740017538923,-0.0008226736873903476,-0.00356314768914424
2023-06-30,0.04353728982262388,0.04011633958684895,-0.0034209502357749264
2023-07-03,0.008857247071247815,0.00879119505879124,-6.605201245657617e-05
2023-07-05,-0.012880946428867562,-0.01019862849648273,0.0026823179323848326
2023-07-06,-0.03433904369437242,-0.028420946184728846,0.0059180975096435745
2023-07-07,0.005146726798538398,0.0041841595085936574,-0.0009625672899447402
2023-07-10,0.011648479547077156,0.007976458689392913,-0.003672020857684243
2023-07-11,0.020638449075421728,0.01578116934738232,-0.004857279728039409
2023-07-12,0.027494816868039642,0.027920106559003198,0.00042528969096355604
2023-07-13,0.04545966863443866,0.045723241004120625,0.00026357236968196224
2023-07-14,-0.010810862444382613,-0.00914904583680758,0.0016618166075750337
2023-07-17,0.020254169141918833,0.020052813944255263,-0.00020135519766356982
2023-07-18,0.02451284704410422,0.021378630393474818,-0.0031342166506294032
2023-07-19,-0.004199080661064712,-0.0059800661326743915,-0.0017809854716096798
2023-07-20,-0.04421236391423194,-0.04396977221421904,0.0002425917000128952
2023-07-21,-0.018228241457701765,-0.018771815190283064,-0.0005435737325812998
2023-07-24,0.008150494122087765,0.006742266843879524,-0.001408227278208241
2023-07-25,0.010180627790462114,0.011319074560442713,0.0011384467699805997
2023-07-26,-0.003138840033110909,-0.005208532304071817,-0.0020696922709609084
2023-07-27,-0.014985044629320151,-0.0065274608990496035,0.008457583730270547
2023-07-28,0.0421647591805284,0.03794503334599484,-0.004219725834533561
2023-07-31,0.0006396419624922691,-0.0024347921438120554,-0.0030744341063043247
2023-08-01,-0.011665894686498448,-0.008021635486333565,0.0036442592001648833
2023-08-02,-0.06509415481739612,-0.058199689330193545,0.006894465487202579
2023-08-03,-0.00409749746074767,-0.002856489255663313,0.0012410082050843575
2023-08-04,-0.01733501604586836,-0.015122733447311423,0.002212282598556936
2023-08-07,0.023508631156353044,0.01899939299115746,-0.004509238165195585
2023-08-08,-0.02686547280500784,-0.02105185623800926,0.005813616566998581
2023-08-09,-0.023172420084772834,-0.017850636370692733,0.005321783714080101
2023-08-10,0.0063916917170724384,0.004819741691406753,-0.0015719500256656856
2023-08-11,0.0019216203289641597,-0.0006939478929672793,-0.002615568221931439
2023-08-14,0.020445605161236655,0.01915595943400467,-0.0012896457272319854
2023-08-15,-0.014457631714676934,-0.00890852682721041,0.005549104887466525
2023-08-16,-0.01580313284538133,-0.01286945746882584,0.0029336753765554884
2023-08-17,-0.018488651136356678,-0.014816876184952607,0.003671774951404071
2023-08-18,-0.005442262968472006,-0.005166438436968195,0.0002758245315038115
2023-08-21,0.038896669451342625,0.03750974088855804,-0.0013869285627845854
2023-08-22,-0.0165272798086663,-0.014044631839416127,0.0024826479692501725
2023-08-23,0.012795287826334397,0.012216841754004695,-0.0005784460723297028
2023-08-24,-0.03996070098342769,-0.03502113635203222,0.004939564631395471
2023-08-25,0.023549821270679897,0.018204633840844725,-0.005345187429835172
2023-08-28,0.017468076062237704,0.01643348134337191,-0.001034594718865793
2023-08-29,0.03479315682266275,0.03239235964281562,-0.0024007971798471264
2023-08-30,0.009938959677179332,0.00849604287578315,-0.0014429168013961827
2023-08-31,-0.011937012666766828,-0.007826234810928463,0.004110777855838365
2023-09-01,0.007100871958413097,0.004457274893755421,-0.002643597064657676
2023-09-05,-0.0013190073684671278,0.0013813271979700563,0.002700334566437184
2023-09-06,-0.025476845802475716,-0.021969330139204938,0.003507515663270778
2023-09-07,-0.013648185659675172,-0.013274634535141223,0.00037355112453394887
2023-09-08,0.005989817451912851,0.0062038383889021715,0.00021402093698932086
2023-09-11,0.015047982488685923,0.01334473208131278,-0.0017032504073731438
2023-09-12,-0.02234033277919606,-0.021516048062584652,0.0008242847166114071
2023-09-13,0.0063293932526019845,0.007890706713776098,0.0015613134611741136
2023-09-14,0.04221259127328005,0.03851288129205147,-0.00369970998122858
2023-09-15,-0.032872273534782205,-0.03126466142313838,0.0016076121116438274
2023-09-18,-0.004429093611488033,-0.002353703744819584,0.002075389866668449
2023-09-19,-0.003206308829167251,-0.0014472197369263735,0.0017590890922408776
2023-09-20,-0.025953127077848047,-0.025855933706607,9.719337124104721e-05
2023-09-21,-0.030675972117068226,-0.02586057474772037,0.004815397369347857
2023-09-22,-0.008049686077484377,-0.005053497092569084,0.002996188984915293
2023-09-25,0.015056422536440224,0.0148981461415367,-0.00015827639490352367
2023-09-26,-0.028191650990928026,-0.024990891203074746,0.00320075978785328
2023-09-27,0.009880383148970953,0.01145352396572466,0.001573140816753707
2023-09-28,0.017723780414805015,0.017777086584569172,5.3306169764157085e-05
2023-09-29,-0.028617219850704558,-0.025577444403236657,0.003039775447467901
2023-10-02,0.030769482072242997,0.0394471065006534,0.008677624428410406
2023-10-03,-0.008966231875875051,-0.008743078566322829,0.00022315330955222264
2023-10-04,0.01423706837496971,0.01695824830459759,0.002721179929627879
2023-10-05,-0.026759024518290115,-0.028656367885616832,-0.001897343367326717
2023-10-06,0.025258048511750685,0.025369322422740623,0.00011127391098993827
